batch,op_id,status,ttc_s,difficulty
0,op-70f8631df39f,CONFIRMED,7.405,00
1,op-b4f40494e7e8,CONFIRMED,7.424,00
2,op-30d520834c46,CONFIRMED,7.419,00
3,op-75ef3b1ac114,CONFIRMED,7.419,00
4,op-4c6219cbbc8e,CONFIRMED,7.4,00
5,op-e5c02e98529a,CONFIRMED,7.382,00
6,op-26022be36ecc,CONFIRMED,7.388,00
7,op-3fa965b993cd,CONFIRMED,7.397,00
8,op-006a5bc4d5c4,CONFIRMED,7.377,00
9,op-6f40d260e4fb,CONFIRMED,7.365,00
10,op-760c12e0938e,CONFIRMED,7.355,00
11,op-f25e4f340715,CONFIRMED,7.356,00
12,op-eb15b48668cd,CONFIRMED,7.365,00
13,op-a297c249f8cd,CONFIRMED,7.373,00
14,op-31067a3ac592,CONFIRMED,7.373,00
15,op-fd3f7f83355c,CONFIRMED,7.393,00
16,op-d966ff2c42d0,CONFIRMED,7.391,00
17,op-e1355a8d8f06,CONFIRMED,7.387,00
18,op-8b452df6e4e9,CONFIRMED,7.395,00
19,op-940084148f75,CONFIRMED,7.398,00
20,op-8f2d65361b1b,CONFIRMED,7.397,00
21,op-795c4f65d7db,CONFIRMED,7.408,00
22,op-df85f4fb54b0,CONFIRMED,7.4,00
23,op-fbbdc3269da6,CONFIRMED,7.395,00
24,op-cc1be66bdf07,CONFIRMED,7.413,00
25,op-7b59f34c4823,CONFIRMED,7.424,00
26,op-aaca4ee0812e,CONFIRMED,7.422,00
27,op-2823246503a2,CONFIRMED,7.397,00
28,op-1daab646413b,CONFIRMED,7.401,00
29,op-da463d176273,CONFIRMED,7.414,00
30,op-ac01b40b4803,CONFIRMED,7.389,00
31,op-950872a25256,CONFIRMED,7.38,00
32,op-74fd986f1552,CONFIRMED,7.369,00
33,op-159b678ad3bd,CONFIRMED,7.358,00
34,op-44d8aa12652b,CONFIRMED,7.371,00
35,op-9ee0d4df5aa5,CONFIRMED,7.36,00
36,op-7ef26b0ddadf,CONFIRMED,7.37,00
37,op-b3b62fd2e1dc,CONFIRMED,7.358,00
38,op-7d07e43fe33d,CONFIRMED,7.355,00
39,op-c4a99e4e6137,CONFIRMED,7.353,00
40,op-31c99b82a8da,CONFIRMED,7.352,00
41,op-abaca6dd7cba,CONFIRMED,7.349,00
42,op-3bedc817da92,CONFIRMED,7.363,00
43,op-5088cc1345ac,CONFIRMED,7.344,00
44,op-6a281be3df3d,CONFIRMED,7.36,00
45,op-2de81b4f7173,CONFIRMED,7.37,00
46,op-917eaf131749,CONFIRMED,7.369,00
47,op-ec755266523b,CONFIRMED,7.368,00
48,op-4320b0b2cafa,CONFIRMED,7.357,00
49,op-d428dad8329c,CONFIRMED,7.379,00
50,op-9f8a6e1b216c,CONFIRMED,7.364,00
51,op-f4d5b648fe19,CONFIRMED,7.361,00
52,op-6564d94d6c07,CONFIRMED,7.361,00
53,op-96d4c55f0776,CONFIRMED,7.356,00
54,op-6cb18dbb03ab,CONFIRMED,7.356,00
55,op-50088ec883b1,CONFIRMED,7.381,00
56,op-b214cf0d2f03,CONFIRMED,7.382,00
57,op-0e699e35dee5,CONFIRMED,7.372,00
58,op-2fed08ff2bc1,CONFIRMED,7.381,00
59,op-daa03b8d5ba6,CONFIRMED,7.381,00
60,op-c5df96db53bf,CONFIRMED,7.366,00
61,op-17e522ef1751,CONFIRMED,7.366,00
62,op-14de817a7461,CONFIRMED,7.354,00
63,op-f489d7ad7a96,CONFIRMED,7.353,00
64,op-deca944bfcd2,CONFIRMED,7.351,00
65,op-8f21a213a165,CONFIRMED,7.357,00
66,op-931893a5eefc,CONFIRMED,7.355,00
67,op-d2fd9d16bd77,CONFIRMED,7.36,00
68,op-5b8df62c1bdd,CONFIRMED,7.358,00
69,op-474a30580b75,CONFIRMED,7.368,00
70,op-23faac6729e8,CONFIRMED,7.34,00
71,op-1cb34213c29a,CONFIRMED,7.355,00
72,op-8fc953184c5f,CONFIRMED,7.352,00
73,op-6fe3ea05be3e,CONFIRMED,7.357,00
74,op-8f86b7a80739,CONFIRMED,7.393,00
75,op-2f753f71bcc8,CONFIRMED,7.387,00
76,op-2498469c30d9,CONFIRMED,7.398,00
77,op-86376ba738bb,CONFIRMED,7.394,00
78,op-31cc320a6dad,CONFIRMED,7.365,00
79,op-95853aad13ac,CONFIRMED,7.36,00
80,op-72220f5337ab,CONFIRMED,7.363,00
81,op-0e372573d5bc,CONFIRMED,7.355,00
82,op-6b3a3bcc9c21,CONFIRMED,7.354,00
83,op-3c1f5ac066fe,CONFIRMED,7.336,00
84,op-08fbf8f8e880,CONFIRMED,7.351,00
85,op-8e43444b2c6d,CONFIRMED,7.348,00
86,op-6b1f66fe4842,CONFIRMED,7.347,00
87,op-091fa8b796bd,CONFIRMED,7.343,00
88,op-a3fc5f0f0fbd,CONFIRMED,7.334,00
89,op-69764135ac2d,CONFIRMED,7.324,00
90,op-0e98d960cc51,CONFIRMED,7.323,00
91,op-53c5d94bc850,CONFIRMED,7.321,00
92,op-b0403f94c68a,CONFIRMED,7.326,00
93,op-2809801bbf55,CONFIRMED,7.303,00
94,op-d1e378b25d8f,CONFIRMED,7.293,00
95,op-cbf0ed7766e9,CONFIRMED,7.293,00
96,op-cbf04c4dca5e,CONFIRMED,7.297,00
97,op-7af7176ec3aa,CONFIRMED,7.297,00
98,op-f57951d64c77,CONFIRMED,7.3,00
99,op-3b9170f89e84,CONFIRMED,7.295,00
100,op-9a2061ac7ed5,CONFIRMED,7.297,00
101,op-e7f98623ba69,CONFIRMED,7.288,00
102,op-ea0a82201ccc,CONFIRMED,7.293,00
103,op-3cd713fd3c48,CONFIRMED,7.313,00
104,op-86d6b461886c,CONFIRMED,7.313,00
105,op-2b82d49890b5,CONFIRMED,7.314,00
106,op-adb921ccb249,CONFIRMED,7.316,00
107,op-6149e0a95205,CONFIRMED,7.318,00
108,op-c9eaed85eb85,CONFIRMED,7.321,00
109,op-6a97eeb322e7,CONFIRMED,7.341,00
110,op-1f01eb6e6562,CONFIRMED,7.332,00
111,op-f18c5b0d855f,CONFIRMED,7.323,00
112,op-3ec9c9c197f4,CONFIRMED,7.32,00
113,op-56e6b4e20174,CONFIRMED,7.309,00
114,op-21eef933f5ce,CONFIRMED,7.309,00
115,op-bef77aae5045,CONFIRMED,7.324,00
116,op-d064b84fea98,CONFIRMED,7.325,00
117,op-2e57656a9974,CONFIRMED,7.312,00
118,op-88abd803ec8c,CONFIRMED,7.309,00
119,op-519e9a96000a,CONFIRMED,7.309,00
120,op-a9ee37665378,CONFIRMED,7.306,00
121,op-de15aab9dd02,CONFIRMED,7.317,00
122,op-dc21877aa4fb,CONFIRMED,7.3,00
123,op-b4f62b6d355d,CONFIRMED,7.293,00
124,op-e82cadd43dc4,CONFIRMED,7.292,00
125,op-6c85d7c8d043,CONFIRMED,7.294,00
126,op-ee6fde3fe001,CONFIRMED,7.31,00
127,op-b87cf4b01067,CONFIRMED,7.308,00
128,op-2d3cd6898c05,CONFIRMED,7.307,00
129,op-692227cfe6cb,CONFIRMED,7.319,00
130,op-0a7e86be258c,CONFIRMED,7.328,00
131,op-dd6ef63bfbb8,CONFIRMED,7.314,00
132,op-ecdef28a00f6,CONFIRMED,7.315,00
133,op-43600d3aa01d,CONFIRMED,7.327,00
134,op-b420a9a3820d,CONFIRMED,7.324,00
135,op-937d44a55034,CONFIRMED,7.314,00
136,op-fdab2653c1a4,CONFIRMED,7.322,00
137,op-286487c3844d,CONFIRMED,7.311,00
138,op-bfd71386c7d4,CONFIRMED,7.321,00
139,op-3f212ac31825,CONFIRMED,7.321,00
140,op-72f826a2672b,CONFIRMED,7.316,00
141,op-2b6f8b79fb4e,CONFIRMED,7.306,00
142,op-b5cd793bd5c2,CONFIRMED,7.295,00
143,op-a0151e0c5e8f,CONFIRMED,7.306,00
144,op-451c845b889f,CONFIRMED,7.295,00
145,op-3612d0a92c6f,CONFIRMED,7.306,00
146,op-7f481e9551c7,CONFIRMED,7.315,00
147,op-697214711172,CONFIRMED,7.305,00
148,op-d412c6d54ba5,CONFIRMED,7.308,00
149,op-ae9e6febd5dd,CONFIRMED,7.316,00
150,op-1fc88dae2980,CONFIRMED,7.312,00
151,op-5c9263943927,CONFIRMED,7.321,00
152,op-542a186066b1,CONFIRMED,7.298,00
153,op-31f635949b02,CONFIRMED,7.297,00
154,op-9ccfaed58e9d,CONFIRMED,7.293,00
155,op-7c50853139e5,CONFIRMED,7.284,00
156,op-1be271fd3376,CONFIRMED,7.303,00
157,op-ffb81af2b55b,CONFIRMED,7.296,00
158,op-bd61e3b6d369,CONFIRMED,7.283,00
159,op-b57fcf4f3af4,CONFIRMED,7.294,00
160,op-43382f53e3c7,CONFIRMED,7.301,00
161,op-044b7b69f7aa,CONFIRMED,7.299,00
162,op-5e6c20dddeff,CONFIRMED,7.318,00
163,op-5858754a59f0,CONFIRMED,7.301,00
164,op-e66a849ec73e,CONFIRMED,7.301,00
165,op-475cab84ab39,CONFIRMED,7.286,00
166,op-0b3cf6a5ec16,CONFIRMED,7.296,00
167,op-81b5baf9ac2c,CONFIRMED,7.311,00
168,op-33a6714b873c,CONFIRMED,7.304,00
169,op-1235eca12244,CONFIRMED,7.296,00
170,op-ef73463f067f,CONFIRMED,7.297,00
171,op-2d2ffa2cc20a,CONFIRMED,7.296,00
172,op-45037263e0ec,CONFIRMED,7.288,00
173,op-ccf626f050b5,CONFIRMED,7.298,00
174,op-cda4db69215e,CONFIRMED,7.299,00
175,op-cdf313eae9e4,CONFIRMED,7.292,00
176,op-d151f76abe4a,CONFIRMED,7.293,00
177,op-0f358401ac18,CONFIRMED,7.294,00
178,op-bed7376f00dc,CONFIRMED,7.286,00
179,op-9b4ef7da0ec6,CONFIRMED,7.278,00
180,op-d9e636581c6b,CONFIRMED,7.271,00
181,op-b83a7a1eadf7,CONFIRMED,7.263,00
182,op-3f52f13839bc,CONFIRMED,7.254,00
183,op-5b5fe7980dd6,CONFIRMED,7.256,00
184,op-c4ce519f5ea6,CONFIRMED,7.247,00
185,op-aba8bacce64a,CONFIRMED,7.239,00
186,op-9a1f04239ac2,CONFIRMED,7.234,00
187,op-adbca5793958,CONFIRMED,7.234,00
188,op-e5eada02a04a,CONFIRMED,7.233,00
189,op-a1247889db3e,CONFIRMED,7.224,00
190,op-753380ab02d4,CONFIRMED,7.216,00
191,op-04cd4c1de41f,CONFIRMED,7.206,00
192,op-f5c09c4a2d2e,CONFIRMED,7.198,00
193,op-ac73a0b78a1b,CONFIRMED,7.191,00
194,op-f25d70da07ff,CONFIRMED,7.193,00
195,op-8936056f28bb,CONFIRMED,7.174,00
196,op-41b945c563c5,CONFIRMED,7.184,00
197,op-179c12bc89cd,CONFIRMED,7.186,00
198,op-c21fdc85df10,CONFIRMED,7.168,00
199,op-0621fc9d44b0,CONFIRMED,7.168,00
200,op-96574d08ecdc,CONFIRMED,7.188,00
201,op-09b7219117e6,CONFIRMED,7.189,00
202,op-a53f2bc3f6d2,CONFIRMED,7.168,00
203,op-b02a3db5bd66,CONFIRMED,7.169,00
204,op-bfce9f2fab4d,CONFIRMED,7.153,00
205,op-25e824e1d342,CONFIRMED,7.158,00
206,op-052a0db43cdc,CONFIRMED,7.154,00
207,op-f3fafa461fee,CONFIRMED,7.153,00
208,op-74399098a824,CONFIRMED,7.145,00
209,op-c59b28a9f3e3,CONFIRMED,7.124,00
210,op-d927703a0c4a,CONFIRMED,7.119,00
211,op-e42060f6c152,CONFIRMED,7.139,00
212,op-f047beb0104f,CONFIRMED,7.142,00
213,op-b62f6b54c434,CONFIRMED,7.142,00
214,op-a40a53df728a,CONFIRMED,7.162,00
215,op-82bd72b82b23,CONFIRMED,7.16,00
216,op-43372b204df8,CONFIRMED,7.15,00
217,op-101d958ff952,CONFIRMED,7.144,00
218,op-5170b26dd728,CONFIRMED,7.165,00
219,op-1f391a266269,CONFIRMED,7.163,00
220,op-477773e78d69,CONFIRMED,7.179,00
221,op-23f87a4aab29,CONFIRMED,7.177,00
222,op-058db654d58d,CONFIRMED,7.177,00
223,op-e71be1a8a9e9,CONFIRMED,7.186,00
224,op-9d77f5abc099,CONFIRMED,7.174,00
225,op-8c4d010b0d4d,CONFIRMED,7.174,00
226,op-0142d9c9d646,CONFIRMED,7.183,00
227,op-6419a37e1df3,CONFIRMED,7.177,00
228,op-647ef9915b2e,CONFIRMED,7.156,00
229,op-1e541267e98c,CONFIRMED,7.146,00
230,op-b48d91210042,CONFIRMED,7.121,00
231,op-7528407410ee,CONFIRMED,7.107,00
232,op-47c3be729cb4,CONFIRMED,7.113,00
233,op-ca3fe0ae036f,CONFIRMED,7.12,00
234,op-84e7a34a9242,CONFIRMED,7.111,00
235,op-bbb93f984a78,CONFIRMED,7.092,00
236,op-6444f55fc922,CONFIRMED,7.102,00
237,op-b70a8355208a,CONFIRMED,7.096,00
238,op-7e95de2bd13c,CONFIRMED,7.095,00
239,op-15531db4b2c9,CONFIRMED,7.092,00
240,op-c34775f0ac57,CONFIRMED,7.11,00
241,op-34fa2a9fc042,CONFIRMED,7.087,00
242,op-1ae00e532b22,CONFIRMED,7.081,00
243,op-a8336e51d245,CONFIRMED,7.095,00
244,op-3d803e59b02c,CONFIRMED,7.102,00
245,op-ec64d6071613,CONFIRMED,7.105,00
246,op-a936ce9d7ec9,CONFIRMED,7.085,00
247,op-1ac90750fb22,CONFIRMED,6.981,00
248,op-fb257acc3c69,CONFIRMED,6.97,00
249,op-f50c24f50b7d,CONFIRMED,6.96,00
250,op-9f4e6883b92e,CONFIRMED,6.942,00
251,op-56096a47a19b,CONFIRMED,6.931,00
252,op-f497b1d4f8fa,CONFIRMED,6.925,00
253,op-ba774ec8028f,CONFIRMED,6.907,00
254,op-1730afb4d624,CONFIRMED,6.884,00
255,op-5600e93ca3d7,CONFIRMED,6.897,00
256,op-52065551938d,CONFIRMED,6.896,00
257,op-de298153c55f,CONFIRMED,6.891,00
258,op-d8c69492231c,CONFIRMED,6.889,00
259,op-3ed3fa715753,CONFIRMED,6.892,00
260,op-bb76e3e046dd,CONFIRMED,6.894,00
261,op-661df102949a,CONFIRMED,6.891,00
262,op-8b6d9ac8eb2b,CONFIRMED,6.876,00
263,op-b44bf5cdda2b,CONFIRMED,6.854,00
264,op-5bf3bb5c9d01,CONFIRMED,6.851,00
265,op-9db5b216db49,CONFIRMED,6.849,00
266,op-e4f7d9e90c03,CONFIRMED,6.858,00
267,op-331a19c3bca1,CONFIRMED,6.857,00
268,op-6b8735962542,CONFIRMED,6.855,00
269,op-96234b1476bc,CONFIRMED,6.853,00
270,op-8c50b742df18,CONFIRMED,6.862,00
271,op-6d132f5f2e3b,CONFIRMED,6.854,00
272,op-ac77ccea8287,CONFIRMED,6.847,00
273,op-cabc16122536,CONFIRMED,6.822,00
274,op-20e7e789b0d5,CONFIRMED,6.813,00
275,op-d5021b78feb0,CONFIRMED,6.813,00
276,op-44e432fa432e,CONFIRMED,6.83,00
277,op-8803d43f3677,CONFIRMED,6.835,00
278,op-f1df7a7f669c,CONFIRMED,6.814,00
279,op-822788788573,CONFIRMED,6.796,00
280,op-7500ba6bab6a,CONFIRMED,6.788,00
281,op-b1f3c2a1cfd3,CONFIRMED,6.803,00
282,op-8e6f393b8a06,CONFIRMED,6.806,00
283,op-cb61b2bac8a7,CONFIRMED,6.814,00
284,op-7d369a90f30c,CONFIRMED,6.795,00
285,op-df4406a79d0c,CONFIRMED,6.775,00
286,op-09ec3b1d8436,CONFIRMED,6.796,00
287,op-f52f9950ce10,CONFIRMED,6.807,00
288,op-de617185adb6,CONFIRMED,6.804,00
289,op-32d6ff64a738,CONFIRMED,6.811,00
290,op-f7d271023749,CONFIRMED,6.812,00
291,op-d42f9ccdde9d,CONFIRMED,6.792,00
292,op-dea77bbc32c8,CONFIRMED,6.792,00
293,op-f1908d9a9505,CONFIRMED,6.777,00
294,op-91133eb0bdb2,CONFIRMED,6.778,00
295,op-bb7b2d3fbc16,CONFIRMED,6.762,00
296,op-82726b2b6500,CONFIRMED,6.751,00
297,op-b59a0903d9ce,CONFIRMED,6.759,00
298,op-b68bf656ccfe,CONFIRMED,6.758,00
299,op-f7d61f0abe24,CONFIRMED,6.758,00
300,op-3aa70c06a894,CONFIRMED,6.745,00
301,op-c51d115e6c8d,CONFIRMED,6.721,00
302,op-24680e8e6e5a,CONFIRMED,6.718,00
303,op-0ef4971e4429,CONFIRMED,6.735,00
304,op-c0720f10c170,CONFIRMED,6.743,00
305,op-6ef882671b3e,CONFIRMED,6.752,00
306,op-2463742eaefd,CONFIRMED,6.759,00
307,op-79f4ed88ac27,CONFIRMED,6.757,00
308,op-1fd2014a218a,CONFIRMED,6.735,00
309,op-19e08d521e54,CONFIRMED,6.721,00
310,op-58c09f4ca7df,CONFIRMED,6.697,00
311,op-88e4175667b5,CONFIRMED,6.696,00
312,op-303e87f16fb7,CONFIRMED,6.682,00
313,op-e5d4d93b151c,CONFIRMED,6.658,00
314,op-e2dddcc7d436,CONFIRMED,6.642,00
315,op-37880859b403,CONFIRMED,6.647,00
316,op-b0d38d520f9a,CONFIRMED,6.652,00
317,op-2afa62467735,CONFIRMED,6.649,00
318,op-e05f3a4be54f,CONFIRMED,6.643,00
319,op-57c28d4acd7a,CONFIRMED,6.641,00
320,op-75144b561f75,CONFIRMED,6.639,00
321,op-deafb62048a6,CONFIRMED,6.629,00
322,op-f80ace98ed67,CONFIRMED,6.612,00
323,op-18471ae54788,CONFIRMED,6.596,00
324,op-fb6e6f588fee,CONFIRMED,6.594,00
325,op-ddb0f1b10ac6,CONFIRMED,6.608,00
326,op-809fbd1676c2,CONFIRMED,6.597,00
327,op-e0f84c222612,CONFIRMED,6.604,00
328,op-02f523c9d1d4,CONFIRMED,6.603,00
329,op-e63916f1af97,CONFIRMED,6.619,00
330,op-320af24511a5,CONFIRMED,6.617,00
331,op-f2f051109454,CONFIRMED,6.609,00
332,op-8b8517179169,CONFIRMED,6.612,00
333,op-34724e7035b7,CONFIRMED,6.613,00
334,op-b7826672d9bb,CONFIRMED,6.612,00
335,op-fd0cd8de24a9,CONFIRMED,6.599,00
336,op-d499dcdb0b85,CONFIRMED,6.595,00
337,op-1b877b776ff1,CONFIRMED,6.592,00
338,op-61b2a5adc81c,CONFIRMED,6.589,00
339,op-304b3b8f2d79,CONFIRMED,6.598,00
340,op-2d00d31c51f3,CONFIRMED,6.595,00
341,op-bc94e0411c9b,CONFIRMED,6.611,00
342,op-764a3f76bbc3,CONFIRMED,6.609,00
343,op-c8d13db8e4b3,CONFIRMED,6.622,00
344,op-0d2bf3c9d896,CONFIRMED,6.604,00
345,op-b86084f74d94,CONFIRMED,6.58,00
346,op-21d9844f5c5d,CONFIRMED,6.579,00
347,op-e28425205390,CONFIRMED,6.59,00
348,op-1438b0ca1b89,CONFIRMED,6.572,00
349,op-211005ae61cd,CONFIRMED,6.57,00
350,op-6ab204ab41e2,CONFIRMED,6.569,00
351,op-5b45fb29dfed,CONFIRMED,6.547,00
352,op-f091c83dff59,CONFIRMED,6.546,00
353,op-e6b7939c6ed7,CONFIRMED,6.545,00
354,op-93eab088db37,CONFIRMED,6.524,00
355,op-84969ba8f403,CONFIRMED,6.523,00
356,op-97daeb027ee6,CONFIRMED,6.531,00
357,op-964787597b4a,CONFIRMED,6.537,00
358,op-a3123080c43b,CONFIRMED,6.526,00
359,op-f8690f7da457,CONFIRMED,6.502,00
360,op-c6b5100438d8,CONFIRMED,6.477,00
361,op-b5376247462e,CONFIRMED,6.455,00
362,op-5f4dca67e87c,CONFIRMED,6.452,00
363,op-b8207ce35d45,CONFIRMED,6.471,00
364,op-a5232e463f42,CONFIRMED,6.471,00
365,op-13c458f5d123,CONFIRMED,6.479,00
366,op-745be4ebca24,CONFIRMED,6.479,00
367,op-b67984bec543,CONFIRMED,6.48,00
368,op-952b5f2ad886,CONFIRMED,6.479,00
369,op-27f83cc459c0,CONFIRMED,6.472,00
370,op-b764fc494a9f,CONFIRMED,6.459,00
371,op-a1a3b1a60bdb,CONFIRMED,6.479,00
372,op-82d1e810709a,CONFIRMED,6.478,00
373,op-5b6910a52d99,CONFIRMED,6.493,00
374,op-a160adaf2069,CONFIRMED,6.496,00
375,op-9824dc784616,CONFIRMED,6.473,00
376,op-1a8f695deae5,CONFIRMED,6.472,00
377,op-f5853f782665,CONFIRMED,6.487,00
378,op-4893ded09c05,CONFIRMED,6.477,00
379,op-3e27bcb78982,CONFIRMED,6.493,00
380,op-e94b7c5c304d,CONFIRMED,6.501,00
381,op-b3b4e5fe9e21,CONFIRMED,6.491,00
382,op-24925f5bcb02,CONFIRMED,6.491,00
383,op-f8b453437c74,CONFIRMED,6.502,00
384,op-91beb7acca1f,CONFIRMED,6.5,00
385,op-f35d93628418,CONFIRMED,6.486,00
386,op-7e776c1528b3,CONFIRMED,6.509,00
387,op-25b2c0b4e47c,CONFIRMED,6.516,00
388,op-0f805bf56a0d,CONFIRMED,6.515,00
389,op-3a013e0d1560,CONFIRMED,6.522,00
390,op-09fc8c9c90c2,CONFIRMED,6.527,00
391,op-2f227a2d17b3,CONFIRMED,6.537,00
392,op-88ff7c4886c7,CONFIRMED,6.536,00
393,op-d9a4847a224d,CONFIRMED,6.534,00
394,op-789aef8e1ce6,CONFIRMED,6.531,00
395,op-fd1872db06bd,CONFIRMED,6.531,00
396,op-25104f94a222,CONFIRMED,6.52,00
397,op-abc42b7449bc,CONFIRMED,6.54,00
398,op-0f92bdea6d78,CONFIRMED,6.53,00
399,op-cf8fc8f93dee,CONFIRMED,6.53,00
400,op-6e86ed896d99,CONFIRMED,6.521,00
401,op-46731867f934,CONFIRMED,6.519,00
402,op-d859739e14e4,CONFIRMED,6.532,00
403,op-f13844c629c0,CONFIRMED,6.519,00
404,op-5a74794079f2,CONFIRMED,6.519,00
405,op-c54eb3b82131,CONFIRMED,6.515,00
406,op-498230c86532,CONFIRMED,6.515,00
407,op-f040573a36a3,CONFIRMED,6.504,00
408,op-59d266a88093,CONFIRMED,6.503,00
409,op-9edca6e0bcc1,CONFIRMED,6.485,00
410,op-b4393b941dae,CONFIRMED,6.472,00
411,op-9f5ef4efd592,CONFIRMED,6.48,00
412,op-39538937d3f2,CONFIRMED,6.479,00
413,op-f7b062b04ae5,CONFIRMED,6.493,00
414,op-fe1285ec26f4,CONFIRMED,6.492,00
415,op-1a488ea1c5ad,CONFIRMED,6.481,00
416,op-f024625fb348,CONFIRMED,6.477,00
417,op-a473956798de,CONFIRMED,6.484,00
418,op-8bdba49aee1b,CONFIRMED,6.484,00
419,op-210e808bd171,CONFIRMED,6.499,00
420,op-77cd13a82395,CONFIRMED,6.498,00
421,op-f8c85fac58ad,CONFIRMED,6.496,00
422,op-004c7052077c,CONFIRMED,6.509,00
423,op-1a7c324bc891,CONFIRMED,6.519,00
424,op-970ec91891cb,CONFIRMED,6.509,00
425,op-42cbbc94b6d0,CONFIRMED,6.521,00
426,op-f5cda3cba83d,CONFIRMED,6.52,00
427,op-028293afb72c,CONFIRMED,6.533,00
428,op-b86f85353c9d,CONFIRMED,6.545,00
429,op-426566bbf4bd,CONFIRMED,6.526,00
430,op-47a58d39bb6b,CONFIRMED,6.517,00
431,op-e1a9f026a749,CONFIRMED,6.518,00
432,op-43d1cdf25655,CONFIRMED,6.518,00
433,op-86c1ec1f8f64,CONFIRMED,6.517,00
434,op-0cbb0d98d561,CONFIRMED,6.516,00
435,op-69062aeebacf,CONFIRMED,6.516,00
436,op-500c97ea6c29,CONFIRMED,6.533,00
437,op-7f8a007f557d,CONFIRMED,6.519,00
438,op-f0327deb1318,CONFIRMED,6.517,00
439,op-43bd2563e754,CONFIRMED,6.492,00
440,op-73a97e84299d,CONFIRMED,6.481,00
441,op-81779b9e41cd,CONFIRMED,6.48,00
442,op-aeb52e98ffb3,CONFIRMED,6.479,00
443,op-76a6891690d0,CONFIRMED,6.478,00
444,op-0ba6eb28e753,CONFIRMED,6.481,00
445,op-cddc863267f1,CONFIRMED,6.5,00
446,op-6aea46c9e774,CONFIRMED,6.487,00
447,op-a7379a40aae6,CONFIRMED,6.485,00
448,op-0b812644536d,CONFIRMED,6.473,00
449,op-c0dc98f874f0,CONFIRMED,6.47,00
450,op-23b094bfcef6,CONFIRMED,6.479,00
451,op-75de8ad41091,CONFIRMED,6.486,00
452,op-a236da2af555,CONFIRMED,6.494,00
453,op-b053960f28b1,CONFIRMED,6.494,00
454,op-81bdb62ec966,CONFIRMED,6.478,00
455,op-f13e86cbbaf0,CONFIRMED,6.493,00
456,op-648b99f9e726,CONFIRMED,6.483,00
457,op-26b066cf507b,CONFIRMED,6.477,00
458,op-0f8883c8767f,CONFIRMED,6.484,00
459,op-ee5c98dd236e,CONFIRMED,6.458,00
460,op-d3e53f5977f3,CONFIRMED,6.455,00
461,op-fbdb17814fde,CONFIRMED,6.462,00
462,op-85455e1cd1ff,CONFIRMED,6.444,00
463,op-6f4cb7812ec8,CONFIRMED,6.441,00
464,op-1035b106c84b,CONFIRMED,6.425,00
465,op-f080f4143cb8,CONFIRMED,6.398,00
466,op-f2f3e35cf1b6,CONFIRMED,6.398,00
467,op-63dca2db74b7,CONFIRMED,6.408,00
468,op-9e3001ca1c1b,CONFIRMED,6.41,00
469,op-18ff424f5cc0,CONFIRMED,6.412,00
470,op-dc09847482eb,CONFIRMED,6.413,00
471,op-3ecd49725769,CONFIRMED,6.402,00
472,op-e9902abddacf,CONFIRMED,6.414,00
473,op-c232e42aebee,CONFIRMED,6.414,00
474,op-3a48881c8ee0,CONFIRMED,6.406,00
475,op-1ed920b67807,CONFIRMED,6.406,00
476,op-2392cdf6b2f8,CONFIRMED,6.391,00
477,op-9b4d59c0a24b,CONFIRMED,6.387,00
478,op-3f6a1436a1e5,CONFIRMED,6.386,00
479,op-a06b7ca4bad3,CONFIRMED,6.317,00
480,op-163db0011e63,CONFIRMED,6.327,00
481,op-1fe708c2932f,CONFIRMED,6.32,00
482,op-5081bf2baef9,CONFIRMED,6.321,00
483,op-b6ea826a2a15,CONFIRMED,6.307,00
484,op-3ec5eeffcc31,CONFIRMED,6.299,00
485,op-73977a53fb8a,CONFIRMED,6.291,00
486,op-486fb209408e,CONFIRMED,6.312,00
487,op-43faf529fc7e,CONFIRMED,6.291,00
488,op-5526f841b14d,CONFIRMED,6.309,00
489,op-3980b611b620,CONFIRMED,6.318,00
490,op-559a9e783373,CONFIRMED,6.327,00
491,op-786286b6aad0,CONFIRMED,6.338,00
492,op-b5667648c6db,CONFIRMED,6.36,00
493,op-1510008aa6da,CONFIRMED,6.37,00
494,op-900fa39b0eb0,CONFIRMED,6.38,00
495,op-6f2f01bc985d,CONFIRMED,6.368,00
496,op-6b4337be4136,CONFIRMED,6.377,00
497,op-ac912e7af579,CONFIRMED,6.388,00
498,op-7d960b6a2e2b,CONFIRMED,6.368,00
499,op-765cf2e01283,CONFIRMED,6.388,00
500,op-62ea9d18d97f,CONFIRMED,6.676,00
501,op-222128156819,CONFIRMED,6.685,00
502,op-d3874ca3ab0c,CONFIRMED,6.683,00
503,op-20ca39a5da5c,CONFIRMED,6.705,00
504,op-c40632a798f7,CONFIRMED,6.68,00
505,op-7af1f841d08b,CONFIRMED,6.679,00
506,op-f4bb01239802,CONFIRMED,6.677,00
507,op-2f4d7a9d6f65,CONFIRMED,6.685,00
508,op-3ca95ff2e1ae,CONFIRMED,6.685,00
509,op-f251941584f8,CONFIRMED,6.692,00
510,op-c197b769b536,CONFIRMED,6.701,00
511,op-3999d1124165,CONFIRMED,6.692,00
512,op-db0077f003e7,CONFIRMED,6.701,00
513,op-c781d187e05c,CONFIRMED,6.694,00
514,op-daa839485d48,CONFIRMED,6.715,00
515,op-41d0b621a8e4,CONFIRMED,6.713,00
516,op-8d447f47890d,CONFIRMED,6.724,00
517,op-2951ce4baf02,CONFIRMED,6.733,00
518,op-13d8d35679cd,CONFIRMED,6.741,00
519,op-d445422ad756,CONFIRMED,6.75,00
520,op-f6a1da04b25c,CONFIRMED,6.75,00
521,op-fcee89d6f675,CONFIRMED,6.756,00
522,op-9282158b810c,CONFIRMED,6.755,00
523,op-a2872f0f8e04,CONFIRMED,6.754,00
524,op-ae0da11b1c84,CONFIRMED,6.739,00
525,op-784fea76312c,CONFIRMED,6.737,00
526,op-fa1e7eeca2f6,CONFIRMED,6.757,00
527,op-19a4cee9752d,CONFIRMED,6.755,00
528,op-4195dd74999c,CONFIRMED,6.734,00
529,op-67dfcf5c0dc5,CONFIRMED,6.749,00
530,op-0d8933a14f45,CONFIRMED,6.748,00
531,op-d6e5123c5577,CONFIRMED,6.768,00
532,op-81dfe0bba700,CONFIRMED,6.749,00
533,op-c8099c0cc3b3,CONFIRMED,6.748,00
534,op-cbe100d582a1,CONFIRMED,6.747,00
535,op-18c0ebdae138,CONFIRMED,6.748,00
536,op-a8ba79b941c3,CONFIRMED,6.747,00
537,op-613679248463,CONFIRMED,6.746,00
538,op-9ba96e68bf6e,CONFIRMED,6.747,00
539,op-f626db8256d4,CONFIRMED,6.746,00
540,op-731862c94ea8,CONFIRMED,6.762,00
541,op-015e9baeb00e,CONFIRMED,6.761,00
542,op-3cfd51a3625a,CONFIRMED,6.772,00
543,op-6cbc8eb3e290,CONFIRMED,6.757,00
544,op-dc5f444056b3,CONFIRMED,6.755,00
545,op-e6d7cbd2c8dc,CONFIRMED,6.756,00
546,op-7becfdca9a57,CONFIRMED,6.757,00
547,op-184a121af8dc,CONFIRMED,6.76,00
548,op-4a2761e75102,CONFIRMED,6.748,00
549,op-2e4678814e34,CONFIRMED,6.749,00
550,op-9eea0f2ab14e,CONFIRMED,6.754,00
551,op-66c9eff58f01,CONFIRMED,6.752,00
552,op-7aecab765773,CONFIRMED,6.751,00
553,op-57e5f8a049a8,CONFIRMED,6.738,00
554,op-1fd1f6a08249,CONFIRMED,6.714,00
555,op-230ecf4ae3ec,CONFIRMED,6.711,00
556,op-24af63ba3b31,CONFIRMED,6.71,00
557,op-f73d2517ce1c,CONFIRMED,6.715,00
558,op-32489bb304c3,CONFIRMED,6.713,00
559,op-cbb44596f541,CONFIRMED,6.729,00
560,op-38a7d7e06d4a,CONFIRMED,6.727,00
561,op-1aa927614045,CONFIRMED,6.724,00
562,op-bad86ddad5c6,CONFIRMED,6.72,00
563,op-e3513c494642,CONFIRMED,6.719,00
564,op-1993fca314e9,CONFIRMED,6.709,00
565,op-be9e00fe0f06,CONFIRMED,6.718,00
566,op-514d620f1040,CONFIRMED,6.716,00
567,op-64aab184ee46,CONFIRMED,6.712,00
568,op-3e379abbdf77,CONFIRMED,6.688,00
569,op-4f3a0de761be,CONFIRMED,6.678,00
570,op-49ff38ecf4c2,CONFIRMED,6.696,00
571,op-2622bdaa122b,CONFIRMED,6.689,00
572,op-060e8e353f7a,CONFIRMED,6.689,00
573,op-d9ebf6748ee6,CONFIRMED,6.69,00
574,op-f3e293918a0a,CONFIRMED,6.703,00
575,op-a3181f3d1eeb,CONFIRMED,6.709,00
576,op-c9ce1f61a0d9,CONFIRMED,6.716,00
577,op-22704fe4ef26,CONFIRMED,6.703,00
578,op-e4beb12cd9c6,CONFIRMED,6.702,00
579,op-c69aa183934f,CONFIRMED,6.701,00
580,op-35954e6e6307,CONFIRMED,6.709,00
581,op-c61ea55165cd,CONFIRMED,6.718,00
582,op-beb8d59318a0,CONFIRMED,6.706,00
583,op-9737b86c99ed,CONFIRMED,6.715,00
584,op-25698e9a2291,CONFIRMED,6.698,00
585,op-b6f5992385c3,CONFIRMED,6.698,00
586,op-a07f21dc94e1,CONFIRMED,6.681,00
587,op-727478cd8141,CONFIRMED,6.701,00
588,op-e5c343cd6ac1,CONFIRMED,6.691,00
589,op-3cc25db5b86a,CONFIRMED,6.691,00
590,op-a296d7810866,CONFIRMED,6.699,00
591,op-7755aa100ac6,CONFIRMED,6.702,00
592,op-ea084f331432,CONFIRMED,6.703,00
593,op-85d6eb567462,CONFIRMED,6.703,00
594,op-f573fabfc85a,CONFIRMED,6.714,00
595,op-5d23f9fff077,CONFIRMED,6.713,00
596,op-e7b3b5fb783d,CONFIRMED,6.713,00
597,op-50f273446cc8,CONFIRMED,6.713,00
598,op-c65e26be4736,CONFIRMED,6.731,00
599,op-120d61372ca0,CONFIRMED,6.652,00
600,op-1e3299751563,CONFIRMED,6.662,00
601,op-ae3837d6c8c3,CONFIRMED,6.65,00
602,op-9791a399aeac,CONFIRMED,6.625,00
603,op-092e3936d42e,CONFIRMED,6.623,00
604,op-4a1478a0697e,CONFIRMED,6.642,00
605,op-e5ad2461be91,CONFIRMED,6.622,00
606,op-df3ca60e57c3,CONFIRMED,6.641,00
607,op-2e474e69799e,CONFIRMED,6.633,00
608,op-f535d532c56b,CONFIRMED,6.633,00
609,op-a2f3115ee995,CONFIRMED,6.644,00
610,op-cf62d4e0077a,CONFIRMED,6.646,00
611,op-8d4803ed46c3,CONFIRMED,6.649,00
612,op-33dc9dc9b1ce,CONFIRMED,6.641,00
613,op-e9356bbadd5d,CONFIRMED,6.64,00
614,op-b3edfa8f0cb8,CONFIRMED,6.64,00
615,op-dcd45857a2c2,CONFIRMED,6.622,00
616,op-932af1ebb265,CONFIRMED,6.629,00
617,op-3bd5b3080edf,CONFIRMED,6.637,00
618,op-6bec58d3bc6d,CONFIRMED,6.618,00
619,op-4d8cd936a070,CONFIRMED,6.593,00
620,op-92ef6d9309d2,CONFIRMED,6.591,00
621,op-38c4d74b4559,CONFIRMED,6.577,00
622,op-640239cd91b4,CONFIRMED,6.577,00
623,op-d98264b58e89,CONFIRMED,6.588,00
624,op-c89f8d028ca7,CONFIRMED,6.603,00
625,op-e323e35c030c,CONFIRMED,6.61,00
626,op-b8ba6e52c89a,CONFIRMED,6.606,00
627,op-c645ddc05389,CONFIRMED,6.585,00
628,op-13f57a86c179,CONFIRMED,6.583,00
629,op-09f338139cef,CONFIRMED,6.566,00
630,op-b3131f2cd0e8,CONFIRMED,6.558,00
631,op-6ac035822599,CONFIRMED,6.557,00
632,op-d84e4aa94ae1,CONFIRMED,6.542,00
633,op-e54c98f68c68,CONFIRMED,6.551,00
634,op-c4ac53eb5108,CONFIRMED,6.551,00
635,op-e9504cae95ca,CONFIRMED,6.551,00
636,op-21a399ef3f15,CONFIRMED,6.55,00
637,op-f8a9d80e32ab,CONFIRMED,6.567,00
638,op-a8b1fe37c3eb,CONFIRMED,6.574,00
639,op-596f38e2dd4a,CONFIRMED,6.565,00
640,op-981b141a269b,CONFIRMED,6.559,00
641,op-9d334ddd2a47,CONFIRMED,6.533,00
642,op-b79ae1d72d4f,CONFIRMED,6.549,00
643,op-750e0cd76cfe,CONFIRMED,6.535,00
644,op-35ed8b2940f1,CONFIRMED,6.529,00
645,op-aa33dbb81d7f,CONFIRMED,6.529,00
646,op-4b1fc3bca9dc,CONFIRMED,6.538,00
647,op-ddb456d25c02,CONFIRMED,6.52,00
648,op-0547b7bc16de,CONFIRMED,6.53,00
649,op-fcba0128feb0,CONFIRMED,6.531,00
650,op-bc507ab8f18c,CONFIRMED,6.529,00
651,op-f8c1baa045b5,CONFIRMED,6.513,00
652,op-d6f7ad49550d,CONFIRMED,6.511,00
653,op-d4188b12ddac,CONFIRMED,6.511,00
654,op-2d6f34755b93,CONFIRMED,6.511,00
655,op-475c9cccf0f9,CONFIRMED,6.506,00
656,op-d7351c06e663,CONFIRMED,6.528,00
657,op-271fba303b62,CONFIRMED,6.525,00
658,op-eef58470092c,CONFIRMED,6.522,00
659,op-917f25b46fde,CONFIRMED,6.52,00
660,op-6fc598fa6cca,CONFIRMED,6.516,00
661,op-b1faf257bb46,CONFIRMED,6.531,00
662,op-e09e269fbb1a,CONFIRMED,6.52,00
663,op-7e2f9168da0a,CONFIRMED,6.513,00
664,op-4e0004813764,CONFIRMED,6.511,00
665,op-682f2954d7bd,CONFIRMED,6.496,00
666,op-a9c96b0590a2,CONFIRMED,6.508,00
667,op-7c4782e9c2a7,CONFIRMED,6.515,00
668,op-af85af8ffa11,CONFIRMED,6.515,00
669,op-66724f23192a,CONFIRMED,6.51,00
670,op-36d92153fab5,CONFIRMED,6.51,00
671,op-e48a3f364d48,CONFIRMED,6.5,00
672,op-30dcf525a089,CONFIRMED,6.5,00
673,op-e1b9e5b0756c,CONFIRMED,6.499,00
674,op-80490642f463,CONFIRMED,6.5,00
675,op-6197b8a3cdc8,CONFIRMED,6.488,00
676,op-04c57e46e8a5,CONFIRMED,6.503,00
677,op-b02c9ff9c905,CONFIRMED,6.51,00
678,op-943d2294d552,CONFIRMED,6.518,00
679,op-3fd5efb7969d,CONFIRMED,6.529,00
680,op-e97b235ec677,CONFIRMED,6.538,00
681,op-980cd2371f2c,CONFIRMED,6.541,00
682,op-9d2861b478fe,CONFIRMED,6.541,00
683,op-c6d56f53b3ed,CONFIRMED,6.494,00
684,op-e92b52957378,CONFIRMED,6.502,00
685,op-aad095de5424,CONFIRMED,6.493,00
686,op-edf73c3f57e6,CONFIRMED,6.491,00
687,op-22973690dc8b,CONFIRMED,6.481,00
688,op-5ced74349b7d,CONFIRMED,6.481,00
689,op-c5af94f599b8,CONFIRMED,6.479,00
690,op-e610a227336d,CONFIRMED,6.47,00
691,op-eac96d21b35b,CONFIRMED,6.466,00
692,op-32e1e41928f2,CONFIRMED,6.465,00
693,op-35452c8e25ac,CONFIRMED,6.462,00
694,op-925373acd123,CONFIRMED,6.46,00
695,op-6bb8a70dfd38,CONFIRMED,6.437,00
696,op-48113af7f9e9,CONFIRMED,6.425,00
697,op-d4a9b0f35304,CONFIRMED,6.425,00
698,op-b1f92ee7ab03,CONFIRMED,6.426,00
699,op-7a6ed4306fdc,CONFIRMED,6.425,00
700,op-13198ca4466b,CONFIRMED,6.408,00
701,op-aec7761bcab2,CONFIRMED,6.399,00
702,op-63d5eb77bb25,CONFIRMED,6.389,00
703,op-fc4ad1ab82f7,CONFIRMED,6.388,00
704,op-66e4e10e42cb,CONFIRMED,6.386,00
705,op-0da7b268450e,CONFIRMED,6.401,00
706,op-ef1f66f15e0c,CONFIRMED,6.394,00
707,op-d1e441c45e4f,CONFIRMED,6.368,00
708,op-32d0b304d3c2,CONFIRMED,6.387,00
709,op-25e27102a1e1,CONFIRMED,6.377,00
710,op-ab5340322207,CONFIRMED,6.384,00
711,op-5cb834363617,CONFIRMED,6.377,00
712,op-14f83fcafb33,CONFIRMED,6.375,00
713,op-1139e13ebf92,CONFIRMED,6.392,00
714,op-0a19386a15a0,CONFIRMED,6.386,00
715,op-3ea57c9a6dce,CONFIRMED,6.404,00
716,op-00b1c16afc11,CONFIRMED,6.394,00
717,op-4cd275d1c0b4,CONFIRMED,6.37,00
718,op-3a589559067c,CONFIRMED,6.346,00
719,op-e012210383e4,CONFIRMED,6.345,00
720,op-a49e4b470660,CONFIRMED,6.352,00
721,op-e772da22c46d,CONFIRMED,6.359,00
722,op-179154acfa08,CONFIRMED,6.346,00
723,op-502a9e05871b,CONFIRMED,6.335,00
724,op-1310a1a9ff75,CONFIRMED,6.322,00
725,op-c9f661b1dc32,CONFIRMED,6.337,00
726,op-17eb72e9bdfa,CONFIRMED,6.326,00
727,op-1672d3a64616,CONFIRMED,6.32,00
728,op-3e7da927ef21,CONFIRMED,6.319,00
729,op-7ddfe7eddd6d,CONFIRMED,6.301,00
730,op-39fce78b698b,CONFIRMED,6.292,00
731,op-02aa82f06b86,CONFIRMED,6.296,00
732,op-8566f9fca3a2,CONFIRMED,6.295,00
733,op-58bb28601f54,CONFIRMED,6.304,00
734,op-bb6a99c834d0,CONFIRMED,6.302,00
735,op-1f8017bd4b97,CONFIRMED,6.318,00
736,op-39652d256d50,CONFIRMED,6.326,00
737,op-3c7a9551d0cc,CONFIRMED,6.327,00
738,op-077884037f8c,CONFIRMED,6.316,00
739,op-879094bd84a3,CONFIRMED,6.327,00
740,op-e014eb5452f1,CONFIRMED,6.326,00
741,op-671faa73f726,CONFIRMED,6.324,00
742,op-d5f0e05217fa,CONFIRMED,6.331,00
743,op-a4de6b984a64,CONFIRMED,6.332,00
744,op-dff9a4dfc029,CONFIRMED,6.321,00
745,op-8f75c973362c,CONFIRMED,6.318,00
746,op-38f1a9fd8f38,CONFIRMED,6.309,00
747,op-a9cf6b2bc91e,CONFIRMED,6.328,00
748,op-15e3aecfb227,CONFIRMED,6.337,00
749,op-0e3f9bbd0653,CONFIRMED,6.345,00
750,op-88cb22cee985,CONFIRMED,6.328,00
751,op-a5361ebe6acd,CONFIRMED,6.343,00
752,op-014e62396487,CONFIRMED,6.326,00
753,op-fd00d97f43fe,CONFIRMED,6.325,00
754,op-e718f4b7edc8,CONFIRMED,6.323,00
755,op-cc81640d6cc5,CONFIRMED,6.319,00
756,op-b9823eaba8d8,CONFIRMED,6.318,00
757,op-5144a9d21db9,CONFIRMED,6.338,00
758,op-34241077581f,CONFIRMED,6.332,00
759,op-c9805d3b2fee,CONFIRMED,6.318,00
760,op-34f76b4ba4c7,CONFIRMED,6.327,00
761,op-d7178d94c191,CONFIRMED,6.327,00
762,op-2db67f004568,CONFIRMED,6.333,00
763,op-99e5abe01c42,CONFIRMED,6.325,00
764,op-66d72d13e307,CONFIRMED,6.344,00
765,op-f5c5895f2000,CONFIRMED,6.323,00
766,op-19956ec32ce2,CONFIRMED,6.344,00
767,op-e13abf367cf4,CONFIRMED,6.335,00
768,op-104c6e62c3b2,CONFIRMED,6.344,00
769,op-86be93c435be,CONFIRMED,6.328,00
770,op-63a9b3c8ee83,CONFIRMED,6.328,00
771,op-14383e23d6f0,CONFIRMED,6.319,00
772,op-69ad91089722,CONFIRMED,6.32,00
773,op-6076fe031650,CONFIRMED,6.337,00
774,op-0e197001a0e9,CONFIRMED,6.334,00
775,op-8420fc1ab298,CONFIRMED,6.345,00
776,op-b512e4bb2613,CONFIRMED,6.345,00
777,op-52345d980a35,CONFIRMED,6.346,00
778,op-b9a099440464,CONFIRMED,6.358,00
779,op-81d19e2420f4,CONFIRMED,6.358,00
780,op-cc407724fb42,CONFIRMED,6.347,00
781,op-49cb5ba9417d,CONFIRMED,6.348,00
782,op-2562e3e2bf14,CONFIRMED,6.348,00
783,op-bbbff2f8c785,CONFIRMED,6.343,00
784,op-b93d789af8e3,CONFIRMED,6.342,00
785,op-4f39195a5c72,CONFIRMED,6.359,00
786,op-5042d7cf178b,CONFIRMED,6.369,00
787,op-0e037561a54d,CONFIRMED,6.369,00
788,op-42f3372fbd9e,CONFIRMED,6.378,00
789,op-e8292b068696,CONFIRMED,6.388,00
790,op-070cacb037d1,CONFIRMED,6.384,00
791,op-2d02dc8f1428,CONFIRMED,6.395,00
792,op-ce14530dc36b,CONFIRMED,6.387,00
793,op-16b2a5509cb8,CONFIRMED,6.376,00
794,op-4f1d0ac6bb84,CONFIRMED,6.391,00
795,op-00aa52ab475e,CONFIRMED,6.393,00
796,op-60fa73194905,CONFIRMED,6.393,00
797,op-ab81996420cd,CONFIRMED,6.393,00
798,op-79073b8564b3,CONFIRMED,6.404,00
799,op-a4c41c7087d8,CONFIRMED,6.396,00
800,op-44fbebe26075,CONFIRMED,6.397,00
801,op-7cef1c1a38b9,CONFIRMED,6.397,00
802,op-dde3bbe8fa78,CONFIRMED,6.397,00
803,op-f20314049ecb,CONFIRMED,6.397,00
804,op-5653171dd836,CONFIRMED,6.415,00
805,op-118c8c79b74a,CONFIRMED,6.415,00
806,op-b8fc411edacc,CONFIRMED,6.42,00
807,op-c5466d7f4ffd,CONFIRMED,6.406,00
808,op-32ef2ab6f0dd,CONFIRMED,6.407,00
809,op-dba812e1bdab,CONFIRMED,6.4,00
810,op-5e9ce7273848,CONFIRMED,6.409,00
811,op-d653c4c6935b,CONFIRMED,6.399,00
812,op-876c6a8841bb,CONFIRMED,6.408,00
813,op-79aa3933efeb,CONFIRMED,6.417,00
814,op-fcf1152dd597,CONFIRMED,6.427,00
815,op-dd4d1dfdb609,CONFIRMED,6.415,00
816,op-4b0f7e1bf8dc,CONFIRMED,6.414,00
817,op-8f1ca3d28c51,CONFIRMED,6.433,00
818,op-4495dd4e381d,CONFIRMED,6.443,00
819,op-4725ef2bee5f,CONFIRMED,6.43,00
820,op-aa6724bf0571,CONFIRMED,6.42,00
821,op-06db10842c03,CONFIRMED,6.418,00
822,op-0436d7a61592,CONFIRMED,6.41,00
823,op-564fd261f30f,CONFIRMED,6.408,00
824,op-3d539c23dcad,CONFIRMED,6.422,00
825,op-f7d6b1b31398,CONFIRMED,6.403,00
826,op-fb8acc59765a,CONFIRMED,6.402,00
827,op-c1bc9d44666b,CONFIRMED,6.401,00
828,op-56e1f6f32ee0,CONFIRMED,6.402,00
829,op-6009ca575d2b,CONFIRMED,6.401,00
830,op-06c65f2cb1a1,CONFIRMED,6.4,00
831,op-bfa387f8ae1f,CONFIRMED,6.396,00
832,op-86a10fd217d2,CONFIRMED,6.377,00
833,op-4b3f59286159,CONFIRMED,6.384,00
834,op-869c106cd67a,CONFIRMED,6.383,00
835,op-6f5bbd2acd21,CONFIRMED,6.395,00
836,op-3fcc845738f6,CONFIRMED,6.394,00
837,op-2c400473bc82,CONFIRMED,6.414,00
838,op-90684e8d73a8,CONFIRMED,6.395,00
839,op-2a8ceaad3d7c,CONFIRMED,6.4,00
840,op-7d7502751e37,CONFIRMED,6.411,00
841,op-62327256f4fa,CONFIRMED,6.413,00
842,op-134437c01f51,CONFIRMED,6.402,00
843,op-56e1d24c3794,CONFIRMED,6.408,00
844,op-ceed99fd69bf,CONFIRMED,6.392,00
845,op-23cdac4ebaa4,CONFIRMED,6.394,00
846,op-b3252d798233,CONFIRMED,6.375,00
847,op-8dd8da6c653c,CONFIRMED,6.372,00
848,op-bad43e31c0e1,CONFIRMED,6.37,00
849,op-c29c7cc7ca27,CONFIRMED,6.349,00
850,op-cc64217d5d3b,CONFIRMED,6.339,00
851,op-dda8184e6fe7,CONFIRMED,6.34,00
852,op-a0b10dba110e,CONFIRMED,6.34,00
853,op-c58d517b0452,CONFIRMED,6.36,00
854,op-aa2f44a5268d,CONFIRMED,6.368,00
855,op-e81ab703b23f,CONFIRMED,6.366,00
856,op-50cb89d21ba6,CONFIRMED,6.37,00
857,op-6147e0a71c0b,CONFIRMED,6.371,00
858,op-e766be501613,CONFIRMED,6.37,00
859,op-70a3f2f5d224,CONFIRMED,6.359,00
860,op-5bc2f2bb582b,CONFIRMED,6.371,00
861,op-430a0f13e9dc,CONFIRMED,6.369,00
862,op-ca1e6185a212,CONFIRMED,6.368,00
863,op-a0f5afa6fe1c,CONFIRMED,6.383,00
864,op-e49225d893d0,CONFIRMED,6.371,00
865,op-7d1be7ecee07,CONFIRMED,6.372,00
866,op-558b2073dc82,CONFIRMED,6.359,00
867,op-824445b5daa6,CONFIRMED,6.347,00
868,op-dd55e37f18ac,CONFIRMED,6.345,00
869,op-294f113e1fe5,CONFIRMED,6.342,00
870,op-831acd710387,CONFIRMED,6.343,00
871,op-e5657f74aaba,CONFIRMED,6.357,00
872,op-df253ea4bde8,CONFIRMED,6.355,00
873,op-482b62b87723,CONFIRMED,6.365,00
874,op-c315de52a641,CONFIRMED,6.374,00
875,op-5bf6be1f27c5,CONFIRMED,6.383,00
876,op-8af3ca18111e,CONFIRMED,6.392,00
877,op-5c333a201bca,CONFIRMED,6.375,00
878,op-7f70dce439cd,CONFIRMED,6.373,00
879,op-b52a16459a20,CONFIRMED,6.369,00
880,op-854a01701492,CONFIRMED,6.369,00
881,op-23c64cbb6794,CONFIRMED,6.361,00
882,op-eec50f1d03e9,CONFIRMED,6.359,00
883,op-359dd45787a5,CONFIRMED,6.354,00
884,op-09d89e112d0a,CONFIRMED,6.357,00
885,op-27e81be20866,CONFIRMED,6.353,00
886,op-dee8c6618f3c,CONFIRMED,6.343,00
887,op-db4ad4657068,CONFIRMED,6.354,00
888,op-daf5b4e0b226,CONFIRMED,6.353,00
889,op-f7e645e936da,CONFIRMED,6.334,00
890,op-be7368e4dd35,CONFIRMED,6.353,00
891,op-b37fc14d1058,CONFIRMED,6.331,00
892,op-3f8843c0154a,CONFIRMED,6.342,00
893,op-0f14c3c71413,CONFIRMED,6.351,00
894,op-6be9bce571dd,CONFIRMED,6.332,00
895,op-7462856fa8e5,CONFIRMED,6.351,00
896,op-0de8177ba90d,CONFIRMED,6.33,00
897,op-ca175d653b19,CONFIRMED,6.32,00
898,op-860a9780ecc1,CONFIRMED,6.326,00
899,op-a3cc8bab5bc0,CONFIRMED,6.329,00
900,op-f3b0831083b7,CONFIRMED,6.329,00
901,op-550295e71972,CONFIRMED,6.337,00
902,op-4c15e3914e51,CONFIRMED,6.346,00
903,op-37fc8a795f45,CONFIRMED,6.329,00
904,op-2ada2642c8c0,CONFIRMED,6.35,00
905,op-2ec6690ab7ae,CONFIRMED,6.36,00
906,op-84e260dbd070,CONFIRMED,6.369,00
907,op-59c959c31138,CONFIRMED,6.367,00
908,op-8013a581cb2c,CONFIRMED,6.387,00
909,op-abb1a9205931,CONFIRMED,6.387,00
910,op-2c5efef8726d,CONFIRMED,6.407,00
911,op-b4bd82cd6c4d,CONFIRMED,6.416,00
912,op-82232acd6900,CONFIRMED,6.426,00
913,op-262578198af7,CONFIRMED,6.408,00
914,op-11cc5dcdb8d2,CONFIRMED,6.428,00
915,op-8bc85a884db0,CONFIRMED,6.408,00
916,op-8f88fa4e5e7a,CONFIRMED,6.4,00
917,op-2987d6fe9734,CONFIRMED,6.399,00
918,op-8ae198b9bfd3,CONFIRMED,6.397,00
919,op-3ad8ce349e35,CONFIRMED,6.38,00
920,op-681165b328f7,CONFIRMED,6.397,00
921,op-8f259facdaa5,CONFIRMED,6.406,00
922,op-abe42ac6059b,CONFIRMED,6.405,00
923,op-f80c26097446,CONFIRMED,6.382,00
924,op-4af17efbfc0b,CONFIRMED,6.374,00
925,op-282491f13f51,CONFIRMED,6.372,00
926,op-5712d00c7773,CONFIRMED,6.352,00
927,op-01ea90254a2d,CONFIRMED,6.341,00
928,op-cc9acab54f00,CONFIRMED,6.33,00
929,op-9f00a5a18ff9,CONFIRMED,6.305,00
930,op-41450b7d46b7,CONFIRMED,6.305,00
931,op-8c664c2016c0,CONFIRMED,6.303,00
932,op-6f2fada08437,CONFIRMED,6.322,00
933,op-778c0c7520ac,CONFIRMED,6.33,00
934,op-150ee8fb2c58,CONFIRMED,6.339,00
935,op-0fa3b1ba5586,CONFIRMED,6.347,00
936,op-7dc5d3642865,CONFIRMED,6.346,00
937,op-03a1b17c9993,CONFIRMED,6.361,00
938,op-38cfe6d863b4,CONFIRMED,6.37,00
939,op-1b7adf6c3fc6,CONFIRMED,6.37,00
940,op-895149f9fec8,CONFIRMED,6.369,00
941,op-e515b34f4cd3,CONFIRMED,6.387,00
942,op-4d376af8f4fc,CONFIRMED,6.394,00
943,op-ccfd15fd1a02,CONFIRMED,6.398,00
944,op-65400e2f0aeb,CONFIRMED,6.376,00
945,op-6dc8178766e2,CONFIRMED,6.388,00
946,op-9a057ba8eead,CONFIRMED,6.387,00
947,op-9136d6e3d9cb,CONFIRMED,6.386,00
948,op-39d828d0c883,CONFIRMED,6.385,00
949,op-97200b6b63db,CONFIRMED,6.388,00
950,op-d817dc1f3e0a,CONFIRMED,6.377,00
951,op-d44b67066b61,CONFIRMED,6.376,00
952,op-adc447841747,CONFIRMED,6.391,00
953,op-59a92106bc40,CONFIRMED,6.377,00
954,op-e9ef669df55d,CONFIRMED,6.394,00
955,op-049b316e868e,CONFIRMED,6.396,00
956,op-c1014fe70191,CONFIRMED,6.387,00
957,op-fe1b3eefb2fc,CONFIRMED,6.379,00
958,op-2ec1cef071dc,CONFIRMED,6.387,00
959,op-afe4f1e32346,CONFIRMED,6.388,00
960,op-e6636e951d6f,CONFIRMED,6.389,00
961,op-ba0214816418,CONFIRMED,6.369,00
962,op-a500de96ee50,CONFIRMED,6.357,00
963,op-887555dae075,CONFIRMED,6.356,00
964,op-2b77afe41c36,CONFIRMED,6.356,00
965,op-286a3de830d4,CONFIRMED,6.357,00
966,op-1f575e686a4d,CONFIRMED,6.337,00
967,op-67341fe33c10,CONFIRMED,6.35,00
968,op-0cd4d9c7eb95,CONFIRMED,6.349,00
969,op-ef44a93aaf32,CONFIRMED,6.348,00
970,op-191987a63bb6,CONFIRMED,6.361,00
971,op-a59d6fb4df15,CONFIRMED,6.343,00
972,op-0c16db0627e0,CONFIRMED,6.342,00
973,op-3653b0cbf065,CONFIRMED,6.341,00
974,op-537c25c1fad8,CONFIRMED,6.338,00
975,op-17fa2770c7b2,CONFIRMED,6.337,00
976,op-188c0608a616,CONFIRMED,6.358,00
977,op-84f5d6f8b745,CONFIRMED,6.368,00
978,op-df5c8fb99e57,CONFIRMED,6.341,00
979,op-0f330d7cf549,CONFIRMED,6.361,00
980,op-755a96b51f14,CONFIRMED,6.341,00
981,op-d2cf45075a95,CONFIRMED,6.34,00
982,op-07ce81288109,CONFIRMED,6.319,00
983,op-d7e89a4ea0d6,CONFIRMED,6.309,00
984,op-ef57a74a78ea,CONFIRMED,6.298,00
985,op-f4d04d239302,CONFIRMED,6.294,00
986,op-696ede11933e,CONFIRMED,6.293,00
987,op-58b35258a904,CONFIRMED,6.291,00
988,op-0b7d7c250335,CONFIRMED,6.29,00
989,op-e756c32969c1,CONFIRMED,6.277,00
990,op-e89ec6378818,CONFIRMED,6.289,00
991,op-623201a0e94a,CONFIRMED,6.29,00
992,op-5018a0231c17,CONFIRMED,6.271,00
993,op-a7d26c36273d,CONFIRMED,6.271,00
994,op-c1f70a78ac44,CONFIRMED,6.271,00
995,op-259b7d99b1ac,CONFIRMED,6.272,00
996,op-601e86803cd5,CONFIRMED,6.284,00
997,op-3ed09771d386,CONFIRMED,6.265,00
998,op-260968a66bae,CONFIRMED,6.282,00
999,op-f9aa8315acd8,CONFIRMED,6.29,00
1000,op-7bb1abbeb59e,CONFIRMED,6.875,00
1001,op-d7103f0f8e88,CONFIRMED,6.883,00
1002,op-19b875f1b090,CONFIRMED,6.879,00
1003,op-935ced2cd510,CONFIRMED,6.883,00
1004,op-d3d51445d84f,CONFIRMED,6.865,00
1005,op-1c5ed9bed7f4,CONFIRMED,6.856,00
1006,op-21f122d96102,CONFIRMED,6.857,00
1007,op-e9695d8031bc,CONFIRMED,6.878,00
1008,op-cb16d7b60cc3,CONFIRMED,6.888,00
1009,op-764386b2286c,CONFIRMED,6.866,00
1010,op-b5ad00ab427a,CONFIRMED,6.859,00
1011,op-72a1ab1543b8,CONFIRMED,6.871,00
1012,op-6e3c57ab906e,CONFIRMED,6.854,00
1013,op-c55e9f316e43,CONFIRMED,6.859,00
1014,op-b6e04f501456,CONFIRMED,6.851,00
1015,op-b0d7f89338f7,CONFIRMED,6.852,00
1016,op-df8e4b8e0f3f,CONFIRMED,6.863,00
1017,op-04a2ab7fe3a2,CONFIRMED,6.865,00
1018,op-52c77ba68aba,CONFIRMED,6.842,00
1019,op-45e0bbc6ce74,CONFIRMED,6.833,00
1020,op-8c0c277bc0c0,CONFIRMED,6.832,00
1021,op-02f64d6b9c64,CONFIRMED,6.827,00
1022,op-94f6207a1bd6,CONFIRMED,6.825,00
1023,op-e2049749b5f2,CONFIRMED,6.829,00
1024,op-db657f029f56,CONFIRMED,6.826,00
1025,op-ace4a618fd08,CONFIRMED,6.828,00
1026,op-298297418d19,CONFIRMED,6.842,00
1027,op-87b4aa8edc8b,CONFIRMED,6.84,00
1028,op-ece27bafcb12,CONFIRMED,6.848,00
1029,op-0ac6c5bc7892,CONFIRMED,6.833,00
1030,op-76f07828e081,CONFIRMED,6.833,00
1031,op-a4ab9239efc3,CONFIRMED,6.835,00
1032,op-25dbe2c9ffa8,CONFIRMED,6.824,00
1033,op-1b1ad3807eee,CONFIRMED,6.809,00
1034,op-aa43beaf6a3d,CONFIRMED,6.813,00
1035,op-0933f510897e,CONFIRMED,6.8,00
1036,op-08df336249e0,CONFIRMED,6.775,00
1037,op-5eafea962def,CONFIRMED,6.784,00
1038,op-a3a51d2423ec,CONFIRMED,6.786,00
1039,op-00e4ba68cd65,CONFIRMED,6.785,00
1040,op-5859b1b75687,CONFIRMED,6.777,00
1041,op-e1e766a6cf4a,CONFIRMED,6.777,00
1042,op-f7a402e152a8,CONFIRMED,6.785,00
1043,op-07440e7472c7,CONFIRMED,6.796,00
1044,op-d4870bd84428,CONFIRMED,6.819,00
1045,op-f7e4f3025da1,CONFIRMED,6.827,00
1046,op-a621c722c12b,CONFIRMED,6.818,00
1047,op-b8b77a1eddd5,CONFIRMED,6.835,00
1048,op-3bcd3ba1574b,CONFIRMED,6.837,00
1049,op-7e62b5d354f2,CONFIRMED,6.837,00
1050,op-c0de672aaa91,CONFIRMED,6.82,00
1051,op-0d446843eba5,CONFIRMED,6.829,00
1052,op-dbf3e4ce3158,CONFIRMED,6.828,00
1053,op-adbf667d00ee,CONFIRMED,6.828,00
1054,op-a6fed981a9f2,CONFIRMED,6.816,00
1055,op-01d00186d449,CONFIRMED,6.807,00
1056,op-a0f716bfd22d,CONFIRMED,6.82,00
1057,op-4643f83c3e52,CONFIRMED,6.82,00
1058,op-217069352421,CONFIRMED,6.839,00
1059,op-86c982b6141c,CONFIRMED,6.849,00
1060,op-5d8ddf102646,CONFIRMED,6.834,00
1061,op-328e9471a596,CONFIRMED,6.813,00
1062,op-848bb5f32845,CONFIRMED,6.814,00
1063,op-a79fefcdefac,CONFIRMED,6.804,00
1064,op-439feabde822,CONFIRMED,6.832,00
1065,op-a6d600ad0bc5,CONFIRMED,6.841,00
1066,op-5c38737957f9,CONFIRMED,6.835,00
1067,op-e9ce1c1f2d86,CONFIRMED,6.825,00
1068,op-9079a570d745,CONFIRMED,6.844,00
1069,op-30421786dbbc,CONFIRMED,6.842,00
1070,op-f7983a81bdbf,CONFIRMED,6.853,00
1071,op-8cf1207244d8,CONFIRMED,6.857,00
1072,op-956e37dde3b2,CONFIRMED,6.842,00
1073,op-683d9fc8e4df,CONFIRMED,6.863,00
1074,op-f50493bf1d36,CONFIRMED,6.851,00
1075,op-e39141d3c85d,CONFIRMED,6.829,00
1076,op-d1f0982a894b,CONFIRMED,6.83,00
1077,op-b414ca8b63cd,CONFIRMED,6.83,00
1078,op-f43536a6b7f9,CONFIRMED,6.827,00
1079,op-7b5467189b49,CONFIRMED,6.828,00
1080,op-629067daaaf7,CONFIRMED,6.805,00
1081,op-547e0c5ee462,CONFIRMED,6.797,00
1082,op-d5ea091915e3,CONFIRMED,6.815,00
1083,op-4f5bcafb78cf,CONFIRMED,6.815,00
1084,op-019bbf7f3679,CONFIRMED,6.792,00
1085,op-db9d28f9460e,CONFIRMED,6.792,00
1086,op-2bdc7b6fc7ca,CONFIRMED,6.807,00
1087,op-273a3780f6d9,CONFIRMED,6.815,00
1088,op-823cb5408eaf,CONFIRMED,6.798,00
1089,op-481626d7ebcd,CONFIRMED,6.796,00
1090,op-4f5a4d32738b,CONFIRMED,6.807,00
1091,op-ee6aaff58f76,CONFIRMED,6.793,00
1092,op-65dad74eefd6,CONFIRMED,6.816,00
1093,op-5dcfdbed90a7,CONFIRMED,6.822,00
1094,op-d7dba4511d80,CONFIRMED,6.821,00
1095,op-a556b9af556f,CONFIRMED,6.806,00
1096,op-c885661009db,CONFIRMED,6.805,00
1097,op-826ca6059553,CONFIRMED,6.804,00
1098,op-789f7813d3bf,CONFIRMED,6.803,00
1099,op-f209c67ab743,CONFIRMED,6.82,00
1100,op-b28cb489f81a,CONFIRMED,6.803,00
1101,op-8f572600eb8f,CONFIRMED,6.789,00
1102,op-7282e1c9a7f0,CONFIRMED,6.768,00
1103,op-1b9d30331b34,CONFIRMED,6.777,00
1104,op-4f5b65ba1afd,CONFIRMED,6.767,00
1105,op-c38d35a25eda,CONFIRMED,6.774,00
1106,op-e57bae07ac56,CONFIRMED,6.753,00
1107,op-c5dd3a80043a,CONFIRMED,6.761,00
1108,op-8709d7333bfa,CONFIRMED,6.763,00
1109,op-5e49789b7ee5,CONFIRMED,6.762,00
1110,op-5258a3623646,CONFIRMED,6.779,00
1111,op-a55f7e7a4d92,CONFIRMED,6.778,00
1112,op-82c163293216,CONFIRMED,6.775,00
1113,op-16f7abc43bf2,CONFIRMED,6.782,00
1114,op-e1c1c929ab2d,CONFIRMED,6.79,00
1115,op-33c23e3a8ee7,CONFIRMED,6.775,00
1116,op-356feafbf7b6,CONFIRMED,6.773,00
1117,op-1a494bd83c1d,CONFIRMED,6.771,00
1118,op-109c1b12c95c,CONFIRMED,6.761,00
1119,op-54679690188e,CONFIRMED,6.765,00
1120,op-74d35f3d8aeb,CONFIRMED,6.773,00
1121,op-82ae35703ec3,CONFIRMED,6.757,00
1122,op-fda494816906,CONFIRMED,6.732,00
1123,op-d5a519f200a6,CONFIRMED,6.731,00
1124,op-69bb19a79254,CONFIRMED,6.714,00
1125,op-5aeab4af3b13,CONFIRMED,6.71,00
1126,op-e93e7d6aac4c,CONFIRMED,6.708,00
1127,op-ef9fcdb7ae6d,CONFIRMED,6.702,00
1128,op-2a0a0757523f,CONFIRMED,6.694,00
1129,op-97a0dc6b35e8,CONFIRMED,6.691,00
1130,op-2041420db1bb,CONFIRMED,6.694,00
1131,op-71eb68bfab7a,CONFIRMED,6.673,00
1132,op-d4aaf4e7bf01,CONFIRMED,6.663,00
1133,op-31a449e57056,CONFIRMED,6.662,00
1134,op-74cd3f09f240,CONFIRMED,6.679,00
1135,op-e2263581a7c8,CONFIRMED,6.678,00
1136,op-5cfe23d3fe1c,CONFIRMED,6.663,00
1137,op-c7bcdd67ac53,CONFIRMED,6.64,00
1138,op-8d36771237e7,CONFIRMED,6.657,00
1139,op-134364518d05,CONFIRMED,6.666,00
1140,op-208081ca4bcb,CONFIRMED,6.656,00
1141,op-9467889093db,CONFIRMED,6.664,00
1142,op-ae0a6bb0bb4b,CONFIRMED,6.65,00
1143,op-fd227d262d2b,CONFIRMED,6.655,00
1144,op-17a2cf0b827e,CONFIRMED,6.652,00
1145,op-f4fb5e27cc8a,CONFIRMED,6.65,00
1146,op-943c29b7f2d7,CONFIRMED,6.636,00
1147,op-58c2ffcbaa67,CONFIRMED,6.63,00
1148,op-b9ffa2de7c4d,CONFIRMED,6.646,00
1149,op-5da7bb990dae,CONFIRMED,6.655,00
1150,op-ed81106a629a,CONFIRMED,6.657,00
1151,op-3bf6dec1ab28,CONFIRMED,6.672,00
1152,op-1503f2e2eb8d,CONFIRMED,6.672,00
1153,op-b33cde6ee469,CONFIRMED,6.649,00
1154,op-8481b990194d,CONFIRMED,6.644,00
1155,op-6443d2fcac03,CONFIRMED,6.644,00
1156,op-881900d4104c,CONFIRMED,6.626,00
1157,op-ae3b5039fc0c,CONFIRMED,6.627,00
1158,op-452334e34720,CONFIRMED,6.626,00
1159,op-76450891f942,CONFIRMED,6.635,00
1160,op-90ea2cce0a74,CONFIRMED,6.637,00
1161,op-3a6efd7581db,CONFIRMED,6.654,00
1162,op-78354fc27510,CONFIRMED,6.661,00
1163,op-afdb3ed7f161,CONFIRMED,6.67,00
1164,op-d5a35235b494,CONFIRMED,6.657,00
1165,op-c6b9fbfa4645,CONFIRMED,6.676,00
1166,op-625a2505f0a5,CONFIRMED,6.668,00
1167,op-a11045715b7b,CONFIRMED,6.658,00
1168,op-7a11e5005a2b,CONFIRMED,6.677,00
1169,op-8a12e9f51ecd,CONFIRMED,6.658,00
1170,op-466db5691f5c,CONFIRMED,6.649,00
1171,op-910802425bbd,CONFIRMED,6.648,00
1172,op-827d1c7d1b93,CONFIRMED,6.63,00
1173,op-888ce9e87156,CONFIRMED,6.636,00
1174,op-5533e05e5341,CONFIRMED,6.632,00
1175,op-bce6004e6dbb,CONFIRMED,6.638,00
1176,op-5e3d201ea35d,CONFIRMED,6.637,00
1177,op-fd986eb64972,CONFIRMED,6.645,00
1178,op-e2522c96e616,CONFIRMED,6.628,00
1179,op-fea7b8992bc0,CONFIRMED,6.628,00
1180,op-6aef9226101f,CONFIRMED,6.64,00
1181,op-fbce9b393b8b,CONFIRMED,6.639,00
1182,op-9f05a4c0d7d1,CONFIRMED,6.621,00
1183,op-fe2d0a17a654,CONFIRMED,6.61,00
1184,op-d3bd8be4b6e8,CONFIRMED,6.609,00
1185,op-78b623e3467d,CONFIRMED,6.59,00
1186,op-179336ba6fb2,CONFIRMED,6.602,00
1187,op-495f1b517acd,CONFIRMED,6.595,00
1188,op-06b6959c93f2,CONFIRMED,6.595,00
1189,op-b4ebb9c10f07,CONFIRMED,6.594,00
1190,op-51d0b97c6f7c,CONFIRMED,6.58,00
1191,op-6da51e47371a,CONFIRMED,6.594,00
1192,op-e75b2ac1def1,CONFIRMED,6.59,00
1193,op-a6f18a265b47,CONFIRMED,6.588,00
1194,op-830013694d93,CONFIRMED,6.579,00
1195,op-14b758d1b36b,CONFIRMED,6.586,00
1196,op-f0f0fe63e8de,CONFIRMED,6.567,00
1197,op-69873029f2c7,CONFIRMED,6.586,00
1198,op-5f4b9ff1ca83,CONFIRMED,6.584,00
1199,op-f878d8b5fe5b,CONFIRMED,6.575,00
1200,op-f0900611e0b3,CONFIRMED,6.582,00
1201,op-4ea14e8b809b,CONFIRMED,6.567,00
1202,op-200176251c09,CONFIRMED,6.557,00
1203,op-ed95a9043187,CONFIRMED,6.562,00
1204,op-1c0e9614e5f7,CONFIRMED,6.579,00
1205,op-15f152c3815b,CONFIRMED,6.578,00
1206,op-79474441feb7,CONFIRMED,6.575,00
1207,op-97e149abd6f4,CONFIRMED,6.572,00
1208,op-dc69ca607d10,CONFIRMED,6.553,00
1209,op-993157cee0e1,CONFIRMED,6.55,00
1210,op-389321650b01,CONFIRMED,6.549,00
1211,op-82abfce010a6,CONFIRMED,6.529,00
1212,op-0b4ac005ccb8,CONFIRMED,6.53,00
1213,op-8ebac01647b4,CONFIRMED,6.512,00
1214,op-9bb15ec2c3df,CONFIRMED,6.512,00
1215,op-9a274f5e01cb,CONFIRMED,6.514,00
1216,op-f66968faa263,CONFIRMED,6.504,00
1217,op-765493d79552,CONFIRMED,6.495,00
1218,op-d858fe202515,CONFIRMED,6.408,00
1219,op-533ef517b5c4,CONFIRMED,6.405,00
1220,op-9a4286d35c90,CONFIRMED,6.424,00
1221,op-33ee45525fbf,CONFIRMED,6.427,00
1222,op-0fcf5ad079c8,CONFIRMED,6.435,00
1223,op-37f4cee826dd,CONFIRMED,6.435,00
1224,op-322c3b1b9edc,CONFIRMED,6.421,00
1225,op-09a65178e93a,CONFIRMED,6.432,00
1226,op-5c0492f09baf,CONFIRMED,6.431,00
1227,op-fdfa49dc98fd,CONFIRMED,6.438,00
1228,op-0b69a6cdacdd,CONFIRMED,6.437,00
1229,op-9a86173c055d,CONFIRMED,6.437,00
1230,op-35cc78183807,CONFIRMED,6.446,00
1231,op-67da02a3e4db,CONFIRMED,6.455,00
1232,op-802e228e7808,CONFIRMED,6.465,00
1233,op-bf665ad36e64,CONFIRMED,6.475,00
1234,op-b34d04fc47e1,CONFIRMED,6.473,00
1235,op-f9b66fd6affa,CONFIRMED,6.473,00
1236,op-f26508bb95ce,CONFIRMED,6.472,00
1237,op-cc7a7b3eea33,CONFIRMED,6.471,00
1238,op-af0da5e76b69,CONFIRMED,6.49,00
1239,op-e432ea106927,CONFIRMED,6.499,00
1240,op-5e58e71823d0,CONFIRMED,6.474,00
1241,op-1875cc731092,CONFIRMED,6.464,00
1242,op-4c6f18cdceec,CONFIRMED,6.477,00
1243,op-cb5e948fb111,CONFIRMED,6.477,00
1244,op-a8961a32cb18,CONFIRMED,6.475,00
1245,op-45fa765b768a,CONFIRMED,6.474,00
1246,op-972b61f008d1,CONFIRMED,6.484,00
1247,op-4059b63cf6ed,CONFIRMED,6.475,00
1248,op-84e01c098e55,CONFIRMED,6.491,00
1249,op-e2bcfbfa3b71,CONFIRMED,6.491,00
1250,op-6000e038fb89,CONFIRMED,6.483,00
1251,op-b041d450f0ba,CONFIRMED,6.496,00
1252,op-97d21aedf29f,CONFIRMED,6.495,00
1253,op-6932078586a5,CONFIRMED,6.514,00
1254,op-718f4cc7edb5,CONFIRMED,6.517,00
1255,op-b3334be9e304,CONFIRMED,6.531,00
1256,op-2c0f039b239a,CONFIRMED,6.529,00
1257,op-54b519747fef,CONFIRMED,6.525,00
1258,op-817665b8a5ae,CONFIRMED,6.513,00
1259,op-1bac9c995a9c,CONFIRMED,6.511,00
1260,op-b62bac869749,CONFIRMED,6.499,00
1261,op-60796f35e2ac,CONFIRMED,6.51,00
1262,op-8e62f9befe8e,CONFIRMED,6.49,00
1263,op-2ef98377a9bd,CONFIRMED,6.489,00
1264,op-334eb2a6ebd9,CONFIRMED,6.486,00
1265,op-ee5999de9939,CONFIRMED,6.484,00
1266,op-b0560d4e5faf,CONFIRMED,6.482,00
1267,op-3f4acf5066b7,CONFIRMED,6.496,00
1268,op-3ff5775bc35e,CONFIRMED,6.506,00
1269,op-755307b4719f,CONFIRMED,6.506,00
1270,op-1c5e60ef7cae,CONFIRMED,6.525,00
1271,op-3de03572d208,CONFIRMED,6.519,00
1272,op-54723df1aa60,CONFIRMED,6.519,00
1273,op-6f294b6d1bb9,CONFIRMED,6.501,00
1274,op-35392ecd0096,CONFIRMED,6.499,00
1275,op-2c4926048bd8,CONFIRMED,6.518,00
1276,op-372d4a82e3e8,CONFIRMED,6.519,00
1277,op-570cb4b63051,CONFIRMED,6.503,00
1278,op-af7eefe835ea,CONFIRMED,6.504,00
1279,op-ed6f456e3c08,CONFIRMED,6.505,00
1280,op-fd4c93bbf8ef,CONFIRMED,6.505,00
1281,op-a2ad44ebcd20,CONFIRMED,6.501,00
1282,op-3c01b28f45f4,CONFIRMED,6.512,00
1283,op-a8eaa1e5d563,CONFIRMED,6.512,00
1284,op-3757be686fec,CONFIRMED,6.51,00
1285,op-cda5ad2fcea0,CONFIRMED,6.516,00
1286,op-05d2276ca9b2,CONFIRMED,6.526,00
1287,op-744d89e2ef02,CONFIRMED,6.511,00
1288,op-22c903f09dfe,CONFIRMED,6.51,00
1289,op-a19cdebbeec7,CONFIRMED,6.494,00
1290,op-1776057fdf76,CONFIRMED,6.494,00
1291,op-2035f034a9ce,CONFIRMED,6.494,00
1292,op-8a4b8a0ce8f4,CONFIRMED,6.504,00
1293,op-085530e6ffd4,CONFIRMED,6.504,00
1294,op-ddcc067748ff,CONFIRMED,6.547,00
1295,op-cd462194b6fd,CONFIRMED,6.585,00
1296,op-8bf1f89f1fe7,CONFIRMED,6.604,00
1297,op-2ed0f50a45d0,CONFIRMED,6.605,00
1298,op-e4b4610d42f3,CONFIRMED,6.605,00
1299,op-eb3b36f142f3,CONFIRMED,6.586,00
1300,op-cb5f80379b93,CONFIRMED,6.558,00
1301,op-1062e146f00b,CONFIRMED,6.568,00
1302,op-25e0ea5d99ed,CONFIRMED,6.567,00
1303,op-52784d629760,CONFIRMED,6.583,00
1304,op-23c7daaa548e,CONFIRMED,6.573,00
1305,op-e96370713da8,CONFIRMED,6.583,00
1306,op-d413de04b576,CONFIRMED,6.583,00
1307,op-10b41814c04d,CONFIRMED,6.583,00
1308,op-498f0ff243c7,CONFIRMED,6.594,00
1309,op-dbd9b521b26d,CONFIRMED,6.592,00
1310,op-0ee8966510c5,CONFIRMED,6.606,00
1311,op-430bab5f6ab8,CONFIRMED,6.589,00
1312,op-ab74cf938794,CONFIRMED,6.583,00
1313,op-f1741ba1b77c,CONFIRMED,6.569,00
1314,op-011ce86b1557,CONFIRMED,6.584,00
1315,op-838b35f1d775,CONFIRMED,6.58,00
1316,op-1dcfa92079ec,CONFIRMED,6.57,00
1317,op-b902ef83085f,CONFIRMED,6.58,00
1318,op-eb25361e1817,CONFIRMED,6.559,00
1319,op-436afa282681,CONFIRMED,6.558,00
1320,op-526285d6f761,CONFIRMED,6.566,00
1321,op-0193ff43fd27,CONFIRMED,6.566,00
1322,op-32c5acef3a46,CONFIRMED,6.55,00
1323,op-23abf43cfce3,CONFIRMED,6.541,00
1324,op-97f7c3c9789d,CONFIRMED,6.534,00
1325,op-9fe3f8caeace,CONFIRMED,6.545,00
1326,op-3d9607f90d01,CONFIRMED,6.551,00
1327,op-febb1b4062b8,CONFIRMED,6.54,00
1328,op-9e405dafae3a,CONFIRMED,6.531,00
1329,op-4804d585f432,CONFIRMED,6.532,00
1330,op-ea1644436558,CONFIRMED,6.515,00
1331,op-99cccf2885bb,CONFIRMED,6.542,00
1332,op-4f9f5e1d1dd1,CONFIRMED,6.543,00
1333,op-bcb7ef40af4f,CONFIRMED,6.547,00
1334,op-347fdc299973,CONFIRMED,6.569,00
1335,op-e9b5fa114879,CONFIRMED,6.592,00
1336,op-ca3c775053a2,CONFIRMED,6.592,00
1337,op-3ee02edc5785,CONFIRMED,6.58,00
1338,op-f621ec0c07c2,CONFIRMED,6.589,00
1339,op-0a50bf059513,CONFIRMED,6.589,00
1340,op-435f7c443497,CONFIRMED,6.589,00
1341,op-40e5b4fbfe04,CONFIRMED,6.591,00
1342,op-c2f09979ef11,CONFIRMED,6.61,00
1343,op-d690016bfa99,CONFIRMED,6.589,00
1344,op-bf9fd31e226e,CONFIRMED,6.588,00
1345,op-43f5ad1c22af,CONFIRMED,6.588,00
1346,op-f278784c2038,CONFIRMED,6.586,00
1347,op-6c021a041c20,CONFIRMED,6.574,00
1348,op-d820c8e3cb23,CONFIRMED,6.58,00
1349,op-7f6e73695f0f,CONFIRMED,6.583,00
1350,op-3501f82e5cac,CONFIRMED,6.595,00
1351,op-fb70304c6bab,CONFIRMED,6.59,00
1352,op-8b77f69d8fa8,CONFIRMED,6.59,00
1353,op-b80260b213a9,CONFIRMED,6.573,00
1354,op-a3b5b9a838a2,CONFIRMED,6.589,00
1355,op-a911ad547a91,CONFIRMED,6.586,00
1356,op-ab24f8e86374,CONFIRMED,6.584,00
1357,op-d3b7e0057920,CONFIRMED,6.582,00
1358,op-de8523fdd291,CONFIRMED,6.579,00
1359,op-bcb050df4370,CONFIRMED,6.579,00
1360,op-b9d8ba7a303e,CONFIRMED,6.582,00
1361,op-1ef93ec77e90,CONFIRMED,6.59,00
1362,op-b635b83a7ff7,CONFIRMED,6.597,00
1363,op-222a8aaab51c,CONFIRMED,6.605,00
1364,op-e70e0ad8767b,CONFIRMED,6.601,00
1365,op-f3ccbfc8cd18,CONFIRMED,6.614,00
1366,op-5072c53fbe1c,CONFIRMED,6.613,00
1367,op-de7cbe15e420,CONFIRMED,6.604,00
1368,op-f89f0760713f,CONFIRMED,6.603,00
1369,op-242387a20dc8,CONFIRMED,6.601,00
1370,op-a86ef2eebd23,CONFIRMED,6.593,00
1371,op-dff86703cd2b,CONFIRMED,6.602,00
1372,op-b52abd4a4b74,CONFIRMED,6.602,00
1373,op-c0b87f7ce56a,CONFIRMED,6.591,00
1374,op-3d3e98fba1d1,CONFIRMED,6.6,00
1375,op-7f00cfee6fc7,CONFIRMED,6.604,00
1376,op-14f72509ea33,CONFIRMED,6.592,00
1377,op-fa0f181fbda5,CONFIRMED,6.582,00
1378,op-7224ebab5222,CONFIRMED,6.602,00
1379,op-881f03b3073b,CONFIRMED,6.599,00
1380,op-2d6dde7f6bfe,CONFIRMED,6.592,00
1381,op-df954f0c6bfc,CONFIRMED,6.59,00
1382,op-ff28c2cdedc5,CONFIRMED,6.588,00
1383,op-8fb2b0e30a57,CONFIRMED,6.601,00
1384,op-747e677253a1,CONFIRMED,6.609,00
1385,op-a390cdbf0d97,CONFIRMED,6.608,00
1386,op-22fbe0f9f086,CONFIRMED,6.624,00
1387,op-ac5ef8bbb92f,CONFIRMED,6.625,00
1388,op-70e9cde4f13d,CONFIRMED,6.608,00
1389,op-7ef30238eced,CONFIRMED,6.582,00
1390,op-b52f2065d157,CONFIRMED,6.579,00
1391,op-a30e0c16f179,CONFIRMED,6.555,00
1392,op-8ecb333b93c2,CONFIRMED,6.554,00
1393,op-17b02842f026,CONFIRMED,6.535,00
1394,op-5bf3e5d7f47e,CONFIRMED,6.533,00
1395,op-696e5ed4f30f,CONFIRMED,6.555,00
1396,op-6808aebcee0c,CONFIRMED,6.557,00
1397,op-b48f26de494a,CONFIRMED,6.536,00
1398,op-a0e08c31cf80,CONFIRMED,6.512,00
1399,op-13f1f05f9cc5,CONFIRMED,6.509,00
1400,op-d2dd032d4afe,CONFIRMED,6.507,00
1401,op-61dc08b6e807,CONFIRMED,6.516,00
1402,op-eeea083e15bd,CONFIRMED,6.514,00
1403,op-d632d28c0a35,CONFIRMED,6.512,00
1404,op-05ed52a471a8,CONFIRMED,6.509,00
1405,op-3ee204f15951,CONFIRMED,6.503,00
1406,op-a67354eb3c4e,CONFIRMED,6.515,00
1407,op-3c2582b2b24a,CONFIRMED,6.523,00
1408,op-8dd1824c0fa5,CONFIRMED,7.601,00
1409,op-62e2e82d158f,CONFIRMED,7.591,00
1410,op-ca460bbe4e27,CONFIRMED,7.589,00
1411,op-fa83ffad2ed8,CONFIRMED,7.608,00
1412,op-7fad24336672,CONFIRMED,7.613,00
1413,op-029b5070a1f4,CONFIRMED,7.61,00
1414,op-db67cc3fc750,CONFIRMED,7.61,00
1415,op-f7d71953df0f,CONFIRMED,7.629,00
1416,op-24f244f848e8,CONFIRMED,7.652,00
1417,op-aff824a243cd,CONFIRMED,7.654,00
1418,op-37fbbcd06325,CONFIRMED,7.667,00
1419,op-97fa2c8d0f2e,CONFIRMED,7.668,00
1420,op-5214b5ace8bc,CONFIRMED,7.656,00
1421,op-f64b64b0d565,CONFIRMED,7.682,00
1422,op-dfd3a13ce60e,CONFIRMED,7.683,00
1423,op-d07e20ce2043,CONFIRMED,7.675,00
1424,op-c2c558808deb,CONFIRMED,7.674,00
1425,op-c3cd3fb17fc9,CONFIRMED,7.675,00
1426,op-6e8cd881df8e,CONFIRMED,7.676,00
1427,op-db2154f099dc,CONFIRMED,7.689,00
1428,op-4ec4aab9f55e,CONFIRMED,7.691,00
1429,op-ee3dce1abd10,CONFIRMED,7.696,00
1430,op-4932a9d60f1e,CONFIRMED,7.686,00
1431,op-3496470cfa72,CONFIRMED,7.679,00
1432,op-be4ce2362d26,CONFIRMED,7.68,00
1433,op-e7b1b0898aa5,CONFIRMED,7.673,00
1434,op-ce39ec22a970,CONFIRMED,7.665,00
1435,op-393f10592344,CONFIRMED,7.656,00
1436,op-aa383c883637,CONFIRMED,7.648,00
1437,op-7e259b7d2999,CONFIRMED,7.659,00
1438,op-8b9773d5c488,CONFIRMED,7.66,00
1439,op-36750327963c,CONFIRMED,7.646,00
1440,op-9481e39ebe8a,CONFIRMED,7.639,00
1441,op-639373f45ce1,CONFIRMED,7.644,00
1442,op-e1386d6d4e3e,CONFIRMED,7.649,00
1443,op-521a6097a5d2,CONFIRMED,7.636,00
1444,op-ddd0bddd9dc0,CONFIRMED,7.648,00
1445,op-c3488deab526,CONFIRMED,7.645,00
1446,op-3ca3f0a0ac1f,CONFIRMED,7.642,00
1447,op-5fc109ce0124,CONFIRMED,7.636,00
1448,op-5537af3b577e,CONFIRMED,7.634,00
1449,op-1ab21f92eb65,CONFIRMED,7.627,00
1450,op-8622e493c28c,CONFIRMED,7.639,00
1451,op-4a7ee56e6d6d,CONFIRMED,7.639,00
1452,op-3b24c5b824d6,CONFIRMED,7.635,00
1453,op-30c6f32a4aba,CONFIRMED,7.629,00
1454,op-767b97b09c3c,CONFIRMED,7.634,00
1455,op-a879ec2b12f3,CONFIRMED,7.632,00
1456,op-6609c0ac59c1,CONFIRMED,7.607,00
1457,op-ad7bea27eb08,CONFIRMED,7.605,00
1458,op-e85347bfdd1e,CONFIRMED,7.604,00
1459,op-cf591d6e034e,CONFIRMED,7.618,00
1460,op-14dfb15d2c60,CONFIRMED,7.616,00
1461,op-8d2ee10c292f,CONFIRMED,7.593,00
1462,op-b4cd46c9197b,CONFIRMED,7.582,00
1463,op-2a1f86ee263d,CONFIRMED,7.589,00
1464,op-1f00f8eb7a55,CONFIRMED,7.573,00
1465,op-cbee415f2312,CONFIRMED,7.551,00
1466,op-748f4350d6e1,CONFIRMED,7.548,00
1467,op-b685d13a90f2,CONFIRMED,7.55,00
1468,op-3f655aa2f11d,CONFIRMED,7.548,00
1469,op-912e465cf360,CONFIRMED,7.531,00
1470,op-afe6cf2be8d7,CONFIRMED,7.528,00
1471,op-0febcb4e13bb,CONFIRMED,7.547,00
1472,op-c27c5e827f60,CONFIRMED,7.555,00
1473,op-bba2bc384337,CONFIRMED,7.56,00
1474,op-4a1abc31ec3b,CONFIRMED,7.55,00
1475,op-55ebc4789f57,CONFIRMED,7.54,00
1476,op-feb332b84fa4,CONFIRMED,7.515,00
1477,op-688bef52726b,CONFIRMED,7.513,00
1478,op-98bbf9a26105,CONFIRMED,7.494,00
1479,op-b88ec01b0a48,CONFIRMED,7.505,00
1480,op-5a547b79463c,CONFIRMED,7.502,00
1481,op-5940b5d43377,CONFIRMED,7.52,00
1482,op-21d335edeb2c,CONFIRMED,7.516,00
1483,op-4693d99bb8cf,CONFIRMED,7.514,00
1484,op-d9d5ec40b15b,CONFIRMED,7.492,00
1485,op-441d3bcd05d9,CONFIRMED,7.464,00
1486,op-cb2e23643714,CONFIRMED,7.46,00
1487,op-0614377a84f8,CONFIRMED,7.48,00
1488,op-6bba58de7a7a,CONFIRMED,7.485,00
1489,op-3ff3f4ca1d0b,CONFIRMED,7.473,00
1490,op-2ce53f3c032f,CONFIRMED,7.469,00
1491,op-19614e38e000,CONFIRMED,7.487,00
1492,op-a569d12a6231,CONFIRMED,7.483,00
1493,op-f84c6a9e7492,CONFIRMED,7.498,00
1494,op-0d15832d64cb,CONFIRMED,7.494,00
1495,op-f20f22d1b2cc,CONFIRMED,7.469,00
1496,op-eb320352084a,CONFIRMED,7.469,00
1497,op-ec76a473130b,CONFIRMED,7.467,00
1498,op-35490569f24d,CONFIRMED,7.444,00
1499,op-038da17d20d9,CONFIRMED,7.422,00
1500,op-e3c6fb869165,CONFIRMED,6.798,00
1501,op-ddc4fcba1540,CONFIRMED,6.806,00
1502,op-0b4992aa0172,CONFIRMED,6.814,00
1503,op-e9669dbe0706,CONFIRMED,6.809,00
1504,op-417b1b0bb9c1,CONFIRMED,6.806,00
1505,op-90cb52e64687,CONFIRMED,6.793,00
1506,op-69d183bed7a5,CONFIRMED,6.789,00
1507,op-59d868149b0a,CONFIRMED,6.8,00
1508,op-82b406f38e8e,CONFIRMED,6.794,00
1509,op-9ad233446e2e,CONFIRMED,6.788,00
1510,op-34c2dae48b4a,CONFIRMED,6.785,00
1511,op-9ba38e63ce8f,CONFIRMED,6.774,00
1512,op-53f0539dcd7d,CONFIRMED,6.788,00
1513,op-e787ac4f3261,CONFIRMED,6.785,00
1514,op-fbe4751bc106,CONFIRMED,6.782,00
1515,op-77c26984f2e0,CONFIRMED,6.78,00
1516,op-c847eec79634,CONFIRMED,6.776,00
1517,op-b1fa4b800f08,CONFIRMED,6.761,00
1518,op-abb48e092349,CONFIRMED,6.749,00
1519,op-03d3c81bd9fe,CONFIRMED,6.757,00
1520,op-f6b85f6768d9,CONFIRMED,6.749,00
1521,op-ad5c515b2ba0,CONFIRMED,6.722,00
1522,op-d75aeb6493ee,CONFIRMED,6.721,00
1523,op-2d600bd41353,CONFIRMED,6.704,00
1524,op-67de3150d68e,CONFIRMED,6.703,00
1525,op-802826530eee,CONFIRMED,6.682,00
1526,op-2810d08ec325,CONFIRMED,6.684,00
1527,op-0fcd78b6ae0e,CONFIRMED,6.684,00
1528,op-77de011af820,CONFIRMED,6.683,00
1529,op-dfb0dc7ccd73,CONFIRMED,6.663,00
1530,op-75c595909778,CONFIRMED,6.663,00
1531,op-cd021d60ae09,CONFIRMED,6.664,00
1532,op-f2d1b187b899,CONFIRMED,6.654,00
1533,op-0307febc96bc,CONFIRMED,6.656,00
1534,op-0066b063da2b,CONFIRMED,6.639,00
1535,op-5d8bb3d15e49,CONFIRMED,6.64,00
1536,op-8e52bbf2726b,CONFIRMED,6.642,00
1537,op-91740ceeb586,CONFIRMED,6.641,00
1538,op-6676d6ca2678,CONFIRMED,6.662,00
1539,op-0280ac33fa50,CONFIRMED,6.661,00
1540,op-232a77e9dcc5,CONFIRMED,6.664,00
1541,op-e7afd88bfb61,CONFIRMED,6.665,00
1542,op-4777e8ef02ff,CONFIRMED,6.686,00
1543,op-46fdacf394c2,CONFIRMED,6.665,00
1544,op-c5de6ee06618,CONFIRMED,6.675,00
1545,op-e2ee463742cd,CONFIRMED,6.683,00
1546,op-9103a5b72eb4,CONFIRMED,6.682,00
1547,op-f6af4a3e8d21,CONFIRMED,6.681,00
1548,op-6b0ac6cdb30f,CONFIRMED,6.661,00
1549,op-7ddce068120e,CONFIRMED,6.657,00
1550,op-a863a2e816d3,CONFIRMED,6.655,00
1551,op-71877ac81017,CONFIRMED,6.656,00
1552,op-e63bd56c3246,CONFIRMED,6.646,00
1553,op-de504cf22e81,CONFIRMED,6.638,00
1554,op-3266f5ec42eb,CONFIRMED,6.629,00
1555,op-4304e4986856,CONFIRMED,6.629,00
1556,op-2d9efb61bdba,CONFIRMED,6.631,00
1557,op-47ef5557a0d1,CONFIRMED,6.634,00
1558,op-cabd742444c9,CONFIRMED,6.641,00
1559,op-244911cfaa14,CONFIRMED,6.649,00
1560,op-37cd60059ee6,CONFIRMED,6.656,00
1561,op-1a9a8e576e39,CONFIRMED,6.655,00
1562,op-f6ed6d063913,CONFIRMED,6.674,00
1563,op-08f2c203404c,CONFIRMED,6.681,00
1564,op-1615e177f34a,CONFIRMED,6.689,00
1565,op-9fa1259e115a,CONFIRMED,6.675,00
1566,op-3e97c2abc3fa,CONFIRMED,6.695,00
1567,op-349609e6655a,CONFIRMED,6.699,00
1568,op-fbf5fc45e39f,CONFIRMED,6.706,00
1569,op-49e4b0ae63a6,CONFIRMED,6.715,00
1570,op-a098ea3c68d8,CONFIRMED,6.724,00
1571,op-7d2ba452d3a1,CONFIRMED,6.73,00
1572,op-2f85e90ff6f9,CONFIRMED,6.739,00
1573,op-c7128125dec5,CONFIRMED,6.749,00
1574,op-55b43710c013,CONFIRMED,6.757,00
1575,op-18ce0ada13b6,CONFIRMED,6.765,00
1576,op-0c52913ac2ec,CONFIRMED,6.772,00
1577,op-17d9828e2232,CONFIRMED,6.764,00
1578,op-21e89bf75052,CONFIRMED,6.773,00
1579,op-8da340b287fa,CONFIRMED,6.771,00
1580,op-bf82ad379d8d,CONFIRMED,6.778,00
1581,op-b86d07d208cf,CONFIRMED,6.776,00
1582,op-ee509e01bc2c,CONFIRMED,6.782,00
1583,op-dd840f5aee8a,CONFIRMED,6.781,00
1584,op-4ea1cfce87d2,CONFIRMED,6.779,00
1585,op-8a74f63fa8c1,CONFIRMED,6.787,00
1586,op-4f4452fdf53f,CONFIRMED,6.785,00
1587,op-b4e99271bfea,CONFIRMED,6.783,00
1588,op-ac18851ba9e3,CONFIRMED,6.78,00
1589,op-bebd41c326a1,CONFIRMED,6.784,00
1590,op-66d9f63aaa40,CONFIRMED,6.772,00
1591,op-9b65728fc989,CONFIRMED,6.784,00
1592,op-f9e2296848a9,CONFIRMED,6.778,00
1593,op-1eb1cfcf5adb,CONFIRMED,6.776,00
1594,op-a0974cc871fc,CONFIRMED,6.774,00
1595,op-0f73628899a9,CONFIRMED,6.794,00
1596,op-e71ec18dc1c3,CONFIRMED,6.801,00
1597,op-0cdbd83a8b17,CONFIRMED,6.799,00
1598,op-7089101fe4b9,CONFIRMED,6.817,00
1599,op-d6dabe417a3d,CONFIRMED,6.824,00
1600,op-dc54a826160b,CONFIRMED,6.83,00
1601,op-d3c3726f3b8d,CONFIRMED,6.839,00
1602,op-f55dd0505d11,CONFIRMED,6.815,00
1603,op-0c16abef1c57,CONFIRMED,6.792,00
1604,op-e6926eba9ef7,CONFIRMED,6.791,00
1605,op-42147d3678a2,CONFIRMED,6.79,00
1606,op-845705f06f52,CONFIRMED,6.788,00
1607,op-bd6060205d7a,CONFIRMED,6.765,00
1608,op-4c7e1a5eeba3,CONFIRMED,6.762,00
1609,op-2644f7c6b03a,CONFIRMED,6.763,00
1610,op-0b8b4c708f7f,CONFIRMED,6.774,00
1611,op-1f53a5dbebfe,CONFIRMED,6.773,00
1612,op-b3c574633ac4,CONFIRMED,6.789,00
1613,op-7886c885741e,CONFIRMED,6.796,00
1614,op-0776d7f47dc3,CONFIRMED,6.795,00
1615,op-4e275ee0e5f4,CONFIRMED,6.794,00
1616,op-9b7a5dc284c5,CONFIRMED,6.807,00
1617,op-2221f2b702d2,CONFIRMED,6.805,00
1618,op-75f279b6baa1,CONFIRMED,6.803,00
1619,op-e06524fd5bec,CONFIRMED,6.803,00
1620,op-0c44c7c742c1,CONFIRMED,6.811,00
1621,op-a1b5df4ac11e,CONFIRMED,6.819,00
1622,op-359178a8c2a5,CONFIRMED,6.813,00
1623,op-c0435b7d249b,CONFIRMED,6.832,00
1624,op-0b7a1dc66c17,CONFIRMED,6.826,00
1625,op-67bc746e5ace,CONFIRMED,6.833,00
1626,op-62cf449ac77b,CONFIRMED,6.844,00
1627,op-a062872a4e54,CONFIRMED,6.833,00
1628,op-cfcd49747a70,CONFIRMED,6.849,00
1629,op-8731b258919a,CONFIRMED,6.857,00
1630,op-a436e699a617,CONFIRMED,6.855,00
1631,op-5eba6c003071,CONFIRMED,6.854,00
1632,op-8c3496bcc4be,CONFIRMED,6.845,00
1633,op-2d2a98c1aa4b,CONFIRMED,6.867,00
1634,op-98159015273e,CONFIRMED,6.866,00
1635,op-c248a5ba0316,CONFIRMED,6.882,00
1636,op-5a51ae036686,CONFIRMED,6.863,00
1637,op-e364f4cd8426,CONFIRMED,6.88,00
1638,op-7674b6e7b331,CONFIRMED,6.888,00
1639,op-13bcc1cce7dc,CONFIRMED,6.886,00
1640,op-4d65b1add976,CONFIRMED,6.887,00
1641,op-b492bdbdb36f,CONFIRMED,6.886,00
1642,op-002178a53e8d,CONFIRMED,6.867,00
1643,op-80eaeb645ce3,CONFIRMED,6.865,00
1644,op-fdf70413f937,CONFIRMED,6.871,00
1645,op-795a06e38bda,CONFIRMED,6.86,00
1646,op-19b4f9167df4,CONFIRMED,6.88,00
1647,op-e1174385c3ee,CONFIRMED,6.879,00
1648,op-ddae014788a1,CONFIRMED,6.896,00
1649,op-4fd7ac56d138,CONFIRMED,6.894,00
1650,op-3251d4fcb680,CONFIRMED,6.899,00
1651,op-d980011464d1,CONFIRMED,6.889,00
1652,op-9b7d0a098218,CONFIRMED,6.899,00
1653,op-a60b73d6b5f0,CONFIRMED,6.896,00
1654,op-3a1dd800ef00,CONFIRMED,6.896,00
1655,op-5c23b4bab499,CONFIRMED,6.904,00
1656,op-cb8d1060d575,CONFIRMED,6.904,00
1657,op-65fc5ea24014,CONFIRMED,6.904,00
1658,op-3343a119987a,CONFIRMED,6.893,00
1659,op-60cde9c465ba,CONFIRMED,6.89,00
1660,op-d5ec1fc9019c,CONFIRMED,6.894,00
1661,op-ee8fd778c0d8,CONFIRMED,6.914,00
1662,op-e3c5ab707965,CONFIRMED,6.897,00
1663,op-b36b50a1630b,CONFIRMED,6.916,00
1664,op-5d7b43f1cb1b,CONFIRMED,6.899,00
1665,op-63571068db47,CONFIRMED,6.906,00
1666,op-149d3b66dc18,CONFIRMED,6.905,00
1667,op-837e2d0e6ddc,CONFIRMED,6.921,00
1668,op-82d406823064,CONFIRMED,6.929,00
1669,op-99173bf86a7f,CONFIRMED,6.91,00
1670,op-4f7962980a69,CONFIRMED,6.909,00
1671,op-07030f850acf,CONFIRMED,6.907,00
1672,op-a3b09d8c991b,CONFIRMED,6.919,00
1673,op-525d7c55299a,CONFIRMED,6.919,00
1674,op-ff894fb7bf5b,CONFIRMED,6.918,00
1675,op-5b0b5886f1ce,CONFIRMED,6.921,00
1676,op-b971b41a3225,CONFIRMED,6.92,00
1677,op-e02ab8ce49d1,CONFIRMED,6.918,00
1678,op-a60aeabbf681,CONFIRMED,6.909,00
1679,op-fbca4ab9119d,CONFIRMED,6.907,00
1680,op-6764fc838d10,CONFIRMED,6.914,00
1681,op-9361bbfcf9e7,CONFIRMED,6.893,00
1682,op-40a13e6aa50f,CONFIRMED,6.883,00
1683,op-b150b94b6ea3,CONFIRMED,6.882,00
1684,op-f68aba167c25,CONFIRMED,6.871,00
1685,op-82c2d333baaa,CONFIRMED,6.846,00
1686,op-25127cd7baca,CONFIRMED,6.844,00
1687,op-0f284337c90c,CONFIRMED,6.827,00
1688,op-add913409dc5,CONFIRMED,6.824,00
1689,op-66cac8dc948a,CONFIRMED,6.806,00
1690,op-a7701abaf099,CONFIRMED,6.818,00
1691,op-3876d5fd1d74,CONFIRMED,6.802,00
1692,op-11f2baa3eaa2,CONFIRMED,6.819,00
1693,op-c8bc29289cbf,CONFIRMED,6.817,00
1694,op-41f168a39a01,CONFIRMED,6.827,00
1695,op-a28f62003983,CONFIRMED,6.811,00
1696,op-ca66e89323dd,CONFIRMED,6.807,00
1697,op-b25ba3679af6,CONFIRMED,6.816,00
1698,op-66d4441bc8f0,CONFIRMED,6.814,00
1699,op-31baff6e20a5,CONFIRMED,6.832,00
1700,op-b64afb7855c6,CONFIRMED,6.827,00
1701,op-28731af3af04,CONFIRMED,6.809,00
1702,op-9af1b03f3dc2,CONFIRMED,6.807,00
1703,op-b793fff9d0f5,CONFIRMED,6.805,00
1704,op-0cb3fdecaaa1,CONFIRMED,6.794,00
1705,op-247267387fca,CONFIRMED,6.784,00
1706,op-f13d54bf0f26,CONFIRMED,6.762,00
1707,op-ded627ccceb6,CONFIRMED,6.77,00
1708,op-21f28cb39cdb,CONFIRMED,6.765,00
1709,op-9e1414e13727,CONFIRMED,6.744,00
1710,op-a925e81c2eb8,CONFIRMED,6.744,00
1711,op-e835f3ee46af,CONFIRMED,6.761,00
1712,op-bf302959596b,CONFIRMED,6.754,00
1713,op-f7a7f7e87b45,CONFIRMED,6.731,00
1714,op-4cbc32d5167e,CONFIRMED,6.722,00
1715,op-821d3e428553,CONFIRMED,6.724,00
1716,op-cf5134ab0a53,CONFIRMED,6.731,00
1717,op-8e29b8fca418,CONFIRMED,6.731,00
1718,op-082649276b53,CONFIRMED,6.731,00
1719,op-24d63a710f5c,CONFIRMED,6.731,00
1720,op-24eb01ee45d2,CONFIRMED,6.748,00
1721,op-14549cbaeef4,CONFIRMED,6.746,00
1722,op-72426492d3c4,CONFIRMED,6.747,00
1723,op-616f23422d68,CONFIRMED,6.737,00
1724,op-2eed6f4fc9de,CONFIRMED,6.736,00
1725,op-be16dc9b401c,CONFIRMED,6.714,00
1726,op-0f29bf91e849,CONFIRMED,6.706,00
1727,op-7d3becd068f7,CONFIRMED,6.707,00
1728,op-da81dce139f3,CONFIRMED,6.698,00
1729,op-96aeedf70fdd,CONFIRMED,6.681,00
1730,op-aab7c95d45d9,CONFIRMED,6.68,00
1731,op-9188d5a9f0f7,CONFIRMED,6.687,00
1732,op-61accb9b4b62,CONFIRMED,6.689,00
1733,op-70fc0925b73d,CONFIRMED,6.698,00
1734,op-40c20e24a28d,CONFIRMED,6.695,00
1735,op-ef5e2c4e8a5e,CONFIRMED,6.692,00
1736,op-71301c21cf3a,CONFIRMED,6.702,00
1737,op-de7b7465904e,CONFIRMED,6.724,00
1738,op-aec9f28aed14,CONFIRMED,6.732,00
1739,op-9306af11d29d,CONFIRMED,6.755,00
1740,op-575c932a246a,CONFIRMED,6.739,00
1741,op-aad462bbf140,CONFIRMED,6.746,00
1742,op-76d100a71f76,CONFIRMED,6.763,00
1743,op-79155979084e,CONFIRMED,6.771,00
1744,op-f30e34367973,CONFIRMED,6.754,00
1745,op-28998a0daa67,CONFIRMED,6.731,00
1746,op-ea3248258445,CONFIRMED,6.732,00
1747,op-c53b53b3bcd0,CONFIRMED,6.727,00
1748,op-6662ed7881d6,CONFIRMED,6.73,00
1749,op-e1b44eeb4bfb,CONFIRMED,6.73,00
1750,op-e256a7085ca7,CONFIRMED,6.732,00
1751,op-1c8f4d029b2e,CONFIRMED,6.739,00
1752,op-2eec42e87dea,CONFIRMED,6.722,00
1753,op-db70568be5c4,CONFIRMED,6.726,00
1754,op-9643cb20b4d6,CONFIRMED,6.727,00
1755,op-4d97cfeaf8b5,CONFIRMED,6.704,00
1756,op-1c28f28354c2,CONFIRMED,6.704,00
1757,op-eb552cfece1e,CONFIRMED,6.704,00
1758,op-cc77b10a4887,CONFIRMED,6.705,00
1759,op-e4e117d5e4a4,CONFIRMED,6.699,00
1760,op-ec289a625ce4,CONFIRMED,6.71,00
1761,op-4c4df5fefed6,CONFIRMED,6.712,00
1762,op-7b5c72914246,CONFIRMED,6.714,00
1763,op-a15ba1ec3f0f,CONFIRMED,6.716,00
1764,op-b8faa49eca65,CONFIRMED,6.718,00
1765,op-f1b515529367,CONFIRMED,6.72,00
1766,op-ebfa37652ce1,CONFIRMED,6.722,00
1767,op-983c055f4db9,CONFIRMED,6.727,00
1768,op-b5e80b3d815c,CONFIRMED,6.731,00
1769,op-120ca4d6b2f0,CONFIRMED,6.731,00
1770,op-8af346544d6c,CONFIRMED,6.724,00
1771,op-04560019b294,CONFIRMED,6.702,00
1772,op-782d94a57dd5,CONFIRMED,6.702,00
1773,op-31edf5383ae5,CONFIRMED,6.702,00
1774,op-d1e72bff4ddc,CONFIRMED,6.725,00
1775,op-26f8d7ec51ea,CONFIRMED,6.731,00
1776,op-0e142de218d1,CONFIRMED,6.732,00
1777,op-9af307318ae5,CONFIRMED,6.716,00
1778,op-ac1d3b42152a,CONFIRMED,6.722,00
1779,op-136bd1ce0f3e,CONFIRMED,6.73,00
1780,op-4741b6bc5391,CONFIRMED,6.713,00
1781,op-f676de445c85,CONFIRMED,6.691,00
1782,op-53fff87057ef,CONFIRMED,6.692,00
1783,op-05c3a04fab96,CONFIRMED,6.707,00
1784,op-96a079d30d8d,CONFIRMED,6.708,00
1785,op-72d5c2301cce,CONFIRMED,6.717,00
1786,op-dd064847ce81,CONFIRMED,6.717,00
1787,op-6efd4440cdef,CONFIRMED,6.698,00
1788,op-faaf41688331,CONFIRMED,6.696,00
1789,op-60287a250dc1,CONFIRMED,6.7,00
1790,op-43cccee7ef0d,CONFIRMED,6.711,00
1791,op-7d9d5e517ba6,CONFIRMED,6.687,00
1792,op-ec14e2c30e1d,CONFIRMED,6.668,00
1793,op-24fa7bc6f41b,CONFIRMED,6.685,00
1794,op-5764ddd8a25a,CONFIRMED,6.696,00
1795,op-386493d2a35d,CONFIRMED,6.7,00
1796,op-ea6e6b202efc,CONFIRMED,6.686,00
1797,op-a70588e7aa38,CONFIRMED,6.675,00
1798,op-9c399b2dbd95,CONFIRMED,6.658,00
1799,op-6522d9b52808,CONFIRMED,6.648,00
1800,op-be298bcc2c73,CONFIRMED,6.653,00
1801,op-5f1d3d80d8a0,CONFIRMED,6.655,00
1802,op-d52ade9dc487,CONFIRMED,6.66,00
1803,op-954895d7c717,CONFIRMED,6.677,00
1804,op-5046b6c567a2,CONFIRMED,6.647,00
1805,op-77c25a13b292,CONFIRMED,6.621,00
1806,op-07d312657c79,CONFIRMED,6.615,00
1807,op-cc61a83b917f,CONFIRMED,6.619,00
1808,op-80bae01c9b68,CONFIRMED,6.605,00
1809,op-a3dea428b05b,CONFIRMED,6.607,00
1810,op-65aca40d1dd4,CONFIRMED,6.614,00
1811,op-9ef15e12c424,CONFIRMED,6.625,00
1812,op-18d4936d6ce9,CONFIRMED,6.643,00
1813,op-5f5f7cc23a2d,CONFIRMED,6.644,00
1814,op-1ae54b4b97bf,CONFIRMED,6.63,00
1815,op-986f02cc5107,CONFIRMED,6.649,00
1816,op-3a1656cf7604,CONFIRMED,6.659,00
1817,op-bb24f4f6f4a5,CONFIRMED,6.678,00
1818,op-7d028205245d,CONFIRMED,6.688,00
1819,op-90dbece4f575,CONFIRMED,6.665,00
1820,op-36850012ecf6,CONFIRMED,6.642,00
1821,op-12b21e7106ef,CONFIRMED,6.642,00
1822,op-c4f60e2efe05,CONFIRMED,6.63,00
1823,op-78b384398418,CONFIRMED,6.631,00
1824,op-f94d6a783115,CONFIRMED,6.618,00
1825,op-251751cbae53,CONFIRMED,6.618,00
1826,op-5b3e3d11afab,CONFIRMED,6.602,00
1827,op-99ae4208fd90,CONFIRMED,6.58,00
1828,op-2df96d1f4a1e,CONFIRMED,6.601,00
1829,op-83c1852e4e1c,CONFIRMED,6.609,00
1830,op-dae0af77f2b6,CONFIRMED,6.6,00
1831,op-ae849dd0e52b,CONFIRMED,6.6,00
1832,op-87a90116d9be,CONFIRMED,6.599,00
1833,op-61326d6bd177,CONFIRMED,6.599,00
1834,op-4595372cf3f7,CONFIRMED,6.583,00
1835,op-9ffb7ba3f107,CONFIRMED,6.559,00
1836,op-c179d723efb7,CONFIRMED,6.558,00
1837,op-87efeab00356,CONFIRMED,6.542,00
1838,op-96d7ccf8e87d,CONFIRMED,6.517,00
1839,op-0f1a7728c6aa,CONFIRMED,6.517,00
1840,op-b3747244ee16,CONFIRMED,6.527,00
1841,op-f9a3598189c1,CONFIRMED,6.505,00
1842,op-d83c6b38369f,CONFIRMED,6.505,00
1843,op-cf6eb914fcb4,CONFIRMED,6.498,00
1844,op-32472ea4b60d,CONFIRMED,6.497,00
1845,op-83244e79a87d,CONFIRMED,6.484,00
1846,op-ff7cad4f4007,CONFIRMED,6.461,00
1847,op-1dff6b81a1f3,CONFIRMED,6.46,00
1848,op-24733501b00c,CONFIRMED,6.46,00
1849,op-0913c0d5150a,CONFIRMED,6.436,00
1850,op-5e97fbd75b1d,CONFIRMED,6.434,00
1851,op-3a1184a7cd3e,CONFIRMED,6.449,00
1852,op-e8c468ce64cf,CONFIRMED,6.448,00
1853,op-f25cbc156755,CONFIRMED,6.436,00
1854,op-15943a03b9c5,CONFIRMED,6.399,00
1855,op-e628c02a826f,CONFIRMED,6.39,00
1856,op-8ebb566d4124,CONFIRMED,6.389,00
1857,op-e8f8365dd762,CONFIRMED,6.388,00
1858,op-97459ec02c08,CONFIRMED,6.364,00
1859,op-0c422a66b02c,CONFIRMED,6.362,00
1860,op-b1dee4f1b36f,CONFIRMED,6.37,00
1861,op-bcf4d30dca3d,CONFIRMED,6.377,00
1862,op-550d77270818,CONFIRMED,6.364,00
1863,op-46b17e7e28f1,CONFIRMED,6.358,00
1864,op-acca013d8db5,CONFIRMED,6.335,00
1865,op-7c3a810617e4,CONFIRMED,6.324,00
1866,op-338ad3f66336,CONFIRMED,6.323,00
1867,op-fceb0eae1e04,CONFIRMED,6.321,00
1868,op-abe7de6c2f86,CONFIRMED,6.331,00
1869,op-37eaa0d8f050,CONFIRMED,6.33,00
1870,op-c22661962cc6,CONFIRMED,6.349,00
1871,op-f6c2a0c1ba75,CONFIRMED,6.357,00
1872,op-b96b82786c3b,CONFIRMED,6.341,00
1873,op-7312c298aa21,CONFIRMED,6.341,00
1874,op-813706ad5c87,CONFIRMED,6.355,00
1875,op-073537a3e8fa,CONFIRMED,6.354,00
1876,op-9aec5923b49f,CONFIRMED,6.367,00
1877,op-df66465402d2,CONFIRMED,6.374,00
1878,op-0dd84692412c,CONFIRMED,6.371,00
1879,op-8e24ffdea90a,CONFIRMED,6.379,00
1880,op-c5457f0d5f9d,CONFIRMED,6.364,00
1881,op-a0bdb37a1c43,CONFIRMED,6.364,00
1882,op-b8add86fcf43,CONFIRMED,6.357,00
1883,op-524272d3bd27,CONFIRMED,6.366,00
1884,op-2a1d4c7abba6,CONFIRMED,6.366,00
1885,op-4451ff252617,CONFIRMED,6.366,00
1886,op-eb6e5a094638,CONFIRMED,6.348,00
1887,op-41f4b8c60a00,CONFIRMED,6.348,00
1888,op-57752b8e2fa2,CONFIRMED,6.35,00
1889,op-1a215ccd50a7,CONFIRMED,6.371,00
1890,op-c4232d99ab9b,CONFIRMED,6.372,00
1891,op-2c32d9ce6521,CONFIRMED,6.388,00
1892,op-e1e83513c0ef,CONFIRMED,6.387,00
1893,op-a42acd99f10b,CONFIRMED,6.401,00
1894,op-d0358892b792,CONFIRMED,6.38,00
1895,op-ea108a10a38a,CONFIRMED,6.359,00
1896,op-14cba83a2411,CONFIRMED,6.357,00
1897,op-561401af5f30,CONFIRMED,6.36,00
1898,op-82b91d0421ec,CONFIRMED,6.361,00
1899,op-9f9259727ecb,CONFIRMED,6.36,00
1900,op-7b7148c422fc,CONFIRMED,6.356,00
1901,op-96975f45d846,CONFIRMED,6.37,00
1902,op-6b494324e274,CONFIRMED,6.359,00
1903,op-10a6f3ba71b6,CONFIRMED,6.358,00
1904,op-091b8c6c9097,CONFIRMED,6.359,00
1905,op-b5b35891317e,CONFIRMED,6.349,00
1906,op-79195b90a8a3,CONFIRMED,6.363,00
1907,op-87fcdf14da92,CONFIRMED,6.364,00
1908,op-6cc262d204bd,CONFIRMED,6.364,00
1909,op-a96fdc4453dd,CONFIRMED,6.364,00
1910,op-649382ceca2d,CONFIRMED,6.37,00
1911,op-ec3e1c71d696,CONFIRMED,6.352,00
1912,op-25611a42c900,CONFIRMED,6.366,00
1913,op-7047e59e4e35,CONFIRMED,6.388,00
1914,op-7ce45defce46,CONFIRMED,6.388,00
1915,op-49fde769e356,CONFIRMED,6.391,00
1916,op-fc176d20f9e4,CONFIRMED,6.391,00
1917,op-50ce0e22dd93,CONFIRMED,6.391,00
1918,op-baa27cf13c3e,CONFIRMED,6.365,00
1919,op-787c0de57d48,CONFIRMED,6.376,00
1920,op-b5e908364b93,CONFIRMED,6.368,00
1921,op-d0e743d4786c,CONFIRMED,6.371,00
1922,op-88d67040b3a5,CONFIRMED,6.37,00
1923,op-9011fd6c3015,CONFIRMED,6.383,00
1924,op-137e71b04065,CONFIRMED,6.382,00
1925,op-34288f48d324,CONFIRMED,6.381,00
1926,op-d0b8d2c1a8c3,CONFIRMED,6.379,00
1927,op-a900627e936b,CONFIRMED,6.377,00
1928,op-60a4cb9326d6,CONFIRMED,6.376,00
1929,op-c7cb03e718e0,CONFIRMED,6.373,00
1930,op-94037745c640,CONFIRMED,6.371,00
1931,op-af0647bfc647,CONFIRMED,6.391,00
1932,op-50c40d9b479f,CONFIRMED,6.39,00
1933,op-6239a2bf7550,CONFIRMED,6.393,00
1934,op-a26c91385c35,CONFIRMED,6.394,00
1935,op-c3c2006ee747,CONFIRMED,6.407,00
1936,op-8168b27312b4,CONFIRMED,6.414,00
1937,op-ad49f0e3bd00,CONFIRMED,6.423,00
1938,op-89075e406dc5,CONFIRMED,6.423,00
1939,op-d11e8cb2ecba,CONFIRMED,6.44,00
1940,op-01f9e2a63a45,CONFIRMED,6.448,00
1941,op-ba5a6d02557c,CONFIRMED,6.451,00
1942,op-c3a01ecaae70,CONFIRMED,6.449,00
1943,op-88836d76a6d3,CONFIRMED,6.458,00
1944,op-cbfc7ef115b3,CONFIRMED,6.446,00
1945,op-3f875476962c,CONFIRMED,6.447,00
1946,op-dc7b54a1ed5f,CONFIRMED,6.449,00
1947,op-2ce8b66bbbfb,CONFIRMED,6.445,00
1948,op-ad54e8e12e07,CONFIRMED,6.426,00
1949,op-4287b881734c,CONFIRMED,6.429,00
1950,op-500ad595eb90,CONFIRMED,6.428,00
1951,op-3d292a4eed3f,CONFIRMED,6.427,00
1952,op-f696bef223b3,CONFIRMED,6.425,00
1953,op-acd9b779950e,CONFIRMED,6.425,00
1954,op-963f0f026f40,CONFIRMED,6.424,00
1955,op-9b9fb04f6adb,CONFIRMED,6.412,00
1956,op-c031605325a8,CONFIRMED,6.407,00
1957,op-3eb236425886,CONFIRMED,6.408,00
1958,op-17506a4bbed9,CONFIRMED,6.389,00
1959,op-15b57969b009,CONFIRMED,6.366,00
1960,op-39fb5fc6d5e3,CONFIRMED,6.366,00
1961,op-b0250294bc0b,CONFIRMED,6.347,00
1962,op-d81913225932,CONFIRMED,6.339,00
1963,op-ab44bd397cd6,CONFIRMED,6.34,00
1964,op-cb24c4008a56,CONFIRMED,6.325,00
1965,op-de0662e71967,CONFIRMED,6.317,00
1966,op-a597fe702205,CONFIRMED,6.307,00
1967,op-a5d9fd704ab6,CONFIRMED,6.3,00
1968,op-068f1339c090,CONFIRMED,6.298,00
1969,op-011702f2d38d,CONFIRMED,6.297,00
1970,op-7792682f9abf,CONFIRMED,6.271,00
1971,op-93392db78c15,CONFIRMED,6.288,00
1972,op-134ee1b4a69e,CONFIRMED,6.271,00
1973,op-a2a48b8f46b6,CONFIRMED,6.269,00
1974,op-1d0269e3d419,CONFIRMED,6.269,00
1975,op-ac6b1ebee8ed,CONFIRMED,6.267,00
1976,op-411c41543b0c,CONFIRMED,6.248,00
1977,op-cf7192e7dd93,CONFIRMED,6.251,00
1978,op-564a92150680,CONFIRMED,6.259,00
1979,op-2ac54f93f7b4,CONFIRMED,6.256,00
1980,op-0dfefdcebc2a,CONFIRMED,6.254,00
1981,op-b412f132896d,CONFIRMED,6.252,00
1982,op-4d0fc3e746cf,CONFIRMED,6.242,00
1983,op-5aba9647b5ff,CONFIRMED,6.233,00
1984,op-4f727738fa04,CONFIRMED,6.243,00
1985,op-c42f3a0a4e7e,CONFIRMED,6.225,00
1986,op-b9d8a4f48106,CONFIRMED,6.214,00
1987,op-69a0519738d8,CONFIRMED,6.191,00
1988,op-8f30c7f2d10b,CONFIRMED,6.214,00
1989,op-132299a26de6,CONFIRMED,6.214,00
1990,op-e6b5f57e9516,CONFIRMED,6.214,00
1991,op-5b6267b1ca64,CONFIRMED,6.204,00
1992,op-d04a65eb3e8a,CONFIRMED,6.213,00
1993,op-ede8e637f969,CONFIRMED,6.205,00
1994,op-48c0e6c20ed3,CONFIRMED,6.215,00
1995,op-bcef596e0ea3,CONFIRMED,6.206,00
1996,op-37240951560e,CONFIRMED,6.197,00
1997,op-4d0af1d6d83b,CONFIRMED,6.206,00
1998,op-bd29bec52664,CONFIRMED,6.205,00
1999,op-07c9b9fd3d49,CONFIRMED,6.204,00
2000,op-86f035fad89a,CONFIRMED,6.141,00
2001,op-27f3162ea710,CONFIRMED,6.15,00
2002,op-c2dfb5cb9b5a,CONFIRMED,6.147,00
2003,op-4b72c8dc2cdd,CONFIRMED,6.165,00
2004,op-0c3266137238,CONFIRMED,6.163,00
2005,op-91507c2ef410,CONFIRMED,6.164,00
2006,op-d70d45f57d4f,CONFIRMED,6.163,00
2007,op-c233502cca75,CONFIRMED,6.161,00
2008,op-f2efb5f5e2a4,CONFIRMED,6.147,00
2009,op-17e8b437925e,CONFIRMED,6.136,00
2010,op-cf9a531afa7e,CONFIRMED,6.135,00
2011,op-8835028ba6bb,CONFIRMED,6.135,00
2012,op-897db562e96b,CONFIRMED,6.158,00
2013,op-15a00641143d,CONFIRMED,6.158,00
2014,op-5675e2781f92,CONFIRMED,6.156,00
2015,op-65271b2815e1,CONFIRMED,6.134,00
2016,op-244a0eaef4ed,CONFIRMED,6.143,00
2017,op-09717c1db7cd,CONFIRMED,6.134,00
2018,op-f10564b87c25,CONFIRMED,6.125,00
2019,op-1a1cff8aea33,CONFIRMED,6.125,00
2020,op-c69c1643ea0f,CONFIRMED,6.106,00
2021,op-f8e9ac54474e,CONFIRMED,6.119,00
2022,op-adfe9d4a23a2,CONFIRMED,6.108,00
2023,op-83e4bdcdd97a,CONFIRMED,6.106,00
2024,op-5fc58ac804da,CONFIRMED,6.12,00
2025,op-c2037723a1b1,CONFIRMED,6.13,00
2026,op-6991ac0dce3d,CONFIRMED,6.132,00
2027,op-bb5f12a9fc75,CONFIRMED,6.133,00
2028,op-f8a869c50749,CONFIRMED,6.133,00
2029,op-a44f41d85f0e,CONFIRMED,6.133,00
2030,op-8fec5ae2042b,CONFIRMED,6.131,00
2031,op-cb823ebb3dae,CONFIRMED,6.13,00
2032,op-fb94c6fba4b4,CONFIRMED,6.138,00
2033,op-b54329341755,CONFIRMED,6.148,00
2034,op-80bd17177eec,CONFIRMED,6.148,00
2035,op-a7c863fc58c5,CONFIRMED,6.133,00
2036,op-aafad0ccbdd8,CONFIRMED,6.133,00
2037,op-fe8d0419b7ad,CONFIRMED,6.115,00
2038,op-c24132562989,CONFIRMED,6.113,00
2039,op-8dda4200c682,CONFIRMED,6.111,00
2040,op-d75b5fd22d7e,CONFIRMED,6.118,00
2041,op-1f7427675c8a,CONFIRMED,6.139,00
2042,op-6de61bb877dd,CONFIRMED,6.137,00
2043,op-7809270aabde,CONFIRMED,6.157,00
2044,op-3e0c1068117f,CONFIRMED,6.156,00
2045,op-3dfb66f715ad,CONFIRMED,6.173,00
2046,op-9f6323d70cfd,CONFIRMED,6.172,00
2047,op-4af2bcc5c78d,CONFIRMED,6.172,00
2048,op-063a8b4bd380,CONFIRMED,6.172,00
2049,op-6f6e42d1d0ef,CONFIRMED,6.171,00
2050,op-00dcf20a8602,CONFIRMED,6.188,00
2051,op-6dc5d6eb454a,CONFIRMED,6.187,00
2052,op-da0aee297764,CONFIRMED,6.207,00
2053,op-8dbcea3b3375,CONFIRMED,6.186,00
2054,op-0faa53852da3,CONFIRMED,6.186,00
2055,op-54c2507e5516,CONFIRMED,6.182,00
2056,op-8c3b7ec1d621,CONFIRMED,6.191,00
2057,op-11ed6d56d170,CONFIRMED,6.173,00
2058,op-3a5bcf6d309d,CONFIRMED,6.163,00
2059,op-ac50b094f0eb,CONFIRMED,6.176,00
2060,op-e52cfb423290,CONFIRMED,6.186,00
2061,op-f42a5701333a,CONFIRMED,6.192,00
2062,op-40662e81c6e2,CONFIRMED,6.173,00
2063,op-b096e0f5ad8c,CONFIRMED,6.172,00
2064,op-04160171bd7d,CONFIRMED,6.17,00
2065,op-a25af00e60a5,CONFIRMED,6.193,00
2066,op-f17892420b10,CONFIRMED,6.17,00
2067,op-56d40995d10f,CONFIRMED,6.169,00
2068,op-28c628d55540,CONFIRMED,6.168,00
2069,op-82f45362f872,CONFIRMED,6.175,00
2070,op-be448b2062ae,CONFIRMED,6.175,00
2071,op-364374f168c0,CONFIRMED,6.174,00
2072,op-1bde64d4c8d7,CONFIRMED,6.165,00
2073,op-f7663592d7b1,CONFIRMED,6.165,00
2074,op-d23d4bc6314f,CONFIRMED,6.163,00
2075,op-92c6c22b0db6,CONFIRMED,6.161,00
2076,op-eb965920737d,CONFIRMED,6.16,00
2077,op-a7e5ffe4d457,CONFIRMED,6.149,00
2078,op-48238dc424ba,CONFIRMED,6.125,00
2079,op-1040be4b4703,CONFIRMED,6.126,00
2080,op-11c50ccac382,CONFIRMED,6.127,00
2081,op-69fb929dfb78,CONFIRMED,6.118,00
2082,op-c5dd4e5f0fcd,CONFIRMED,6.109,00
2083,op-e03c3d6e6f8c,CONFIRMED,6.114,00
2084,op-4ae374a5add6,CONFIRMED,6.097,00
2085,op-3d97975be96d,CONFIRMED,6.098,00
2086,op-7ca63bbf9b52,CONFIRMED,6.079,00
2087,op-6d43d8a9a162,CONFIRMED,6.08,00
2088,op-32834e931adf,CONFIRMED,6.082,00
2089,op-eb21c3adc635,CONFIRMED,6.097,00
2090,op-72cbba110dbc,CONFIRMED,6.097,00
2091,op-aa94aac61d84,CONFIRMED,6.099,00
2092,op-1500a928fd65,CONFIRMED,6.083,00
2093,op-56e5edaa634f,CONFIRMED,6.084,00
2094,op-9ada5ae99e73,CONFIRMED,6.083,00
2095,op-5f45b1558557,CONFIRMED,6.096,00
2096,op-cc1865887b3c,CONFIRMED,6.103,00
2097,op-1d4080209322,CONFIRMED,6.103,00
2098,op-dae907d83de9,CONFIRMED,6.083,00
2099,op-b13ba0528e80,CONFIRMED,6.082,00
2100,op-88ba66b65c86,CONFIRMED,6.084,00
2101,op-bef22a5fbd44,CONFIRMED,6.094,00
2102,op-34e4920e8f49,CONFIRMED,6.093,00
2103,op-322421e6d593,CONFIRMED,6.092,00
2104,op-424f7c8289f6,CONFIRMED,6.085,00
2105,op-5b33abad06f1,CONFIRMED,6.077,00
2106,op-e48600e5da41,CONFIRMED,6.067,00
2107,op-0c2f4d4f347e,CONFIRMED,6.07,00
2108,op-57f2d4fba26c,CONFIRMED,6.08,00
2109,op-9c6e0081521c,CONFIRMED,6.08,00
2110,op-10572d25c791,CONFIRMED,6.081,00
2111,op-2d095c3e4876,CONFIRMED,6.089,00
2112,op-f6d2661843a8,CONFIRMED,6.078,00
2113,op-e95e4528fd69,CONFIRMED,6.077,00
2114,op-dd3239b1c964,CONFIRMED,6.092,00
2115,op-cba6f550730c,CONFIRMED,6.094,00
2116,op-b32baffbf477,CONFIRMED,6.093,00
2117,op-a17d902a32f8,CONFIRMED,6.111,00
2118,op-c92d89187eb6,CONFIRMED,6.121,00
2119,op-57d9f412d0a3,CONFIRMED,6.119,00
2120,op-f3db1012ef05,CONFIRMED,6.117,00
2121,op-965272de734a,CONFIRMED,6.119,00
2122,op-bb5e328c3553,CONFIRMED,6.128,00
2123,op-22be34f8d36b,CONFIRMED,6.108,00
2124,op-de0b3886b1ea,CONFIRMED,6.098,00
2125,op-0adea2e5b91c,CONFIRMED,6.097,00
2126,op-bd24275bca5e,CONFIRMED,6.077,00
2127,op-975ad98cd64c,CONFIRMED,6.076,00
2128,op-5d176bfef9ec,CONFIRMED,6.091,00
2129,op-cd0defe97faf,CONFIRMED,6.1,00
2130,op-88619310761f,CONFIRMED,6.099,00
2131,op-64ddb4fcbab2,CONFIRMED,6.098,00
2132,op-9bc86b804aa7,CONFIRMED,6.097,00
2133,op-52ad5025b13a,CONFIRMED,6.095,00
2134,op-bec8be24e7b6,CONFIRMED,6.09,00
2135,op-b4f9813713a2,CONFIRMED,6.103,00
2136,op-dc015885c747,CONFIRMED,6.102,00
2137,op-b0d02a012f56,CONFIRMED,6.093,00
2138,op-3504e214d0ca,CONFIRMED,6.07,00
2139,op-697187db7fb9,CONFIRMED,6.076,00
2140,op-d8e2689c2dcd,CONFIRMED,6.067,00
2141,op-6afcf216dfc3,CONFIRMED,6.085,00
2142,op-7c096954031d,CONFIRMED,6.089,00
2143,op-b9ce50d8ffa3,CONFIRMED,6.081,00
2144,op-041791f56939,CONFIRMED,6.02,00
2145,op-8f8c15409577,CONFIRMED,6.018,00
2146,op-2b4132322901,CONFIRMED,6.016,00
2147,op-36d557fd5c5e,CONFIRMED,6.014,00
2148,op-b5d5819b4c85,CONFIRMED,6.013,00
2149,op-c03e9bba3517,CONFIRMED,6.02,00
2150,op-066990c615f6,CONFIRMED,6.012,00
2151,op-4895c38f50c9,CONFIRMED,6.007,00
2152,op-d6ee0e33c82d,CONFIRMED,5.999,00
2153,op-1be4c5ee0df6,CONFIRMED,6.007,00
2154,op-182ef0cdfc7d,CONFIRMED,6.004,00
2155,op-9e3c20f86205,CONFIRMED,6.025,00
2156,op-47e2e545648f,CONFIRMED,6.021,00
2157,op-4de0e1e76ab9,CONFIRMED,6.039,00
2158,op-5f82bb2273cf,CONFIRMED,6.049,00
2159,op-11362f569c4b,CONFIRMED,6.057,00
2160,op-f6c98a49eeba,CONFIRMED,6.057,00
2161,op-5afa75d89d94,CONFIRMED,6.055,00
2162,op-d70119e6f2c9,CONFIRMED,6.053,00
2163,op-6e2bb7e9dafb,CONFIRMED,6.051,00
2164,op-ef52f616570c,CONFIRMED,6.05,00
2165,op-048f3ce696ae,CONFIRMED,6.032,00
2166,op-e3604141102a,CONFIRMED,6.055,00
2167,op-22fe565aff3d,CONFIRMED,6.055,00
2168,op-6632ba178c8a,CONFIRMED,6.063,00
2169,op-671f9cd51994,CONFIRMED,6.063,00
2170,op-df1ca708d741,CONFIRMED,6.056,00
2171,op-e27a04515c8d,CONFIRMED,6.034,00
2172,op-5f544eadc481,CONFIRMED,6.032,00
2173,op-b70394423475,CONFIRMED,6.047,00
2174,op-2a7e981a8720,CONFIRMED,6.064,00
2175,op-6c98c1dd68ed,CONFIRMED,6.067,00
2176,op-8176b298c802,CONFIRMED,6.086,00
2177,op-e8bd5ae381ac,CONFIRMED,6.094,00
2178,op-8dce54bfd6e9,CONFIRMED,6.103,00
2179,op-e973c3d40f79,CONFIRMED,6.111,00
2180,op-1841e807cae5,CONFIRMED,6.119,00
2181,op-4ea8fca4da2d,CONFIRMED,6.128,00
2182,op-5e7a93736121,CONFIRMED,6.135,00
2183,op-ac58cf1b732b,CONFIRMED,6.134,00
2184,op-9c4d5ef9a1e4,CONFIRMED,6.152,00
2185,op-b1ddfc45c047,CONFIRMED,6.149,00
2186,op-a70d0522896d,CONFIRMED,6.133,00
2187,op-2f0b3cd4f86e,CONFIRMED,6.123,00
2188,op-d1ac6589d630,CONFIRMED,6.123,00
2189,op-0cab9b8b5afc,CONFIRMED,6.122,00
2190,op-331e142c1491,CONFIRMED,6.122,00
2191,op-d5da95041b59,CONFIRMED,6.112,00
2192,op-43ab79f9a613,CONFIRMED,6.103,00
2193,op-2276784807d3,CONFIRMED,6.107,00
2194,op-9204ddbf9484,CONFIRMED,6.114,00
2195,op-f1194bca6023,CONFIRMED,6.122,00
2196,op-0704f836237e,CONFIRMED,6.096,00
2197,op-03bff37aab16,CONFIRMED,6.115,00
2198,op-c5c364e1f11b,CONFIRMED,6.105,00
2199,op-d6a0e0473777,CONFIRMED,6.103,00
2200,op-db73f5befb4e,CONFIRMED,6.115,00
2201,op-1e739ea4e7c9,CONFIRMED,6.124,00
2202,op-9464d0685934,CONFIRMED,6.134,00
2203,op-3aa58bcac1c6,CONFIRMED,6.112,00
2204,op-a1e51b2f93ac,CONFIRMED,6.111,00
2205,op-58a88e481429,CONFIRMED,6.124,00
2206,op-c9d1437ca182,CONFIRMED,6.121,00
2207,op-dc8b0e42530f,CONFIRMED,6.122,00
2208,op-950785f832ba,CONFIRMED,6.098,00
2209,op-d9117e624fbb,CONFIRMED,6.097,00
2210,op-36133ff2b4e7,CONFIRMED,6.551,00
2211,op-a90a1d99b534,CONFIRMED,6.551,00
2212,op-d68086abcd43,CONFIRMED,6.55,00
2213,op-f92343b4a8d5,CONFIRMED,6.549,00
2214,op-7328a7239f36,CONFIRMED,6.544,00
2215,op-f6e284e7cb8c,CONFIRMED,6.535,00
2216,op-f1da2dfbb446,CONFIRMED,6.537,00
2217,op-968f2af933cd,CONFIRMED,6.542,00
2218,op-f358434cd723,CONFIRMED,6.548,00
2219,op-6946fda2a7f5,CONFIRMED,6.548,00
2220,op-b4c611977fac,CONFIRMED,6.55,00
2221,op-e0696e28da65,CONFIRMED,6.551,00
2222,op-3e86100820a3,CONFIRMED,6.547,00
2223,op-455f81dc8a4c,CONFIRMED,6.543,00
2224,op-2e4babe4edc0,CONFIRMED,6.538,00
2225,op-faaab2a69198,CONFIRMED,6.531,00
2226,op-83a9ca9cd4c3,CONFIRMED,6.532,00
2227,op-d98c4fa5bfe8,CONFIRMED,6.533,00
2228,op-2f5eef88c4be,CONFIRMED,6.51,00
2229,op-a59a1ebf317e,CONFIRMED,6.511,00
2230,op-ab39d0ed4481,CONFIRMED,6.535,00
2231,op-8a7ac7de0cf2,CONFIRMED,6.561,00
2232,op-9b96127947c4,CONFIRMED,6.583,00
2233,op-3c6ec223f645,CONFIRMED,6.581,00
2234,op-c18725d45415,CONFIRMED,6.598,00
2235,op-042c8d10e111,CONFIRMED,6.593,00
2236,op-c5e085d0fc1f,CONFIRMED,6.595,00
2237,op-7f96db31ba5b,CONFIRMED,6.622,00
2238,op-e4271a8f8259,CONFIRMED,6.624,00
2239,op-c96424740626,CONFIRMED,6.638,00
2240,op-1674f21d7f04,CONFIRMED,6.638,00
2241,op-ab75b1f651ab,CONFIRMED,6.641,00
2242,op-d632369cf0cb,CONFIRMED,6.644,00
2243,op-90b70c4f1595,CONFIRMED,6.636,00
2244,op-af17649facda,CONFIRMED,6.641,00
2245,op-1fe7e4673f5d,CONFIRMED,6.637,00
2246,op-786dd70627ab,CONFIRMED,6.636,00
2247,op-fbe0a1d08be3,CONFIRMED,6.656,00
2248,op-cd6b2bbbb16b,CONFIRMED,6.66,00
2249,op-f30e5637b1d1,CONFIRMED,6.66,00
2250,op-e06ec326c626,CONFIRMED,6.66,00
2251,op-609ed35b02fb,CONFIRMED,6.658,00
2252,op-a1a85a972530,CONFIRMED,6.667,00
2253,op-1f5f2a409f2d,CONFIRMED,6.67,00
2254,op-de3304ffec65,CONFIRMED,6.66,00
2255,op-93124d6f8980,CONFIRMED,6.676,00
2256,op-39d7b99d861f,CONFIRMED,6.679,00
2257,op-087aed4ef2e1,CONFIRMED,6.681,00
2258,op-2b118a068cc1,CONFIRMED,6.687,00
2259,op-e447d9240339,CONFIRMED,6.712,00
2260,op-0bc481b1857b,CONFIRMED,6.722,00
2261,op-09cff41ba016,CONFIRMED,6.747,00
2262,op-b8dab5d94c0b,CONFIRMED,6.748,00
2263,op-3ca7c6245acb,CONFIRMED,6.764,00
2264,op-be52853f8529,CONFIRMED,6.763,00
2265,op-382db8630293,CONFIRMED,6.767,00
2266,op-a07dfe787933,CONFIRMED,6.787,00
2267,op-7d590d05d969,CONFIRMED,6.79,00
2268,op-a821946e58c6,CONFIRMED,6.772,00
2269,op-d194a0b210da,CONFIRMED,6.772,00
2270,op-d065871b1f63,CONFIRMED,6.773,00
2271,op-8e4538b95beb,CONFIRMED,6.791,00
2272,op-23c4436d19b2,CONFIRMED,6.792,00
2273,op-55af90c047d2,CONFIRMED,6.798,00
2274,op-3ace6a7ad40e,CONFIRMED,6.813,00
2275,op-7a3fc9b57ddc,CONFIRMED,6.808,00
2276,op-999ee80c821f,CONFIRMED,6.809,00
2277,op-de46f96f5d8a,CONFIRMED,6.794,00
2278,op-69716bc6ae42,CONFIRMED,6.8,00
2279,op-0578fe86ed53,CONFIRMED,6.785,00
2280,op-6a91972e401a,CONFIRMED,6.803,00
2281,op-e8a5c218a49d,CONFIRMED,6.809,00
2282,op-26b94f6f5fca,CONFIRMED,6.809,00
2283,op-0403d8615a93,CONFIRMED,6.827,00
2284,op-1e1736885c86,CONFIRMED,6.829,00
2285,op-3eb387063f1a,CONFIRMED,6.827,00
2286,op-b7f41e3a4105,CONFIRMED,6.811,00
2287,op-215be3c91acb,CONFIRMED,6.802,00
2288,op-fc8265441604,CONFIRMED,6.793,00
2289,op-22ce068ef0fe,CONFIRMED,6.793,00
2290,op-2a2532c7523a,CONFIRMED,6.794,00
2291,op-a476567c7158,CONFIRMED,6.785,00
2292,op-2eb513436418,CONFIRMED,6.761,00
2293,op-cbab1134e74b,CONFIRMED,6.739,00
2294,op-9c0e6e8c4c4c,CONFIRMED,6.738,00
2295,op-bb28022342bc,CONFIRMED,6.723,00
2296,op-53218c56757d,CONFIRMED,6.723,00
2297,op-771dcddaa6d7,CONFIRMED,6.735,00
2298,op-718cc174ee1c,CONFIRMED,6.714,00
2299,op-5d7f9071a812,CONFIRMED,6.713,00
2300,op-4771052992fa,CONFIRMED,6.735,00
2301,op-9df121d01720,CONFIRMED,6.734,00
2302,op-b16d9203950c,CONFIRMED,6.733,00
2303,op-197164054455,CONFIRMED,6.711,00
2304,op-5e1edf09a098,CONFIRMED,6.709,00
2305,op-7a4823b2f3c8,CONFIRMED,6.72,00
2306,op-aaf762a1b78e,CONFIRMED,6.737,00
2307,op-4e2d1606b852,CONFIRMED,6.736,00
2308,op-2ebfc5ab510d,CONFIRMED,6.737,00
2309,op-59954f104ace,CONFIRMED,6.739,00
2310,op-592887b3b690,CONFIRMED,6.738,00
2311,op-f2724083ed51,CONFIRMED,6.737,00
2312,op-53f2c78390e5,CONFIRMED,6.748,00
2313,op-6e00e18d147a,CONFIRMED,6.747,00
2314,op-4b4bf6b7c501,CONFIRMED,6.745,00
2315,op-fe1c572e89db,CONFIRMED,6.735,00
2316,op-fa33c5210e37,CONFIRMED,6.716,00
2317,op-c8e042e92697,CONFIRMED,6.716,00
2318,op-719c97d5f847,CONFIRMED,6.714,00
2319,op-1cb5881ca832,CONFIRMED,6.714,00
2320,op-0f1f2c90c037,CONFIRMED,6.698,00
2321,op-315916b22858,CONFIRMED,6.698,00
2322,op-c7a578e2d184,CONFIRMED,6.703,00
2323,op-6a51b870e0ed,CONFIRMED,6.695,00
2324,op-b8e61e5f2523,CONFIRMED,6.694,00
2325,op-1685386fcbe9,CONFIRMED,6.694,00
2326,op-1a2d76bfac33,CONFIRMED,6.709,00
2327,op-5d2654c2c3ad,CONFIRMED,6.708,00
2328,op-4113432fbc49,CONFIRMED,6.707,00
2329,op-8f9757cb3d55,CONFIRMED,6.695,00
2330,op-f8adebbb3a04,CONFIRMED,6.672,00
2331,op-049925e2d065,CONFIRMED,6.671,00
2332,op-9d120ed79b63,CONFIRMED,6.685,00
2333,op-104a3f073561,CONFIRMED,6.687,00
2334,op-f1d3d51908c0,CONFIRMED,6.663,00
2335,op-2bbc5341a37e,CONFIRMED,6.662,00
2336,op-141640529f2c,CONFIRMED,6.657,00
2337,op-eac62272e8ab,CONFIRMED,6.638,00
2338,op-ac44147dcf54,CONFIRMED,6.615,00
2339,op-9386489caa3d,CONFIRMED,6.633,00
2340,op-aeb9368cae1a,CONFIRMED,6.641,00
2341,op-2cbafe047a91,CONFIRMED,6.641,00
2342,op-7ef4086cdd4f,CONFIRMED,6.643,00
2343,op-b0d11462d587,CONFIRMED,6.62,00
2344,op-e32e828928fb,CONFIRMED,6.622,00
2345,op-dc15a11a934e,CONFIRMED,6.605,00
2346,op-dc5ae14c8fc9,CONFIRMED,6.597,00
2347,op-afca0b52db8d,CONFIRMED,6.604,00
2348,op-f233dff97364,CONFIRMED,6.612,00
2349,op-f118f8e13540,CONFIRMED,6.603,00
2350,op-67553479b498,CONFIRMED,6.582,00
2351,op-f87543284d55,CONFIRMED,6.591,00
2352,op-46ef081cc962,CONFIRMED,6.575,00
2353,op-c32af928a68b,CONFIRMED,6.551,00
2354,op-b2bd31dd90dc,CONFIRMED,6.572,00
2355,op-0eb3f44d5c9f,CONFIRMED,6.58,00
2356,op-efaca072db5d,CONFIRMED,6.603,00
2357,op-73a1006bb2a3,CONFIRMED,6.603,00
2358,op-4396f6da76e9,CONFIRMED,6.58,00
2359,op-fee09cac4bad,CONFIRMED,6.588,00
2360,op-d7c49e269ae5,CONFIRMED,6.572,00
2361,op-aa542c317233,CONFIRMED,6.566,00
2362,op-1b2863ac36aa,CONFIRMED,6.567,00
2363,op-96c106d29230,CONFIRMED,6.548,00
2364,op-27af69c53ca1,CONFIRMED,6.545,00
2365,op-239a3c2bc65f,CONFIRMED,6.551,00
2366,op-d576204db8c1,CONFIRMED,6.558,00
2367,op-7797aeb3d4bf,CONFIRMED,6.543,00
2368,op-ca8ccb71ad22,CONFIRMED,6.536,00
2369,op-c1608f95e4fa,CONFIRMED,6.534,00
2370,op-f9311a823672,CONFIRMED,6.551,00
2371,op-ca3eb18cf212,CONFIRMED,6.551,00
2372,op-14a549bfa74f,CONFIRMED,6.524,00
2373,op-6bf735589ca8,CONFIRMED,6.522,00
2374,op-03adc66143ec,CONFIRMED,6.517,00
2375,op-d2bade692688,CONFIRMED,6.534,00
2376,op-9af63f82619d,CONFIRMED,6.528,00
2377,op-b11d054ba3bf,CONFIRMED,6.543,00
2378,op-4892419672ad,CONFIRMED,6.538,00
2379,op-9ade6260afc2,CONFIRMED,6.533,00
2380,op-a27ddc253c1e,CONFIRMED,6.527,00
2381,op-7ebd757a3b2d,CONFIRMED,6.529,00
2382,op-92c978d58a35,CONFIRMED,6.531,00
2383,op-d9ed47e79762,CONFIRMED,6.529,00
2384,op-a2ebdf2de7a1,CONFIRMED,6.545,00
2385,op-5c949b95fec3,CONFIRMED,6.543,00
2386,op-dce97b318aab,CONFIRMED,6.536,00
2387,op-a800df115575,CONFIRMED,6.528,00
2388,op-23c52cd84f9f,CONFIRMED,6.527,00
2389,op-2871c3ae98d8,CONFIRMED,6.531,00
2390,op-aeb541fd868b,CONFIRMED,6.538,00
2391,op-0f3e4edfd685,CONFIRMED,6.547,00
2392,op-5a57d55e4aea,CONFIRMED,6.538,00
2393,op-7ff450779bf8,CONFIRMED,6.536,00
2394,op-d6124602e091,CONFIRMED,6.539,00
2395,op-054ab8fd56dd,CONFIRMED,6.537,00
2396,op-875a91d6861f,CONFIRMED,6.535,00
2397,op-1b2d5185d2ba,CONFIRMED,6.538,00
2398,op-15dcf494d984,CONFIRMED,6.528,00
2399,op-825a9e3de8d2,CONFIRMED,6.527,00
2400,op-ce44cc0e31d5,CONFIRMED,6.525,00
2401,op-d8b77c1b03c2,CONFIRMED,6.514,00
2402,op-ededf1a79ba8,CONFIRMED,6.532,00
2403,op-f1d420c172ba,CONFIRMED,6.514,00
2404,op-27236dbcdd47,CONFIRMED,6.53,00
2405,op-f925e5b0f7ae,CONFIRMED,6.539,00
2406,op-b4edefacf23b,CONFIRMED,6.532,00
2407,op-73a2106d2711,CONFIRMED,6.539,00
2408,op-28dd4ccd36fa,CONFIRMED,6.535,00
2409,op-f1633265bd7b,CONFIRMED,6.54,00
2410,op-6099fb48adff,CONFIRMED,6.538,00
2411,op-c506db4784ca,CONFIRMED,6.559,00
2412,op-63d33123e0b0,CONFIRMED,6.558,00
2413,op-5d29fdc67e26,CONFIRMED,6.536,00
2414,op-b5bc194a7f7d,CONFIRMED,6.539,00
2415,op-490a9bd6fa60,CONFIRMED,6.548,00
2416,op-306d0cc87019,CONFIRMED,6.546,00
2417,op-71839f8e07ce,CONFIRMED,6.555,00
2418,op-491b441cb020,CONFIRMED,6.556,00
2419,op-c2150b1f0471,CONFIRMED,6.545,00
2420,op-fa43c03ca3aa,CONFIRMED,6.556,00
2421,op-23c1e92ece11,CONFIRMED,6.554,00
2422,op-9e5dd8a62f81,CONFIRMED,6.553,00
2423,op-0cd0251be78c,CONFIRMED,6.567,00
2424,op-2f479116d92b,CONFIRMED,6.576,00
2425,op-883cfce54c62,CONFIRMED,6.577,00
2426,op-f83683c5c507,CONFIRMED,6.574,00
2427,op-d7347b2a1624,CONFIRMED,6.588,00
2428,op-0ae762045c10,CONFIRMED,6.584,00
2429,op-02f2ccc705cf,CONFIRMED,6.585,00
2430,op-90c0262558b1,CONFIRMED,6.584,00
2431,op-3d394f428580,CONFIRMED,6.587,00
2432,op-0f988cb03979,CONFIRMED,6.585,00
2433,op-4928887eac0a,CONFIRMED,6.604,00
2434,op-d9eef20290e6,CONFIRMED,6.603,00
2435,op-2bccec1db2c4,CONFIRMED,6.602,00
2436,op-04ca945edb85,CONFIRMED,6.592,00
2437,op-1e27bf13123a,CONFIRMED,6.611,00
2438,op-75408bff754d,CONFIRMED,6.591,00
2439,op-ed29727aeec6,CONFIRMED,6.59,00
2440,op-8d5b2087fe47,CONFIRMED,6.571,00
2441,op-11db9193e9de,CONFIRMED,6.559,00
2442,op-9c80902a39e4,CONFIRMED,6.558,00
2443,op-10cfd16e6391,CONFIRMED,6.557,00
2444,op-677bc7df9828,CONFIRMED,6.581,00
2445,op-03ada6921d09,CONFIRMED,6.58,00
2446,op-c2c47d09d649,CONFIRMED,6.577,00
2447,op-5adee907903e,CONFIRMED,6.555,00
2448,op-59c0df64751f,CONFIRMED,6.554,00
2449,op-0d8f7528a6e6,CONFIRMED,6.553,00
2450,op-5b451a2cf9fe,CONFIRMED,6.551,00
2451,op-3bef4670f75e,CONFIRMED,6.564,00
2452,op-beca8bf86289,CONFIRMED,6.574,00
2453,op-52320b0ec222,CONFIRMED,6.583,00
2454,op-1a5f84f94375,CONFIRMED,6.582,00
2455,op-383072476890,CONFIRMED,6.584,00
2456,op-c44ebb6e132f,CONFIRMED,6.583,00
2457,op-733cae7721cb,CONFIRMED,6.565,00
2458,op-9e385ea1814a,CONFIRMED,6.563,00
2459,op-1e9de2c19686,CONFIRMED,6.545,00
2460,op-43f2406df85a,CONFIRMED,6.553,00
2461,op-f149fc052649,CONFIRMED,6.554,00
2462,op-604686706300,CONFIRMED,6.555,00
2463,op-61b27e033d65,CONFIRMED,6.553,00
2464,op-7ee829a79bc2,CONFIRMED,6.553,00
2465,op-2876642c30cb,CONFIRMED,6.572,00
2466,op-308617230a93,CONFIRMED,6.559,00
2467,op-5da85506168d,CONFIRMED,6.549,00
2468,op-2e7856e7d98b,CONFIRMED,6.546,00
2469,op-6889a4a4aa04,CONFIRMED,6.546,00
2470,op-98a7813f4187,CONFIRMED,6.547,00
2471,op-72b05f6078b4,CONFIRMED,6.556,00
2472,op-e9c3c4e6c261,CONFIRMED,6.554,00
2473,op-4924bd34a539,CONFIRMED,6.574,00
2474,op-a1c1e0edb714,CONFIRMED,6.583,00
2475,op-d3849f1a003a,CONFIRMED,6.569,00
2476,op-f65606ad6b99,CONFIRMED,6.558,00
2477,op-763d5f673ecb,CONFIRMED,6.578,00
2478,op-af6b50fd26d4,CONFIRMED,6.577,00
2479,op-7500b310476c,CONFIRMED,6.584,00
2480,op-d4cc9d8d3019,CONFIRMED,6.593,00
2481,op-76d69a0458b5,CONFIRMED,6.605,00
2482,op-3e9a2c069d53,CONFIRMED,6.603,00
2483,op-dd80add40538,CONFIRMED,6.601,00
2484,op-1405cd95d4a3,CONFIRMED,6.6,00
2485,op-a7fb0c04b5ef,CONFIRMED,6.597,00
2486,op-c975b0da8bd9,CONFIRMED,6.594,00
2487,op-28bb47e68b92,CONFIRMED,6.605,00
2488,op-64482e05238e,CONFIRMED,6.614,00
2489,op-5fd40be3b443,CONFIRMED,6.601,00
2490,op-ac5017e16290,CONFIRMED,6.599,00
2491,op-ac6f339c1d42,CONFIRMED,6.598,00
2492,op-3a4dbdd601ac,CONFIRMED,6.593,00
2493,op-72990d92ccf5,CONFIRMED,6.577,00
2494,op-aa4506277180,CONFIRMED,6.552,00
2495,op-da5607eb4fb6,CONFIRMED,6.526,00
2496,op-420691a14598,CONFIRMED,6.516,00
2497,op-db72721b8318,CONFIRMED,6.514,00
2498,op-e0c61b827900,CONFIRMED,6.514,00
2499,op-884f2226c3ad,CONFIRMED,6.534,00
2500,op-455d476cced2,CONFIRMED,6.191,00
2501,op-184cd52e3ba1,CONFIRMED,6.2,00
2502,op-a56ac36720ea,CONFIRMED,6.198,00
2503,op-777e8ef01bc8,CONFIRMED,6.2,00
2504,op-48ba11572d1b,CONFIRMED,6.207,00
2505,op-b3998bf3fb23,CONFIRMED,6.206,00
2506,op-439d2cd53cce,CONFIRMED,6.227,00
2507,op-71ab8c90564f,CONFIRMED,6.206,00
2508,op-ef18efaeeefe,CONFIRMED,6.217,00
2509,op-aaa583a69faf,CONFIRMED,6.217,00
2510,op-2985d1e0656a,CONFIRMED,6.206,00
2511,op-f24011e211d7,CONFIRMED,6.196,00
2512,op-8c2acbd13595,CONFIRMED,6.171,00
2513,op-d2c6127dd9f8,CONFIRMED,6.173,00
2514,op-9502f21eb4b8,CONFIRMED,6.173,00
2515,op-197bffd56947,CONFIRMED,6.18,00
2516,op-007d32f83165,CONFIRMED,6.198,00
2517,op-aedb76100ad9,CONFIRMED,6.208,00
2518,op-0c4b756d04c9,CONFIRMED,6.206,00
2519,op-fce8a9fab70b,CONFIRMED,6.202,00
2520,op-eaba42f0b856,CONFIRMED,6.202,00
2521,op-1fe4a9b4a84e,CONFIRMED,6.202,00
2522,op-97425b5f3164,CONFIRMED,6.189,00
2523,op-4b4fed51789d,CONFIRMED,6.201,00
2524,op-f4515dd98f57,CONFIRMED,6.2,00
2525,op-c1de6bdf2a22,CONFIRMED,6.199,00
2526,op-db13ca6c2b0d,CONFIRMED,6.186,00
2527,op-0a36661a1d3e,CONFIRMED,6.177,00
2528,op-945d5f210898,CONFIRMED,6.176,00
2529,op-544a8eff83ad,CONFIRMED,6.176,00
2530,op-8b1728830a9d,CONFIRMED,6.171,00
2531,op-8200ab8c5497,CONFIRMED,6.168,00
2532,op-abb9cbdface9,CONFIRMED,6.167,00
2533,op-b9d9c579b139,CONFIRMED,6.187,00
2534,op-f77abd2927a4,CONFIRMED,6.196,00
2535,op-dd1f54797788,CONFIRMED,6.205,00
2536,op-69772a63b8b0,CONFIRMED,6.202,00
2537,op-d0eefe23e5bf,CONFIRMED,6.202,00
2538,op-2e37186dfcc6,CONFIRMED,6.215,00
2539,op-727476e27ecc,CONFIRMED,6.19,00
2540,op-bedff175f5a1,CONFIRMED,6.209,00
2541,op-b3cc0794419b,CONFIRMED,6.207,00
2542,op-6f8c042a57fd,CONFIRMED,6.211,00
2543,op-6086d2a47245,CONFIRMED,6.218,00
2544,op-a3409c7934f2,CONFIRMED,6.227,00
2545,op-f95aa08f2065,CONFIRMED,6.21,00
2546,op-64f9913779a9,CONFIRMED,6.227,00
2547,op-14aa70dab88d,CONFIRMED,6.229,00
2548,op-28f6e986df1f,CONFIRMED,6.231,00
2549,op-668ebfe2f4c2,CONFIRMED,6.21,00
2550,op-c4f4402ce8ee,CONFIRMED,6.201,00
2551,op-bb2ec0bc5012,CONFIRMED,6.211,00
2552,op-5be8e0cb25a2,CONFIRMED,6.21,00
2553,op-3725c312dcf5,CONFIRMED,6.212,00
2554,op-26ae4c6c78d2,CONFIRMED,6.219,00
2555,op-e5068aa52218,CONFIRMED,6.219,00
2556,op-5d476f985192,CONFIRMED,6.242,00
2557,op-601a927323aa,CONFIRMED,6.244,00
2558,op-e0a6e0f6bd71,CONFIRMED,6.258,00
2559,op-0680e3824517,CONFIRMED,6.257,00
2560,op-640630d9fc54,CONFIRMED,6.257,00
2561,op-64234e0a481f,CONFIRMED,6.25,00
2562,op-cbe8f2df9131,CONFIRMED,6.244,00
2563,op-eef1b3f5cd9f,CONFIRMED,6.245,00
2564,op-89c36c79058b,CONFIRMED,6.261,00
2565,op-445def5f4f56,CONFIRMED,6.262,00
2566,op-8ef4604e7589,CONFIRMED,6.26,00
2567,op-f76288f4866c,CONFIRMED,6.26,00
2568,op-636293bc9aee,CONFIRMED,6.274,00
2569,op-8aa177f17f80,CONFIRMED,6.275,00
2570,op-a5cbe9dad860,CONFIRMED,6.273,00
2571,op-18d53e3b9363,CONFIRMED,6.272,00
2572,op-b999fcb10ab5,CONFIRMED,6.263,00
2573,op-36ebe919fa28,CONFIRMED,6.284,00
2574,op-22eac40e06f8,CONFIRMED,6.293,00
2575,op-cf6dce338c41,CONFIRMED,6.292,00
2576,op-92523d030006,CONFIRMED,6.291,00
2577,op-7fbccf904c1b,CONFIRMED,6.292,00
2578,op-384589738270,CONFIRMED,6.27,00
2579,op-6cac947b39ba,CONFIRMED,6.275,00
2580,op-3c4da416e5f0,CONFIRMED,6.284,00
2581,op-3b8fe23917b8,CONFIRMED,6.283,00
2582,op-b3d4cd158034,CONFIRMED,6.304,00
2583,op-6258bd6ea784,CONFIRMED,6.308,00
2584,op-5e26f8dea07b,CONFIRMED,6.324,00
2585,op-aa9b97fa59e9,CONFIRMED,6.332,00
2586,op-336f443572f5,CONFIRMED,6.332,00
2587,op-0950ea0b64bc,CONFIRMED,6.348,00
2588,op-6a8c69e56dbf,CONFIRMED,6.348,00
2589,op-687b09241613,CONFIRMED,6.347,00
2590,op-928786f3cf4a,CONFIRMED,6.323,00
2591,op-7d4b49b79179,CONFIRMED,6.332,00
2592,op-b54e45b477cd,CONFIRMED,6.337,00
2593,op-da46d2c308f2,CONFIRMED,6.324,00
2594,op-29ab2520a91a,CONFIRMED,6.315,00
2595,op-307cdc89ff53,CONFIRMED,6.315,00
2596,op-e8d2588d37f6,CONFIRMED,6.306,00
2597,op-5a98eec38647,CONFIRMED,6.298,00
2598,op-96678fef8b4c,CONFIRMED,6.292,00
2599,op-c5e43d72e688,CONFIRMED,6.291,00
2600,op-c70d2b7e3849,CONFIRMED,6.309,00
2601,op-9b795366a68c,CONFIRMED,6.32,00
2602,op-08441d93050c,CONFIRMED,6.321,00
2603,op-5e0bf0e9d3ad,CONFIRMED,6.321,00
2604,op-34215e0f79f8,CONFIRMED,6.341,00
2605,op-5796402152fa,CONFIRMED,6.351,00
2606,op-2a41536d9078,CONFIRMED,6.325,00
2607,op-e370a9325626,CONFIRMED,6.324,00
2608,op-12704f4b5c57,CONFIRMED,6.305,00
2609,op-b577f3e04028,CONFIRMED,6.295,00
2610,op-22281c65aee3,CONFIRMED,6.304,00
2611,op-e401085ac3dd,CONFIRMED,6.301,00
2612,op-78e0013e3e48,CONFIRMED,6.3,00
2613,op-ad4928ee3b19,CONFIRMED,6.277,00
2614,op-7970ee9978dc,CONFIRMED,6.284,00
2615,op-22cb521a0108,CONFIRMED,6.276,00
2616,op-290743c3f277,CONFIRMED,6.285,00
2617,op-44845dc46617,CONFIRMED,6.294,00
2618,op-dd43e15d43c7,CONFIRMED,6.292,00
2619,op-80d5f5b9774f,CONFIRMED,6.288,00
2620,op-e742a28be33a,CONFIRMED,6.259,00
2621,op-aa523a6eb346,CONFIRMED,6.256,00
2622,op-5837e1a016a1,CONFIRMED,6.242,00
2623,op-b7b7b61b057c,CONFIRMED,6.232,00
2624,op-88fe998dc9a9,CONFIRMED,6.221,00
2625,op-af106df3d957,CONFIRMED,6.21,00
2626,op-9ad0751b3223,CONFIRMED,6.194,00
2627,op-142a68cb1a04,CONFIRMED,6.192,00
2628,op-30d63108fe81,CONFIRMED,6.21,00
2629,op-9fb82c9de9b9,CONFIRMED,6.207,00
2630,op-97c30aee2cba,CONFIRMED,6.205,00
2631,op-8331575c82c6,CONFIRMED,6.203,00
2632,op-19544b5c067d,CONFIRMED,6.202,00
2633,op-bc3f93d6dd3a,CONFIRMED,6.207,00
2634,op-c41347ca2357,CONFIRMED,6.195,00
2635,op-11b42b935515,CONFIRMED,6.195,00
2636,op-0d35e40428bd,CONFIRMED,6.197,00
2637,op-ef299f9737d4,CONFIRMED,6.213,00
2638,op-8057a29bfe1d,CONFIRMED,6.211,00
2639,op-b2785d51f087,CONFIRMED,6.201,00
2640,op-617e48005c1b,CONFIRMED,6.191,00
2641,op-c3103e62eae5,CONFIRMED,6.191,00
2642,op-f8d89a63e048,CONFIRMED,6.189,00
2643,op-c0a8a3c017e7,CONFIRMED,6.189,00
2644,op-64ab5f0d0ce9,CONFIRMED,6.169,00
2645,op-4a431bd67187,CONFIRMED,6.158,00
2646,op-7044c523091c,CONFIRMED,6.155,00
2647,op-a606529f7df1,CONFIRMED,6.141,00
2648,op-718755ef4eb0,CONFIRMED,6.135,00
2649,op-465042ca0ece,CONFIRMED,6.159,00
2650,op-17691077c0fd,CONFIRMED,6.139,00
2651,op-8c6e22f57625,CONFIRMED,6.116,00
2652,op-35858883d922,CONFIRMED,6.118,00
2653,op-f70a7b7b3e79,CONFIRMED,6.119,00
2654,op-22fb8de6fa97,CONFIRMED,6.12,00
2655,op-3f114035f3e9,CONFIRMED,6.132,00
2656,op-609985d6547e,CONFIRMED,6.132,00
2657,op-bd6b7d8e23d8,CONFIRMED,6.132,00
2658,op-ed44a0f87e10,CONFIRMED,6.15,00
2659,op-b529db690cbf,CONFIRMED,6.151,00
2660,op-1ca161a736de,CONFIRMED,6.154,00
2661,op-22d61d2df5ba,CONFIRMED,6.156,00
2662,op-13e079741655,CONFIRMED,6.142,00
2663,op-c70143e05840,CONFIRMED,6.119,00
2664,op-7e4392fdddff,CONFIRMED,6.127,00
2665,op-c691db92a476,CONFIRMED,6.128,00
2666,op-49a3e3b45ed2,CONFIRMED,6.135,00
2667,op-d2c270d0a3a5,CONFIRMED,6.149,00
2668,op-926c0421dd4a,CONFIRMED,6.135,00
2669,op-27291f5e5e64,CONFIRMED,6.154,00
2670,op-714d7e70c564,CONFIRMED,6.143,00
2671,op-d74f36093c61,CONFIRMED,6.154,00
2672,op-0116e279a898,CONFIRMED,6.157,00
2673,op-c74d6d3eb90b,CONFIRMED,6.172,00
2674,op-b38bd22365f9,CONFIRMED,6.182,00
2675,op-d457012824cb,CONFIRMED,6.192,00
2676,op-27ba58b5b356,CONFIRMED,6.19,00
2677,op-1ba55519658d,CONFIRMED,6.209,00
2678,op-9c1ad324b093,CONFIRMED,6.19,00
2679,op-139a9af6ab09,CONFIRMED,6.19,00
2680,op-c6f85eb691f4,CONFIRMED,6.192,00
2681,op-6e0ffe86efb4,CONFIRMED,6.194,00
2682,op-fe6892f278bd,CONFIRMED,6.184,00
2683,op-9712ab53e87d,CONFIRMED,6.193,00
2684,op-0e262417344d,CONFIRMED,6.21,00
2685,op-628f44fe921a,CONFIRMED,6.204,00
2686,op-ad8988fc2a8d,CONFIRMED,6.199,00
2687,op-7de732e35cb2,CONFIRMED,6.203,00
2688,op-5f56aaf63fee,CONFIRMED,6.205,00
2689,op-cf500dc89b60,CONFIRMED,6.195,00
2690,op-ba9f74bc44fb,CONFIRMED,6.22,00
2691,op-343a360abe40,CONFIRMED,6.221,00
2692,op-a6e8113cdc54,CONFIRMED,6.211,00
2693,op-0d12ff22f413,CONFIRMED,6.215,00
2694,op-aad00efa3b9b,CONFIRMED,6.223,00
2695,op-e1ed9377b9fc,CONFIRMED,6.241,00
2696,op-4373dcff0db0,CONFIRMED,6.255,00
2697,op-fd9b9085f0b3,CONFIRMED,6.275,00
2698,op-40eed5224544,CONFIRMED,6.276,00
2699,op-38ca1393af2f,CONFIRMED,6.292,00
2700,op-a3a35c126d44,CONFIRMED,6.303,00
2701,op-ecd3d5384eeb,CONFIRMED,6.389,00
2702,op-40e805d538ac,CONFIRMED,6.411,00
2703,op-ba16cdb8a993,CONFIRMED,6.42,00
2704,op-d3460bd7d90a,CONFIRMED,6.422,00
2705,op-5f3029768b9e,CONFIRMED,6.422,00
2706,op-b39cdeb74945,CONFIRMED,6.424,00
2707,op-3c77ebe3c7e4,CONFIRMED,6.427,00
2708,op-369a856b39f5,CONFIRMED,6.445,00
2709,op-f96f5e3d739e,CONFIRMED,6.444,00
2710,op-c32cd20c6221,CONFIRMED,6.443,00
2711,op-42f6b18df30a,CONFIRMED,6.453,00
2712,op-1900a2a5486f,CONFIRMED,6.454,00
2713,op-57eec2b4f382,CONFIRMED,6.446,00
2714,op-822619f3f642,CONFIRMED,6.447,00
2715,op-fc0e30c90fee,CONFIRMED,6.464,00
2716,op-8f6d6b07b44d,CONFIRMED,6.464,00
2717,op-21607bcae342,CONFIRMED,6.467,00
2718,op-703e997f88ea,CONFIRMED,6.467,00
2719,op-32410b06b68b,CONFIRMED,6.47,00
2720,op-a2e7f51cc8c2,CONFIRMED,6.475,00
2721,op-d0ff0fef072a,CONFIRMED,6.477,00
2722,op-acaaac7e6a11,CONFIRMED,6.472,00
2723,op-ab958ba90437,CONFIRMED,6.475,00
2724,op-1d1851a85353,CONFIRMED,6.475,00
2725,op-e868483b61e5,CONFIRMED,6.466,00
2726,op-1ca94b8d062a,CONFIRMED,6.482,00
2727,op-5bffe3cda918,CONFIRMED,6.487,00
2728,op-6314ff4444c1,CONFIRMED,6.465,00
2729,op-e11c3c6ad153,CONFIRMED,6.479,00
2730,op-5e62460aa802,CONFIRMED,6.476,00
2731,op-d0d2642f902e,CONFIRMED,6.476,00
2732,op-a65230034639,CONFIRMED,6.475,00
2733,op-a9e5ffcaa7d9,CONFIRMED,6.473,00
2734,op-ea3fe146c2b7,CONFIRMED,6.483,00
2735,op-a5f285f14dbe,CONFIRMED,6.471,00
2736,op-cfb8b92e2f4a,CONFIRMED,6.468,00
2737,op-5378a09d2ba0,CONFIRMED,6.483,00
2738,op-70e567cc24eb,CONFIRMED,6.483,00
2739,op-3fe92bf84502,CONFIRMED,6.491,00
2740,op-c9f8d5cf15fd,CONFIRMED,6.488,00
2741,op-1f927731aba1,CONFIRMED,6.486,00
2742,op-9ccca8834760,CONFIRMED,6.483,00
2743,op-806f9129ffd7,CONFIRMED,6.48,00
2744,op-cddcaa60d5d5,CONFIRMED,6.461,00
2745,op-ea5d287284f6,CONFIRMED,6.46,00
2746,op-b079b696104a,CONFIRMED,6.443,00
2747,op-efc62f3474bc,CONFIRMED,6.441,00
2748,op-8a3b3c289f9f,CONFIRMED,6.424,00
2749,op-df100db41355,CONFIRMED,6.422,00
2750,op-b5b1e4df5f5b,CONFIRMED,6.42,00
2751,op-3cd234399eae,CONFIRMED,6.412,00
2752,op-0861fb945a0e,CONFIRMED,6.387,00
2753,op-6c083934e703,CONFIRMED,6.386,00
2754,op-f7d72b4861ef,CONFIRMED,6.379,00
2755,op-8beeeba8f5a5,CONFIRMED,6.376,00
2756,op-b2e76b55e33c,CONFIRMED,6.375,00
2757,op-789babc9573f,CONFIRMED,6.374,00
2758,op-fa9d15881af1,CONFIRMED,6.372,00
2759,op-01a84bc3154f,CONFIRMED,6.373,00
2760,op-af59e7019c98,CONFIRMED,6.394,00
2761,op-126119c7df59,CONFIRMED,6.373,00
2762,op-393f1b18d18a,CONFIRMED,6.386,00
2763,op-0b7fc2bd24d6,CONFIRMED,6.37,00
2764,op-0c6ac25f9d6b,CONFIRMED,6.387,00
2765,op-334adb241d69,CONFIRMED,6.386,00
2766,op-ca831586b404,CONFIRMED,6.363,00
2767,op-d1657654ed84,CONFIRMED,6.361,00
2768,op-eaea714aeef9,CONFIRMED,6.344,00
2769,op-67d45fb0887d,CONFIRMED,6.334,00
2770,op-d897b0e33be8,CONFIRMED,6.354,00
2771,op-796bc471c3f5,CONFIRMED,6.353,00
2772,op-4eee1f8bad24,CONFIRMED,6.352,00
2773,op-987399ea67cd,CONFIRMED,6.337,00
2774,op-32cfa6c42e54,CONFIRMED,6.336,00
2775,op-170a90541ce3,CONFIRMED,6.347,00
2776,op-b468e6e7356b,CONFIRMED,6.333,00
2777,op-0e6a28669d62,CONFIRMED,6.331,00
2778,op-3d7c8832aa0d,CONFIRMED,6.349,00
2779,op-79c42f676f87,CONFIRMED,6.333,00
2780,op-006d5dde13d4,CONFIRMED,6.331,00
2781,op-381aa5732448,CONFIRMED,6.348,00
2782,op-1979f45a0552,CONFIRMED,6.297,00
2783,op-8ce5f030028d,CONFIRMED,6.299,00
2784,op-0f2fa82ba8ba,CONFIRMED,6.298,00
2785,op-87fb4c768227,CONFIRMED,6.304,00
2786,op-cc8421ceed6a,CONFIRMED,6.304,00
2787,op-b5fdadf87cae,CONFIRMED,6.32,00
2788,op-cd74de717e0d,CONFIRMED,6.319,00
2789,op-a93dd4a7f31d,CONFIRMED,6.336,00
2790,op-168edc56c8ad,CONFIRMED,6.335,00
2791,op-12817505548c,CONFIRMED,6.317,00
2792,op-70fabec411a0,CONFIRMED,6.327,00
2793,op-b033981b8324,CONFIRMED,6.324,00
2794,op-efb18e465e5a,CONFIRMED,6.303,00
2795,op-1f3effc6ebcc,CONFIRMED,6.281,00
2796,op-5c936eed908a,CONFIRMED,6.281,00
2797,op-317a6f35a202,CONFIRMED,6.262,00
2798,op-ef449b635be5,CONFIRMED,6.263,00
2799,op-1514e4ca4a96,CONFIRMED,6.261,00
2800,op-c5e7b4b34859,CONFIRMED,6.257,00
2801,op-003777e219df,CONFIRMED,6.256,00
2802,op-73d03e69a939,CONFIRMED,6.258,00
2803,op-e31ff106fc76,CONFIRMED,6.248,00
2804,op-8ba87c9a2c12,CONFIRMED,6.225,00
2805,op-99c526924e44,CONFIRMED,6.202,00
2806,op-ce9aa3346b85,CONFIRMED,6.202,00
2807,op-f7a20e15109e,CONFIRMED,6.207,00
2808,op-86f344f42874,CONFIRMED,6.184,00
2809,op-62f95d69cb92,CONFIRMED,6.184,00
2810,op-44097b6ac4a0,CONFIRMED,6.183,00
2811,op-f371fb9eb3af,CONFIRMED,6.183,00
2812,op-b89efb647dfd,CONFIRMED,6.167,00
2813,op-111b915a0b95,CONFIRMED,6.145,00
2814,op-ce0d42caf1f4,CONFIRMED,6.156,00
2815,op-53dc2d280f5b,CONFIRMED,6.15,00
2816,op-f1a9e08413eb,CONFIRMED,6.157,00
2817,op-da41b912afea,CONFIRMED,6.145,00
2818,op-365360791945,CONFIRMED,6.136,00
2819,op-c164d93e6f50,CONFIRMED,6.14,00
2820,op-3ceaf56cdfe4,CONFIRMED,6.125,00
2821,op-5afbf9aa3a68,CONFIRMED,6.139,00
2822,op-16a5f0a4a103,CONFIRMED,6.14,00
2823,op-c4c454492454,CONFIRMED,6.132,00
2824,op-999478230583,CONFIRMED,6.138,00
2825,op-16590890c20b,CONFIRMED,6.138,00
2826,op-6ddd72e7a99b,CONFIRMED,6.139,00
2827,op-e56c5c5094dd,CONFIRMED,6.14,00
2828,op-332c707ff532,CONFIRMED,6.131,00
2829,op-96302ed91431,CONFIRMED,6.122,00
2830,op-85692fe52427,CONFIRMED,6.112,00
2831,op-8fdb5f82c6df,CONFIRMED,6.098,00
2832,op-e98de499a98a,CONFIRMED,6.099,00
2833,op-b9ac8d094d0e,CONFIRMED,6.099,00
2834,op-a64681a987a8,CONFIRMED,6.08,00
2835,op-0b9129d07740,CONFIRMED,6.093,00
2836,op-39bf9e71b2b3,CONFIRMED,6.117,00
2837,op-70d53fef47db,CONFIRMED,6.127,00
2838,op-ec6d038b299c,CONFIRMED,6.136,00
2839,op-f5a3b5f367a8,CONFIRMED,6.146,00
2840,op-005323fef8d1,CONFIRMED,6.15,00
2841,op-7db65bd93e26,CONFIRMED,6.166,00
2842,op-aa4414762e4a,CONFIRMED,6.154,00
2843,op-7bd82d3c2502,CONFIRMED,6.17,00
2844,op-81c5eb0bb953,CONFIRMED,6.153,00
2845,op-20721ca85def,CONFIRMED,6.168,00
2846,op-98a0b9c5e179,CONFIRMED,6.169,00
2847,op-3af07b735d1f,CONFIRMED,6.187,00
2848,op-e9a1b8875b28,CONFIRMED,6.196,00
2849,op-c554c681b96e,CONFIRMED,6.181,00
2850,op-efe61e02e3ad,CONFIRMED,6.181,00
2851,op-6498b5b62a54,CONFIRMED,6.165,00
2852,op-5c83abcfc294,CONFIRMED,6.181,00
2853,op-7982c839d40b,CONFIRMED,6.179,00
2854,op-6617a1c34bc6,CONFIRMED,6.175,00
2855,op-2d770bd990a8,CONFIRMED,6.172,00
2856,op-77f626a052fe,CONFIRMED,6.193,00
2857,op-aa533aec61d7,CONFIRMED,6.194,00
2858,op-03fb4b2d7442,CONFIRMED,6.192,00
2859,op-616e3db8cd60,CONFIRMED,6.191,00
2860,op-4ea6db442174,CONFIRMED,6.209,00
2861,op-c373cad74762,CONFIRMED,6.207,00
2862,op-e1d67706e193,CONFIRMED,6.204,00
2863,op-67b6f5cfa767,CONFIRMED,6.181,00
2864,op-68b59f621822,CONFIRMED,6.176,00
2865,op-1f77bce7d5da,CONFIRMED,6.192,00
2866,op-18663cd85809,CONFIRMED,6.193,00
2867,op-d63fb83f4ac6,CONFIRMED,6.177,00
2868,op-106e7b0b8847,CONFIRMED,6.173,00
2869,op-07d98220350f,CONFIRMED,6.173,00
2870,op-1101a216dfa2,CONFIRMED,6.12,00
2871,op-58d5c31a2e22,CONFIRMED,6.12,00
2872,op-20c56e25f71f,CONFIRMED,6.11,00
2873,op-d354dc3df8b9,CONFIRMED,6.124,00
2874,op-ff90c14fe07d,CONFIRMED,6.125,00
2875,op-e7f07dae2761,CONFIRMED,6.127,00
2876,op-ddc6b50491cc,CONFIRMED,6.128,00
2877,op-85cfd4138648,CONFIRMED,6.126,00
2878,op-10580b91c461,CONFIRMED,6.128,00
2879,op-dc276120ae5e,CONFIRMED,6.127,00
2880,op-dbbbedec2e6c,CONFIRMED,6.127,00
2881,op-4e59e8282a85,CONFIRMED,6.146,00
2882,op-7c1150ec5a20,CONFIRMED,6.158,00
2883,op-398af78d7210,CONFIRMED,6.139,00
2884,op-c662085b8b90,CONFIRMED,6.186,00
2885,op-9bf6d96ca5e0,CONFIRMED,6.208,00
2886,op-8d58242b3d88,CONFIRMED,6.217,00
2887,op-6392607dbcd7,CONFIRMED,6.199,00
2888,op-fd1bac459a4c,CONFIRMED,6.191,00
2889,op-0bd8c6cb4086,CONFIRMED,6.189,00
2890,op-bc9ca1d5daed,CONFIRMED,6.196,00
2891,op-2d423db267ef,CONFIRMED,6.196,00
2892,op-d4f986109dea,CONFIRMED,6.21,00
2893,op-53681eeb8035,CONFIRMED,6.219,00
2894,op-fdfc4636348c,CONFIRMED,6.196,00
2895,op-e5ae6d6c4018,CONFIRMED,6.215,00
2896,op-c03ff231a976,CONFIRMED,6.213,00
2897,op-5a1386e5eba0,CONFIRMED,6.232,00
2898,op-b7d11c8f0012,CONFIRMED,6.231,00
2899,op-2c8aa2033ccd,CONFIRMED,6.229,00
2900,op-a4c85589f9fb,CONFIRMED,6.228,00
2901,op-c1e5667f1786,CONFIRMED,6.21,00
2902,op-b1242e1e2e33,CONFIRMED,6.222,00
2903,op-319ba13773aa,CONFIRMED,6.221,00
2904,op-9ecc238b0681,CONFIRMED,6.229,00
2905,op-dd65813d1355,CONFIRMED,6.238,00
2906,op-1b400a2ca3e3,CONFIRMED,6.248,00
2907,op-a15a0df13b21,CONFIRMED,6.226,00
2908,op-0dc800c20389,CONFIRMED,6.244,00
2909,op-1cd3ca2bb342,CONFIRMED,6.223,00
2910,op-a473b9af5441,CONFIRMED,6.212,00
2911,op-b8defcd22ef9,CONFIRMED,6.202,00
2912,op-2943a50f68ed,CONFIRMED,6.191,00
2913,op-2f86665db18c,CONFIRMED,6.18,00
2914,op-ec3d6d31d2c5,CONFIRMED,6.176,00
2915,op-f7e2a27c5266,CONFIRMED,6.179,00
2916,op-f416fcd09394,CONFIRMED,6.193,00
2917,op-732735fd0b7a,CONFIRMED,6.201,00
2918,op-0aa156ed2bbd,CONFIRMED,6.186,00
2919,op-442889ce9a48,CONFIRMED,6.184,00
2920,op-40d4be4b8cb9,CONFIRMED,6.182,00
2921,op-556f8c3d2b5f,CONFIRMED,6.169,00
2922,op-3346309a7886,CONFIRMED,6.167,00
2923,op-47e692846805,CONFIRMED,6.165,00
2924,op-ff7150981288,CONFIRMED,6.164,00
2925,op-1f75880ad124,CONFIRMED,6.158,00
2926,op-87ee12ef8da8,CONFIRMED,6.157,00
2927,op-3b241663ddaa,CONFIRMED,6.138,00
2928,op-55588530cda6,CONFIRMED,6.135,00
2929,op-620576c03676,CONFIRMED,6.156,00
2930,op-b60372953a1d,CONFIRMED,6.158,00
2931,op-dc81c11ad8f7,CONFIRMED,6.157,00
2932,op-5fd722c8f2e8,CONFIRMED,6.154,00
2933,op-380a52b670d6,CONFIRMED,6.153,00
2934,op-df5bcf32cbe9,CONFIRMED,6.151,00
2935,op-04b2c1a5c904,CONFIRMED,6.154,00
2936,op-0391bacdfba0,CONFIRMED,6.142,00
2937,op-7eb341dc2636,CONFIRMED,6.14,00
2938,op-d338216c6a5f,CONFIRMED,6.153,00
2939,op-3b915e4fc9c1,CONFIRMED,6.154,00
2940,op-8ab9a1c3be96,CONFIRMED,6.148,00
2941,op-ecbdc41fea51,CONFIRMED,6.141,00
2942,op-ccbd0453a8eb,CONFIRMED,6.121,00
2943,op-f00012491f81,CONFIRMED,6.118,00
2944,op-a41a5924bfa9,CONFIRMED,6.104,00
2945,op-6e3aa9bf76dd,CONFIRMED,6.112,00
2946,op-a63a02d3566c,CONFIRMED,6.099,00
2947,op-c0d0d3adf56f,CONFIRMED,6.116,00
2948,op-e45b9b51fef5,CONFIRMED,6.122,00
2949,op-6a00993d3ff4,CONFIRMED,6.131,00
2950,op-a27982596ffb,CONFIRMED,6.11,00
2951,op-e722331b2fb6,CONFIRMED,6.108,00
2952,op-32ed9b3a6e0e,CONFIRMED,6.091,00
2953,op-ffb12da78dd7,CONFIRMED,6.08,00
2954,op-6261fba05480,CONFIRMED,6.079,00
2955,op-4422f514dd08,CONFIRMED,6.091,00
2956,op-477a448766a6,CONFIRMED,6.095,00
2957,op-45ca3c7e176c,CONFIRMED,6.073,00
2958,op-7d59d2627387,CONFIRMED,6.082,00
2959,op-d233a5135bc7,CONFIRMED,6.081,00
2960,op-5b265a96da88,CONFIRMED,6.077,00
2961,op-08523fbdc31f,CONFIRMED,6.06,00
2962,op-05cc6458607f,CONFIRMED,6.059,00
2963,op-caa535ef4338,CONFIRMED,6.04,00
2964,op-217fb135523c,CONFIRMED,6.038,00
2965,op-cd383ac4cacb,CONFIRMED,6.018,00
2966,op-71ea5ff8bc13,CONFIRMED,6.037,00
2967,op-155be78c2dbb,CONFIRMED,6.027,00
2968,op-d778fee39486,CONFIRMED,6.026,00
2969,op-f0aa845a4680,CONFIRMED,6.023,00
2970,op-5dc71ab82e44,CONFIRMED,6.038,00
2971,op-9f17d24e36a1,CONFIRMED,6.048,00
2972,op-828a6324310e,CONFIRMED,6.041,00
2973,op-23fc2e3fbd40,CONFIRMED,6.027,00
2974,op-1850b55ce7f1,CONFIRMED,6.037,00
2975,op-c4b1da4d102d,CONFIRMED,6.018,00
2976,op-29ede07785e3,CONFIRMED,5.994,00
2977,op-0845131c3803,CONFIRMED,5.986,00
2978,op-c9feb0d0d578,CONFIRMED,5.98,00
2979,op-1409e6013283,CONFIRMED,5.979,00
2980,op-40814ee5c3ce,CONFIRMED,5.997,00
2981,op-82cea11e2d9b,CONFIRMED,6.007,00
2982,op-b18e544280fd,CONFIRMED,6.006,00
2983,op-835aa2ec7663,CONFIRMED,6.012,00
2984,op-9b2abf70b540,CONFIRMED,6.003,00
2985,op-29de3eac37ce,CONFIRMED,5.994,00
2986,op-77ce185867d6,CONFIRMED,5.993,00
2987,op-acad9a4cc99e,CONFIRMED,6.016,00
2988,op-a5d708c295f6,CONFIRMED,6.023,00
2989,op-cd651701c92e,CONFIRMED,6.024,00
2990,op-67e7e6972c61,CONFIRMED,6.029,00
2991,op-98a33c171dd6,CONFIRMED,6.058,00
2992,op-cabb69fbdef6,CONFIRMED,6.057,00
2993,op-465148bf3de0,CONFIRMED,6.056,00
2994,op-21a0a66d1f7b,CONFIRMED,6.037,00
2995,op-0b5ab67feacf,CONFIRMED,6.026,00
2996,op-62cf8e137760,CONFIRMED,6.016,00
2997,op-8be976a90e34,CONFIRMED,6.038,00
2998,op-a9e1c991590f,CONFIRMED,6.031,00
2999,op-4f43d374038d,CONFIRMED,6.052,00
3000,op-c87cc5e17c88,CONFIRMED,6.3,00
3001,op-57630fa09ed8,CONFIRMED,6.301,00
3002,op-4f6ab5c77e7c,CONFIRMED,6.301,00
3003,op-3dc257afb118,CONFIRMED,6.3,00
3004,op-b92ac272f70e,CONFIRMED,6.294,00
3005,op-de49dd633a7b,CONFIRMED,6.295,00
3006,op-3f68cc4bd259,CONFIRMED,6.307,00
3007,op-2a5c5e7e6a33,CONFIRMED,6.29,00
3008,op-f04e385ac3eb,CONFIRMED,6.289,00
3009,op-2c0e50d93455,CONFIRMED,6.271,00
3010,op-e35e04e9d9c3,CONFIRMED,6.271,00
3011,op-e3bbc6deb26c,CONFIRMED,6.252,00
3012,op-83a79de90760,CONFIRMED,6.25,00
3013,op-e547f289f292,CONFIRMED,6.254,00
3014,op-d1abac38fff0,CONFIRMED,6.243,00
3015,op-1282cdfd9f37,CONFIRMED,6.24,00
3016,op-6a2f262038b0,CONFIRMED,6.238,00
3017,op-3e7d0154a87b,CONFIRMED,6.239,00
3018,op-505e673f6014,CONFIRMED,6.22,00
3019,op-b40d59189937,CONFIRMED,6.22,00
3020,op-80d0eec2eba6,CONFIRMED,6.202,00
3021,op-473c6bbe4e5c,CONFIRMED,6.199,00
3022,op-ba78ab704c9a,CONFIRMED,6.198,00
3023,op-ee9282e17365,CONFIRMED,6.187,00
3024,op-2ab5bc184516,CONFIRMED,6.187,00
3025,op-5d3bea5bc213,CONFIRMED,6.18,00
3026,op-d70dbb532bc2,CONFIRMED,6.175,00
3027,op-3c0c0a8825ab,CONFIRMED,6.167,00
3028,op-bb7119c1a086,CONFIRMED,6.173,00
3029,op-90c99640e971,CONFIRMED,6.173,00
3030,op-6712da55c84e,CONFIRMED,6.173,00
3031,op-30bbb43ceef9,CONFIRMED,6.167,00
3032,op-088de6a09fac,CONFIRMED,6.165,00
3033,op-62ec08b92e89,CONFIRMED,6.163,00
3034,op-973347f65766,CONFIRMED,6.186,00
3035,op-8df8c1cfe68c,CONFIRMED,6.187,00
3036,op-6c3075ae79fc,CONFIRMED,6.202,00
3037,op-ff273883b72d,CONFIRMED,6.21,00
3038,op-e84efb4187be,CONFIRMED,6.207,00
3039,op-1f3ea2b700a0,CONFIRMED,6.225,00
3040,op-52b1280421e2,CONFIRMED,6.223,00
3041,op-0e8460cf73d2,CONFIRMED,6.222,00
3042,op-4da3608ef8b5,CONFIRMED,6.23,00
3043,op-f3c481c87cbe,CONFIRMED,6.21,00
3044,op-c0aa70f4bf03,CONFIRMED,6.209,00
3045,op-a62c77d79f84,CONFIRMED,6.208,00
3046,op-663eec2c9926,CONFIRMED,6.208,00
3047,op-6d2fdf76fd71,CONFIRMED,6.207,00
3048,op-8abd9116706f,CONFIRMED,6.219,00
3049,op-ea68395629d7,CONFIRMED,6.224,00
3050,op-7388ca90e554,CONFIRMED,6.234,00
3051,op-1a04f5db02b2,CONFIRMED,6.229,00
3052,op-e0ca6d2219be,CONFIRMED,6.228,00
3053,op-34c69a83110e,CONFIRMED,6.227,00
3054,op-1bd1a43bd264,CONFIRMED,6.212,00
3055,op-a255bbc0a723,CONFIRMED,6.232,00
3056,op-30887bd449c9,CONFIRMED,6.232,00
3057,op-1592195fa317,CONFIRMED,6.226,00
3058,op-6356e09879fc,CONFIRMED,6.241,00
3059,op-cd5f9fe173dd,CONFIRMED,6.25,00
3060,op-dd2e40012209,CONFIRMED,6.248,00
3061,op-22fb3a985717,CONFIRMED,6.258,00
3062,op-eff4ee05d1f9,CONFIRMED,6.27,00
3063,op-813ca9afffdf,CONFIRMED,6.263,00
3064,op-575b724af884,CONFIRMED,6.264,00
3065,op-f6711b072e77,CONFIRMED,6.264,00
3066,op-2555dd909bc4,CONFIRMED,6.269,00
3067,op-b26c29c1ba16,CONFIRMED,6.268,00
3068,op-31f59be11835,CONFIRMED,6.268,00
3069,op-558e63155911,CONFIRMED,6.271,00
3070,op-00923ac4766a,CONFIRMED,6.277,00
3071,op-1f9457ceb81e,CONFIRMED,6.282,00
3072,op-c1e11d5a2a58,CONFIRMED,6.269,00
3073,op-0a1e9ee09fea,CONFIRMED,6.267,00
3074,op-242fec2782fc,CONFIRMED,6.314,00
3075,op-d9ff33f4a3db,CONFIRMED,6.301,00
3076,op-73089f05af26,CONFIRMED,6.294,00
3077,op-5a78aa7abfa3,CONFIRMED,6.271,00
3078,op-ffc14ee4f5d3,CONFIRMED,6.274,00
3079,op-97038082ed7d,CONFIRMED,6.276,00
3080,op-07e07e9ca018,CONFIRMED,6.285,00
3081,op-a3f106cee612,CONFIRMED,6.284,00
3082,op-cc671ca323b5,CONFIRMED,6.265,00
3083,op-a28e7af1c3e4,CONFIRMED,6.276,00
3084,op-4310b0f74451,CONFIRMED,6.257,00
3085,op-90b0a69dff4f,CONFIRMED,6.245,00
3086,op-f719604804c5,CONFIRMED,6.246,00
3087,op-cd8b9a1c4a8d,CONFIRMED,6.254,00
3088,op-925a2c94e5d7,CONFIRMED,6.244,00
3089,op-13c44add7036,CONFIRMED,6.243,00
3090,op-f9c0a5289bca,CONFIRMED,6.241,00
3091,op-b6383fde8548,CONFIRMED,6.261,00
3092,op-b8db35417023,CONFIRMED,6.269,00
3093,op-b0b24bbbbebf,CONFIRMED,6.266,00
3094,op-60249b9bd3df,CONFIRMED,6.263,00
3095,op-c875a680cb66,CONFIRMED,6.278,00
3096,op-ce2e513b7094,CONFIRMED,6.284,00
3097,op-f96e55a2ce25,CONFIRMED,6.283,00
3098,op-4d91ab62d7f4,CONFIRMED,6.279,00
3099,op-627d226f91ab,CONFIRMED,6.278,00
3100,op-d588a183ebba,CONFIRMED,6.27,00
3101,op-7b9dfca8a2b1,CONFIRMED,6.265,00
3102,op-3a8a433277a5,CONFIRMED,6.264,00
3103,op-6576e593d658,CONFIRMED,6.256,00
3104,op-4158eaa39ffa,CONFIRMED,6.255,00
3105,op-b7e3fe3c9e03,CONFIRMED,6.25,00
3106,op-5d2a601927dc,CONFIRMED,6.249,00
3107,op-09083a4321e1,CONFIRMED,6.256,00
3108,op-000fb27d7861,CONFIRMED,6.274,00
3109,op-31c1df752308,CONFIRMED,6.281,00
3110,op-91bfc2563df6,CONFIRMED,6.289,00
3111,op-d88278d691b7,CONFIRMED,6.296,00
3112,op-b688d3652b1c,CONFIRMED,6.305,00
3113,op-33791b6669bb,CONFIRMED,6.302,00
3114,op-8047e1242104,CONFIRMED,6.301,00
3115,op-755d077245aa,CONFIRMED,6.312,00
3116,op-2bd8e003bf93,CONFIRMED,6.311,00
3117,op-a123a53396e7,CONFIRMED,6.309,00
3118,op-e2b86ac9ad17,CONFIRMED,6.321,00
3119,op-a2dbd7f967d4,CONFIRMED,6.319,00
3120,op-2e70bb02cfc6,CONFIRMED,6.315,00
3121,op-45b03bc8737b,CONFIRMED,6.311,00
3122,op-5469592cde15,CONFIRMED,6.307,00
3123,op-b74e7ebbaedb,CONFIRMED,6.282,00
3124,op-e02e7fac2b06,CONFIRMED,6.295,00
3125,op-b1cc808ea7dd,CONFIRMED,6.3,00
3126,op-f7fed97c3bec,CONFIRMED,6.302,00
3127,op-47217b366329,CONFIRMED,6.287,00
3128,op-b2a5fa045aa2,CONFIRMED,6.297,00
3129,op-4d9a1e478f1c,CONFIRMED,6.297,00
3130,op-85c8d841483f,CONFIRMED,6.296,00
3131,op-bd469e5874f2,CONFIRMED,6.271,00
3132,op-9a037f42a131,CONFIRMED,6.271,00
3133,op-02a62b3efbf8,CONFIRMED,6.287,00
3134,op-e4c737630356,CONFIRMED,6.286,00
3135,op-f639532953f5,CONFIRMED,6.267,00
3136,op-4cf6465eb7b9,CONFIRMED,6.264,00
3137,op-f4cad251dede,CONFIRMED,6.261,00
3138,op-17c6e35e79e7,CONFIRMED,6.258,00
3139,op-223a2c20fd1e,CONFIRMED,6.248,00
3140,op-d86e0e6f1f8f,CONFIRMED,6.247,00
3141,op-7de4a5c69636,CONFIRMED,6.224,00
3142,op-8afdefdbeb56,CONFIRMED,6.216,00
3143,op-c81ce3b51d09,CONFIRMED,6.215,00
3144,op-8968488ff7b3,CONFIRMED,6.198,00
3145,op-dd479059120a,CONFIRMED,6.197,00
3146,op-aad0f742511f,CONFIRMED,6.198,00
3147,op-4ee49ee261e8,CONFIRMED,6.197,00
3148,op-71fc53f5bc4a,CONFIRMED,6.196,00
3149,op-c4de46e8af4a,CONFIRMED,6.196,00
3150,op-687e4b222ee9,CONFIRMED,6.217,00
3151,op-0d43013fe85e,CONFIRMED,6.217,00
3152,op-c67ffb47415c,CONFIRMED,6.235,00
3153,op-4e1bd1e955b9,CONFIRMED,6.236,00
3154,op-e3aa2c3ce87a,CONFIRMED,6.237,00
3155,op-b9eca9b1d6e5,CONFIRMED,6.238,00
3156,op-68b025c4f498,CONFIRMED,6.241,00
3157,op-332b77187b83,CONFIRMED,6.235,00
3158,op-54fdf0352238,CONFIRMED,6.242,00
3159,op-ba75490e4561,CONFIRMED,6.243,00
3160,op-9d89db08ba9f,CONFIRMED,6.245,00
3161,op-29e2b22ba187,CONFIRMED,6.23,00
3162,op-9a669ae14931,CONFIRMED,6.231,00
3163,op-4baf40faf5d2,CONFIRMED,6.215,00
3164,op-7bd44e1ec85b,CONFIRMED,6.219,00
3165,op-679b4c7b24eb,CONFIRMED,6.218,00
3166,op-c78af46bfd5e,CONFIRMED,6.224,00
3167,op-7848185d5b05,CONFIRMED,6.234,00
3168,op-5e5de8bc0d42,CONFIRMED,6.256,00
3169,op-4f04c3250fb7,CONFIRMED,6.257,00
3170,op-b5f23a2d7b33,CONFIRMED,6.258,00
3171,op-385dd078018a,CONFIRMED,6.257,00
3172,op-128cad8b63eb,CONFIRMED,6.275,00
3173,op-7ec670b353b4,CONFIRMED,6.268,00
3174,op-4e136692bb7d,CONFIRMED,6.262,00
3175,op-f6bbcbb6b77d,CONFIRMED,6.255,00
3176,op-ef8a72c491e6,CONFIRMED,6.245,00
3177,op-642418b2cf60,CONFIRMED,6.238,00
3178,op-5c3cee04886f,CONFIRMED,6.241,00
3179,op-571a6bf11593,CONFIRMED,6.224,00
3180,op-ce171a9038e3,CONFIRMED,6.203,00
3181,op-048988756432,CONFIRMED,6.204,00
3182,op-e25ff38b82db,CONFIRMED,6.207,00
3183,op-0cf75b04f63e,CONFIRMED,6.208,00
3184,op-32d74bc45df8,CONFIRMED,6.19,00
3185,op-b3917396a6f2,CONFIRMED,6.212,00
3186,op-e7d80f526054,CONFIRMED,6.21,00
3187,op-6a2faa9f3f92,CONFIRMED,6.209,00
3188,op-44f0b8be70bd,CONFIRMED,6.208,00
3189,op-c3e0f30041d0,CONFIRMED,6.224,00
3190,op-c1e2554bde65,CONFIRMED,6.223,00
3191,op-3b6440f4cfba,CONFIRMED,6.221,00
3192,op-04eea358bafb,CONFIRMED,6.221,00
3193,op-98159493d13c,CONFIRMED,6.219,00
3194,op-4e467ae1c77a,CONFIRMED,6.22,00
3195,op-2bc2b9ef7cf0,CONFIRMED,6.209,00
3196,op-505b5c4ab78b,CONFIRMED,6.226,00
3197,op-b7acb31769cf,CONFIRMED,6.225,00
3198,op-c28a7eca2561,CONFIRMED,6.221,00
3199,op-df43926ea6ac,CONFIRMED,6.215,00
3200,op-0e6d77ec2eef,CONFIRMED,6.192,00
3201,op-d0062462aa2b,CONFIRMED,6.184,00
3202,op-81a6138052e7,CONFIRMED,6.198,00
3203,op-94c9e088e2bc,CONFIRMED,6.199,00
3204,op-0ddc6ac0c5fb,CONFIRMED,6.2,00
3205,op-a0f6765bea33,CONFIRMED,6.2,00
3206,op-7ac81e7ba006,CONFIRMED,6.214,00
3207,op-5c2fecbbcc61,CONFIRMED,6.205,00
3208,op-2f8609e0dfd5,CONFIRMED,6.195,00
3209,op-950105730d1c,CONFIRMED,6.195,00
3210,op-80ed2b1916fb,CONFIRMED,6.197,00
3211,op-8049c73da93e,CONFIRMED,6.198,00
3212,op-ff2d8df4b7fe,CONFIRMED,6.198,00
3213,op-d04c342b0d67,CONFIRMED,6.198,00
3214,op-87f8e0a724c3,CONFIRMED,6.197,00
3215,op-36786c912869,CONFIRMED,6.19,00
3216,op-8861a6a0abd8,CONFIRMED,6.19,00
3217,op-aea968d56edf,CONFIRMED,6.189,00
3218,op-eb0ac7deecdb,CONFIRMED,6.201,00
3219,op-f29f76a4182f,CONFIRMED,6.199,00
3220,op-48b8fba6c1ff,CONFIRMED,6.215,00
3221,op-6c291537449f,CONFIRMED,6.208,00
3222,op-0740803af025,CONFIRMED,6.205,00
3223,op-4a9ece312384,CONFIRMED,6.194,00
3224,op-1e4d1282cbbb,CONFIRMED,6.193,00
3225,op-e909a9d098c6,CONFIRMED,6.199,00
3226,op-3569e8e169bd,CONFIRMED,6.197,00
3227,op-e48df24a0259,CONFIRMED,6.215,00
3228,op-a660f36b3436,CONFIRMED,6.222,00
3229,op-d7f321c0304d,CONFIRMED,6.23,00
3230,op-d19c7b694fd3,CONFIRMED,6.232,00
3231,op-e83b872239a6,CONFIRMED,6.23,00
3232,op-213416c324c7,CONFIRMED,6.219,00
3233,op-75c355136863,CONFIRMED,6.216,00
3234,op-a071f6d8cabe,CONFIRMED,6.204,00
3235,op-0d3a7c93eef7,CONFIRMED,6.203,00
3236,op-e34e8eae188f,CONFIRMED,6.202,00
3237,op-88443b6097fa,CONFIRMED,6.178,00
3238,op-844b51e852bd,CONFIRMED,6.162,00
3239,op-cc17a8428e47,CONFIRMED,6.162,00
3240,op-901db9af29fa,CONFIRMED,6.148,00
3241,op-f62dafd34450,CONFIRMED,6.138,00
3242,op-d45c18f3d2e5,CONFIRMED,6.136,00
3243,op-5bb5524d196e,CONFIRMED,6.121,00
3244,op-80ba5c7724d8,CONFIRMED,6.097,00
3245,op-23829b9e4c04,CONFIRMED,6.095,00
3246,op-ab494ef7ab8d,CONFIRMED,6.117,00
3247,op-4fe85177468e,CONFIRMED,6.094,00
3248,op-2fd23c72fd2f,CONFIRMED,6.086,00
3249,op-3e1e1e74b508,CONFIRMED,6.096,00
3250,op-5d4cf787c78e,CONFIRMED,6.095,00
3251,op-2fe2e3326591,CONFIRMED,6.074,00
3252,op-d919e2632543,CONFIRMED,6.097,00
3253,op-a3db628957de,CONFIRMED,6.119,00
3254,op-14243d8d44b7,CONFIRMED,6.131,00
3255,op-fe192dafa184,CONFIRMED,6.113,00
3256,op-fc0579564fad,CONFIRMED,6.091,00
3257,op-1b15f0f666a0,CONFIRMED,6.111,00
3258,op-3218a5b15ff8,CONFIRMED,6.103,00
3259,op-ee10f699b055,CONFIRMED,6.111,00
3260,op-42cce0d53391,CONFIRMED,6.096,00
3261,op-65ccc17ceec1,CONFIRMED,6.089,00
3262,op-0f4ea44d16b9,CONFIRMED,6.065,00
3263,op-94f2d602b4cf,CONFIRMED,6.076,00
3264,op-a591ff256f7a,CONFIRMED,6.073,00
3265,op-aa634acb3c1a,CONFIRMED,6.081,00
3266,op-d5e2fb22a330,CONFIRMED,6.077,00
3267,op-2ce3176429bf,CONFIRMED,6.076,00
3268,op-2f31ab8cb8da,CONFIRMED,6.084,00
3269,op-310745f4da45,CONFIRMED,6.077,00
3270,op-0fdb71fd4777,CONFIRMED,6.074,00
3271,op-84a5c60f0905,CONFIRMED,6.072,00
3272,op-caddd7f6e0fd,CONFIRMED,6.048,00
3273,op-b9f55dd03ae9,CONFIRMED,6.064,00
3274,op-aa9ac5886cf9,CONFIRMED,6.085,00
3275,op-0c31c4e4ce4b,CONFIRMED,6.082,00
3276,op-785b7602d75d,CONFIRMED,6.079,00
3277,op-006afeb1263f,CONFIRMED,6.085,00
3278,op-4d4d9bc0b0f6,CONFIRMED,6.091,00
3279,op-d00f723eca21,CONFIRMED,6.065,00
3280,op-e54859da89db,CONFIRMED,6.077,00
3281,op-a2ab9357e208,CONFIRMED,6.062,00
3282,op-56e0c094b5a6,CONFIRMED,6.04,00
3283,op-2d4671730994,CONFIRMED,6.037,00
3284,op-75d03f617092,CONFIRMED,6.041,00
3285,op-8dff12f02bd7,CONFIRMED,6.048,00
3286,op-fd1fbca2bf68,CONFIRMED,6.046,00
3287,op-e1df260f86cf,CONFIRMED,6.041,00
3288,op-a312bc1e6ce1,CONFIRMED,6.048,00
3289,op-acc7e9e5e040,CONFIRMED,6.055,00
3290,op-c9e49c2fed10,CONFIRMED,6.06,00
3291,op-4ad18b75862b,CONFIRMED,6.046,00
3292,op-5626172989d2,CONFIRMED,6.063,00
3293,op-d5edbc63f64a,CONFIRMED,6.061,00
3294,op-f0f5d2a6b385,CONFIRMED,6.077,00
3295,op-a58c8a3fe67c,CONFIRMED,6.083,00
3296,op-00891c9d1ef4,CONFIRMED,6.091,00
3297,op-cb356c38763d,CONFIRMED,6.113,00
3298,op-cdf3913493ff,CONFIRMED,6.119,00
3299,op-99b4bb4ad63c,CONFIRMED,6.126,00
3300,op-53bde9106e0c,CONFIRMED,6.126,00
3301,op-e4354eb465b1,CONFIRMED,6.14,00
3302,op-5d782291d16d,CONFIRMED,6.138,00
3303,op-4891dc6b5d1a,CONFIRMED,6.136,00
3304,op-d5cf48dd3d73,CONFIRMED,6.146,00
3305,op-364cf65b0a31,CONFIRMED,6.166,00
3306,op-8bc64ce28c51,CONFIRMED,6.174,00
3307,op-d8573e0b4821,CONFIRMED,6.182,00
3308,op-e75c43b26b4b,CONFIRMED,6.189,00
3309,op-978cd594f19f,CONFIRMED,6.194,00
3310,op-92b769490913,CONFIRMED,6.172,00
3311,op-9f896557f5d4,CONFIRMED,6.171,00
3312,op-603df0458954,CONFIRMED,6.169,00
3313,op-91f9520ab90c,CONFIRMED,6.167,00
3314,op-eb9652d23e34,CONFIRMED,6.166,00
3315,op-e7747ae4c9be,CONFIRMED,6.184,00
3316,op-6984f32b0199,CONFIRMED,6.192,00
3317,op-95adaf759e4c,CONFIRMED,6.174,00
3318,op-a4396259a629,CONFIRMED,6.188,00
3319,op-f3262fcd8a0a,CONFIRMED,6.186,00
3320,op-0460f3096e30,CONFIRMED,6.183,00
3321,op-fb9209588cb4,CONFIRMED,6.181,00
3322,op-5812c6379418,CONFIRMED,6.196,00
3323,op-c04e2aa6869b,CONFIRMED,6.207,00
3324,op-b298a76a29ac,CONFIRMED,6.202,00
3325,op-38b3471bd508,CONFIRMED,6.199,00
3326,op-56ccfe00e22a,CONFIRMED,6.196,00
3327,op-8377a4a229ba,CONFIRMED,6.178,00
3328,op-94d08988a699,CONFIRMED,6.156,00
3329,op-e217be4bb3b4,CONFIRMED,6.136,00
3330,op-a4b4d2072cc9,CONFIRMED,6.112,00
3331,op-6149f9aa45b2,CONFIRMED,6.111,00
3332,op-3d4d34678ee1,CONFIRMED,6.107,00
3333,op-19edef136dcb,CONFIRMED,6.105,00
3334,op-5f8683631dd4,CONFIRMED,6.113,00
3335,op-09aa5ba6bb4c,CONFIRMED,6.123,00
3336,op-0ab82b8ed577,CONFIRMED,6.11,00
3337,op-1a97cd139cd8,CONFIRMED,6.087,00
3338,op-a8084db70d34,CONFIRMED,6.084,00
3339,op-aad2ac2d7563,CONFIRMED,6.1,00
3340,op-c1670a0ac67b,CONFIRMED,6.078,00
3341,op-70a7b803c17f,CONFIRMED,6.095,00
3342,op-47be88e307c5,CONFIRMED,6.095,00
3343,op-1191093a43c5,CONFIRMED,6.096,00
3344,op-7947358411b5,CONFIRMED,6.079,00
3345,op-8f7b85e25e03,CONFIRMED,6.07,00
3346,op-21a54df9f6e4,CONFIRMED,6.073,00
3347,op-fed820876c0c,CONFIRMED,6.066,00
3348,op-695c5d944bb8,CONFIRMED,6.067,00
3349,op-35baf06765ce,CONFIRMED,6.067,00
3350,op-6d755d06ceea,CONFIRMED,6.067,00
3351,op-e44a8b143dbf,CONFIRMED,6.067,00
3352,op-3d9a1d25ab81,CONFIRMED,6.067,00
3353,op-82b6d0ebeddb,CONFIRMED,6.083,00
3354,op-6c72ff05ef18,CONFIRMED,6.084,00
3355,op-28008dddf60f,CONFIRMED,6.084,00
3356,op-6301273fa037,CONFIRMED,6.094,00
3357,op-be548e84d65d,CONFIRMED,6.103,00
3358,op-ba671559a2ef,CONFIRMED,6.104,00
3359,op-952a45c8aa1c,CONFIRMED,6.09,00
3360,op-130f9a8e8a83,CONFIRMED,6.092,00
3361,op-cb984ffa0004,CONFIRMED,6.084,00
3362,op-e89308c0f70c,CONFIRMED,6.077,00
3363,op-34aff2f7171b,CONFIRMED,6.076,00
3364,op-0e649715994e,CONFIRMED,6.076,00
3365,op-e002e12c2860,CONFIRMED,6.095,00
3366,op-8c0a242ae1fc,CONFIRMED,6.103,00
3367,op-5bafad06d806,CONFIRMED,6.087,00
3368,op-cbb8772b958a,CONFIRMED,6.079,00
3369,op-d29d706bdfb5,CONFIRMED,6.097,00
3370,op-a25e597171f3,CONFIRMED,6.095,00
3371,op-5a87c002061a,CONFIRMED,6.075,00
3372,op-63658f4640d0,CONFIRMED,6.066,00
3373,op-cb09e88ebcec,CONFIRMED,6.068,00
3374,op-ad53eee8662a,CONFIRMED,6.069,00
3375,op-97bbcc4d893c,CONFIRMED,6.065,00
3376,op-40aa296ef2c6,CONFIRMED,6.051,00
3377,op-17bef335eaf9,CONFIRMED,6.042,00
3378,op-a0f2c9d24cc8,CONFIRMED,6.053,00
3379,op-28ecc13b2f97,CONFIRMED,6.053,00
3380,op-99b0716d974c,CONFIRMED,6.031,00
3381,op-41451c9b85a3,CONFIRMED,6.039,00
3382,op-fcf9ff742065,CONFIRMED,6.047,00
3383,op-5052699361f5,CONFIRMED,6.039,00
3384,op-66f22c8961c3,CONFIRMED,6.05,00
3385,op-c35d1e7a83e3,CONFIRMED,6.049,00
3386,op-bd423762214a,CONFIRMED,6.068,00
3387,op-afa94ce87c39,CONFIRMED,6.068,00
3388,op-78aad89a8296,CONFIRMED,6.05,00
3389,op-56f18fbbeaad,CONFIRMED,6.052,00
3390,op-6b0278fe1e90,CONFIRMED,6.053,00
3391,op-7dcf01005fd1,CONFIRMED,6.054,00
3392,op-9287460d2df5,CONFIRMED,6.052,00
3393,op-ccc6554453d3,CONFIRMED,6.039,00
3394,op-50721d9f4913,CONFIRMED,6.017,00
3395,op-b05b664824bd,CONFIRMED,6.016,00
3396,op-95e0265ccdd0,CONFIRMED,6.016,00
3397,op-cd039f865441,CONFIRMED,6.004,00
3398,op-28366eb5fc78,CONFIRMED,6.003,00
3399,op-1bf35cba9ea5,CONFIRMED,5.985,00
3400,op-1db057a18c57,CONFIRMED,6.001,00
3401,op-3493a403f671,CONFIRMED,6.002,00
3402,op-369ae823fc65,CONFIRMED,6.009,00
3403,op-7c063379b73c,CONFIRMED,6.009,00
3404,op-27583ff33658,CONFIRMED,5.987,00
3405,op-45480b750b65,CONFIRMED,5.978,00
3406,op-f87f4eb6832f,CONFIRMED,5.978,00
3407,op-db998748f6b7,CONFIRMED,5.994,00
3408,op-c3e081c78d67,CONFIRMED,5.994,00
3409,op-2b8b463ab639,CONFIRMED,5.971,00
3410,op-38e74431835d,CONFIRMED,5.948,00
3411,op-4d293586b001,CONFIRMED,5.933,00
3412,op-a286b9bd22a6,CONFIRMED,5.913,00
3413,op-aeaa3dd5f4d3,CONFIRMED,5.915,00
3414,op-62e372840311,CONFIRMED,5.932,00
3415,op-107532569c08,CONFIRMED,5.927,00
3416,op-ca4c03afac5b,CONFIRMED,5.926,00
3417,op-ce7199d83644,CONFIRMED,5.946,00
3418,op-463138d424d3,CONFIRMED,5.944,00
3419,op-50c19357d1a8,CONFIRMED,5.942,00
3420,op-08af5aa5bd08,CONFIRMED,5.941,00
3421,op-9489ed3f1196,CONFIRMED,5.92,00
3422,op-29fae00a33da,CONFIRMED,5.937,00
3423,op-1a4cba84254e,CONFIRMED,5.917,00
3424,op-2b9dc1aa4371,CONFIRMED,5.916,00
3425,op-1fe42928f793,CONFIRMED,5.897,00
3426,op-2f2277274b9a,CONFIRMED,5.897,00
3427,op-788e96df05c0,CONFIRMED,5.915,00
3428,op-dbb5b10bac20,CONFIRMED,5.923,00
3429,op-73cd31795fe3,CONFIRMED,5.923,00
3430,op-847c0e4b3199,CONFIRMED,5.928,00
3431,op-5db4e2ad757d,CONFIRMED,5.919,00
3432,op-2a6f25ac3d03,CONFIRMED,5.928,00
3433,op-77c4a093b8ff,CONFIRMED,5.919,00
3434,op-f3d26f3347c2,CONFIRMED,5.909,00
3435,op-e85c11a32e32,CONFIRMED,5.908,00
3436,op-bf33d54117df,CONFIRMED,5.926,00
3437,op-d8d66dd20864,CONFIRMED,5.911,00
3438,op-23b523cdee97,CONFIRMED,5.91,00
3439,op-fbbe4ba15223,CONFIRMED,5.926,00
3440,op-413736b6ec96,CONFIRMED,5.924,00
3441,op-4b1e276eaf1b,CONFIRMED,5.906,00
3442,op-4756146ed00e,CONFIRMED,5.905,00
3443,op-2bf60ea29004,CONFIRMED,5.889,00
3444,op-fd012f089546,CONFIRMED,5.888,00
3445,op-51ff4893fe41,CONFIRMED,5.87,00
3446,op-1add7c0aebe0,CONFIRMED,5.859,00
3447,op-552cef3c8984,CONFIRMED,5.834,00
3448,op-190a0a0cd2ad,CONFIRMED,5.809,00
3449,op-decbcec39c73,CONFIRMED,5.809,00
3450,op-a08ced5cd36e,CONFIRMED,5.808,00
3451,op-d490de769a04,CONFIRMED,5.797,00
3452,op-4c2976db49ca,CONFIRMED,5.813,00
3453,op-e0f6452eb5ad,CONFIRMED,5.813,00
3454,op-fc9ae30926a9,CONFIRMED,5.813,00
3455,op-668107858ef6,CONFIRMED,5.813,00
3456,op-9548cb306309,CONFIRMED,5.813,00
3457,op-2355465328d1,CONFIRMED,5.812,00
3458,op-06a834e2313a,CONFIRMED,5.748,00
3459,op-0dd6c618276c,CONFIRMED,5.747,00
3460,op-76f3440b367e,CONFIRMED,5.767,00
3461,op-c9cf00efd97b,CONFIRMED,5.771,00
3462,op-ca4f576cbde3,CONFIRMED,5.772,00
3463,op-cb49f8ebfe3c,CONFIRMED,5.79,00
3464,op-5101adc11d9e,CONFIRMED,5.78,00
3465,op-ab1754b5b647,CONFIRMED,5.795,00
3466,op-aaaf2453a641,CONFIRMED,5.803,00
3467,op-d6057c443819,CONFIRMED,5.804,00
3468,op-e9df4594d98c,CONFIRMED,5.805,00
3469,op-075158c010f5,CONFIRMED,5.791,00
3470,op-222ba0288134,CONFIRMED,5.79,00
3471,op-db205b394c04,CONFIRMED,5.789,00
3472,op-b9b6c5e87ae2,CONFIRMED,5.781,00
3473,op-7a3b72d1afd5,CONFIRMED,5.782,00
3474,op-7fe7017f22cd,CONFIRMED,5.782,00
3475,op-03c904031713,CONFIRMED,5.783,00
3476,op-c859be39254b,CONFIRMED,5.793,00
3477,op-48480faefe83,CONFIRMED,5.777,00
3478,op-cb59c22a3d62,CONFIRMED,5.775,00
3479,op-bdabbc0a5e63,CONFIRMED,5.757,00
3480,op-62c1324beefd,CONFIRMED,5.756,00
3481,op-574ab2e71d5d,CONFIRMED,5.757,00
3482,op-fb7ca50a3481,CONFIRMED,5.747,00
3483,op-3f29870de5b0,CONFIRMED,5.764,00
3484,op-058ef4dc2ad2,CONFIRMED,5.771,00
3485,op-9730beb2f15a,CONFIRMED,5.772,00
3486,op-ea963b59dc4b,CONFIRMED,5.751,00
3487,op-7a1b17992bbe,CONFIRMED,5.742,00
3488,op-258006568efc,CONFIRMED,5.718,00
3489,op-f9e12d75e64a,CONFIRMED,5.723,00
3490,op-a49cfa058cab,CONFIRMED,5.723,00
3491,op-a6836446d87c,CONFIRMED,5.741,00
3492,op-d06988c45397,CONFIRMED,5.741,00
3493,op-f5853ead2724,CONFIRMED,5.72,00
3494,op-4c6b615356b2,CONFIRMED,5.72,00
3495,op-d8750fb537b5,CONFIRMED,5.719,00
3496,op-ca41de7edca4,CONFIRMED,5.719,00
3497,op-b7f7c2a2503b,CONFIRMED,5.718,00
3498,op-4ee09f118080,CONFIRMED,5.717,00
3499,op-72d034d648c2,CONFIRMED,5.718,00
3500,op-511f2bbefe52,CONFIRMED,6.761,00
3501,op-c95b61bfdb0f,CONFIRMED,6.778,00
3502,op-c115262e66b2,CONFIRMED,6.786,00
3503,op-24ec4480ab30,CONFIRMED,6.81,00
3504,op-7bfd43593a39,CONFIRMED,6.813,00
3505,op-cc8255a94dc6,CONFIRMED,6.796,00
3506,op-b2b36af53137,CONFIRMED,6.799,00
3507,op-eb1ee88b1b86,CONFIRMED,6.8,00
3508,op-4e02a1008efe,CONFIRMED,6.805,00
3509,op-fa7514b4e643,CONFIRMED,6.806,00
3510,op-699f0a2b33b3,CONFIRMED,6.789,00
3511,op-c7313a504864,CONFIRMED,6.798,00
3512,op-8983af55f3d5,CONFIRMED,6.796,00
3513,op-a81ee93b1d9c,CONFIRMED,6.794,00
3514,op-75e275f71622,CONFIRMED,6.792,00
3515,op-31caf6b142b1,CONFIRMED,6.81,00
3516,op-1d825b327fb0,CONFIRMED,6.812,00
3517,op-5966a7d77ae0,CONFIRMED,6.813,00
3518,op-d91b068af481,CONFIRMED,6.802,00
3519,op-418ea94bf0f0,CONFIRMED,6.802,00
3520,op-7fe3ca8eb1ad,CONFIRMED,6.801,00
3521,op-063c218f5eeb,CONFIRMED,6.796,00
3522,op-14abe35d2b75,CONFIRMED,6.778,00
3523,op-f95ad7db8f5f,CONFIRMED,6.774,00
3524,op-1a35e2760630,CONFIRMED,6.772,00
3525,op-a46a4e08a6c9,CONFIRMED,6.762,00
3526,op-cee9ef2f97fc,CONFIRMED,6.748,00
3527,op-7c1e6ec8f83f,CONFIRMED,6.761,00
3528,op-fa088b009ddc,CONFIRMED,6.755,00
3529,op-4f255f2d6092,CONFIRMED,6.751,00
3530,op-62a91072f9e2,CONFIRMED,6.749,00
3531,op-c529f1336f93,CONFIRMED,6.741,00
3532,op-e4d885ff964f,CONFIRMED,6.738,00
3533,op-91d4af5ebf27,CONFIRMED,6.738,00
3534,op-cd552977ac8b,CONFIRMED,6.736,00
3535,op-4ee45989faaa,CONFIRMED,6.729,00
3536,op-e186c9d753c9,CONFIRMED,6.733,00
3537,op-864be17df9a3,CONFIRMED,6.717,00
3538,op-98a67d226a97,CONFIRMED,6.717,00
3539,op-0b3877a15917,CONFIRMED,6.728,00
3540,op-2affd76f6e31,CONFIRMED,6.728,00
3541,op-274282a95390,CONFIRMED,6.731,00
3542,op-cb29b684ff41,CONFIRMED,6.73,00
3543,op-da7ec87c8cb2,CONFIRMED,6.731,00
3544,op-07a156f0b085,CONFIRMED,6.738,00
3545,op-cdacf9ce93bb,CONFIRMED,6.738,00
3546,op-779e47b22ade,CONFIRMED,6.734,00
3547,op-87dc9a8a134d,CONFIRMED,6.733,00
3548,op-d24e8ee8d828,CONFIRMED,6.726,00
3549,op-f875ab75b3dd,CONFIRMED,6.725,00
3550,op-08311228b41c,CONFIRMED,6.723,00
3551,op-efd2c0a32239,CONFIRMED,6.719,00
3552,op-37f5fc978a0a,CONFIRMED,6.706,00
3553,op-7158a08591c8,CONFIRMED,6.704,00
3554,op-b63b95a68b9d,CONFIRMED,6.695,00
3555,op-7090be567c67,CONFIRMED,6.694,00
3556,op-a291a23a94a2,CONFIRMED,6.699,00
3557,op-b16196bebcaa,CONFIRMED,6.698,00
3558,op-eba58fc058c1,CONFIRMED,6.7,00
3559,op-3ad37d717945,CONFIRMED,6.701,00
3560,op-267c634904b4,CONFIRMED,6.703,00
3561,op-9c2fc95373ae,CONFIRMED,6.705,00
3562,op-43bc1da44274,CONFIRMED,6.699,00
3563,op-45fb42c276c5,CONFIRMED,6.701,00
3564,op-d5b6e797c852,CONFIRMED,6.684,00
3565,op-1b8ad8e60d89,CONFIRMED,6.677,00
3566,op-10c0341df116,CONFIRMED,6.68,00
3567,op-d484913d6fe8,CONFIRMED,6.664,00
3568,op-1c08b99ac502,CONFIRMED,6.668,00
3569,op-8592d3d0feb6,CONFIRMED,6.655,00
3570,op-615843868b85,CONFIRMED,6.647,00
3571,op-2a2d8bc09f55,CONFIRMED,6.64,00
3572,op-ca53d8293e61,CONFIRMED,6.651,00
3573,op-db0f0d6834bd,CONFIRMED,6.639,00
3574,op-034d194a551f,CONFIRMED,6.627,00
3575,op-2e4cb24adf0d,CONFIRMED,6.628,00
3576,op-d18f8f16d87e,CONFIRMED,6.623,00
3577,op-bce29916c1f9,CONFIRMED,6.643,00
3578,op-f945c5724bf3,CONFIRMED,6.648,00
3579,op-11758f90cbd0,CONFIRMED,6.643,00
3580,op-8f2d2704f1f0,CONFIRMED,6.64,00
3581,op-5be1a87059a9,CONFIRMED,6.658,00
3582,op-920d7d7e6b25,CONFIRMED,6.658,00
3583,op-f5112105899f,CONFIRMED,6.657,00
3584,op-26b41b3cf28c,CONFIRMED,6.654,00
3585,op-0a7d94870c03,CONFIRMED,6.577,00
3586,op-ae8ab1f55db1,CONFIRMED,6.58,00
3587,op-2244069d9194,CONFIRMED,6.568,00
3588,op-5605108ccb76,CONFIRMED,6.555,00
3589,op-392526163e9f,CONFIRMED,6.575,00
3590,op-3c5d5edcd08c,CONFIRMED,6.573,00
3591,op-a59a80ce429c,CONFIRMED,6.568,00
3592,op-e4db83cf1ae7,CONFIRMED,6.568,00
3593,op-0770d6422df9,CONFIRMED,6.544,00
3594,op-cb4694bc2811,CONFIRMED,6.557,00
3595,op-50afd27e6257,CONFIRMED,6.544,00
3596,op-9fd451b2e8b2,CONFIRMED,6.552,00
3597,op-a106b95b65a4,CONFIRMED,6.539,00
3598,op-643c80e5aad9,CONFIRMED,6.534,00
3599,op-37463a93934b,CONFIRMED,6.534,00
3600,op-bfed8fe065fa,CONFIRMED,6.535,00
3601,op-3d09895ff4fb,CONFIRMED,6.544,00
3602,op-6b77985ddcc5,CONFIRMED,6.543,00
3603,op-fbad3b8cce36,CONFIRMED,6.533,00
3604,op-d7028d30a1bc,CONFIRMED,6.534,00
3605,op-fefdabab658c,CONFIRMED,6.536,00
3606,op-0cff49dc1e43,CONFIRMED,6.552,00
3607,op-ce07aedc5f1f,CONFIRMED,6.58,00
3608,op-12d7d2aca47c,CONFIRMED,6.651,00
3609,op-f6d9235f02d3,CONFIRMED,6.713,00
3610,op-55160a42da7b,CONFIRMED,6.729,00
3611,op-71a042eb1f28,CONFIRMED,6.735,00
3612,op-d0e2ec280d26,CONFIRMED,6.752,00
3613,op-da67e3c9cf6a,CONFIRMED,6.741,00
3614,op-43df845b2c2e,CONFIRMED,6.75,00
3615,op-9edce6ed35fb,CONFIRMED,6.75,00
3616,op-5c036bc56c6d,CONFIRMED,6.752,00
3617,op-7e943da4e376,CONFIRMED,6.752,00
3618,op-5b04980e7e86,CONFIRMED,6.737,00
3619,op-6d9601e40f56,CONFIRMED,6.74,00
3620,op-e65352468d0a,CONFIRMED,6.751,00
3621,op-e866dfbc7e23,CONFIRMED,6.738,00
3622,op-6eb0877720d4,CONFIRMED,6.744,00
3623,op-4f678055db4c,CONFIRMED,6.753,00
3624,op-a5ea293c31f3,CONFIRMED,6.775,00
3625,op-714cf0800dde,CONFIRMED,6.76,00
3626,op-63000347a488,CONFIRMED,6.769,00
3627,op-027a89783931,CONFIRMED,6.769,00
3628,op-1db7795938d0,CONFIRMED,6.75,00
3629,op-8db9f620176c,CONFIRMED,6.73,00
3630,op-b39e33641fba,CONFIRMED,6.73,00
3631,op-8e23b1e0b480,CONFIRMED,6.731,00
3632,op-26014d4cec76,CONFIRMED,6.709,00
3633,op-07fdb4543694,CONFIRMED,6.71,00
3634,op-08b69af411a7,CONFIRMED,6.713,00
3635,op-a36b9761baa7,CONFIRMED,6.713,00
3636,op-395e118b2959,CONFIRMED,6.726,00
3637,op-ac5ce465886b,CONFIRMED,6.728,00
3638,op-b9cc42300303,CONFIRMED,6.743,00
3639,op-a57f39934a55,CONFIRMED,6.745,00
3640,op-d69201ca70aa,CONFIRMED,6.745,00
3641,op-1f17dcfd7d32,CONFIRMED,6.747,00
3642,op-1774262de06b,CONFIRMED,6.759,00
3643,op-ca9bbe204633,CONFIRMED,6.754,00
3644,op-deaeb00dea5f,CONFIRMED,6.758,00
3645,op-cd323d5051a0,CONFIRMED,6.762,00
3646,op-b14be3a6d22b,CONFIRMED,6.768,00
3647,op-d65af47664da,CONFIRMED,6.754,00
3648,op-0e1b12b62e6d,CONFIRMED,6.76,00
3649,op-f8be0ee2535a,CONFIRMED,6.764,00
3650,op-df702606f151,CONFIRMED,6.766,00
3651,op-0b6473a995e7,CONFIRMED,6.751,00
3652,op-3dd262b8b93f,CONFIRMED,6.753,00
3653,op-e9e3c399fe0f,CONFIRMED,6.754,00
3654,op-f2e7330771bf,CONFIRMED,6.746,00
3655,op-431eaa8ff977,CONFIRMED,6.761,00
3656,op-c3819688f90a,CONFIRMED,6.764,00
3657,op-b26dfa8ac078,CONFIRMED,6.748,00
3658,op-95eb0b41f9c8,CONFIRMED,6.75,00
3659,op-1da5ad0839cf,CONFIRMED,6.751,00
3660,op-7801df5d9d62,CONFIRMED,6.752,00
3661,op-7c26e26df9f5,CONFIRMED,6.736,00
3662,op-6f1af8e0149c,CONFIRMED,6.747,00
3663,op-f2b6d5e00006,CONFIRMED,6.737,00
3664,op-51e8f1b178d8,CONFIRMED,6.739,00
3665,op-3e4a92929399,CONFIRMED,6.755,00
3666,op-d341cad1ed1c,CONFIRMED,6.761,00
3667,op-7222f14c5a9f,CONFIRMED,6.763,00
3668,op-0a8200f40678,CONFIRMED,6.767,00
3669,op-278de688a9b6,CONFIRMED,6.756,00
3670,op-8dbf8f476710,CONFIRMED,6.77,00
3671,op-2b56eb3c8a9f,CONFIRMED,6.771,00
3672,op-019532af290d,CONFIRMED,6.778,00
3673,op-f57b8364e380,CONFIRMED,6.769,00
3674,op-112cf019de6d,CONFIRMED,6.761,00
3675,op-5eb504d2f32f,CONFIRMED,6.756,00
3676,op-8e931c8e4597,CONFIRMED,6.763,00
3677,op-a15e9f661cad,CONFIRMED,6.786,00
3678,op-12f12c2e076f,CONFIRMED,6.792,00
3679,op-c58d58a43b5a,CONFIRMED,6.777,00
3680,op-2aa02b70ff60,CONFIRMED,6.786,00
3681,op-d08ed3f9c4ec,CONFIRMED,6.777,00
3682,op-4debb2b8da53,CONFIRMED,6.783,00
3683,op-494be539c211,CONFIRMED,6.785,00
3684,op-266a6d3db43f,CONFIRMED,6.794,00
3685,op-5feaa296fb60,CONFIRMED,6.818,00
3686,op-af32396751c9,CONFIRMED,6.855,00
3687,op-1d0d66c70309,CONFIRMED,6.844,00
3688,op-4cc120ed5cca,CONFIRMED,6.821,00
3689,op-53d01e8d99fb,CONFIRMED,6.835,00
3690,op-cf5366381ad7,CONFIRMED,6.821,00
3691,op-0d251792b2ae,CONFIRMED,6.828,00
3692,op-b38ce564a677,CONFIRMED,6.847,00
3693,op-292d3d59d85d,CONFIRMED,6.87,00
3694,op-4340b8611db6,CONFIRMED,6.87,00
3695,op-75b431fef006,CONFIRMED,6.867,00
3696,op-a3d28dc3a9aa,CONFIRMED,6.865,00
3697,op-ec03b7c20cb1,CONFIRMED,6.876,00
3698,op-7f06d44d18e0,CONFIRMED,6.876,00
3699,op-15097813e511,CONFIRMED,6.876,00
3700,op-d4c168dfcd50,CONFIRMED,6.877,00
3701,op-4b45c416a698,CONFIRMED,6.857,00
3702,op-173eb7d63366,CONFIRMED,6.858,00
3703,op-2772f7b648c2,CONFIRMED,6.873,00
3704,op-d1d4a4a31cc0,CONFIRMED,6.873,00
3705,op-bf806669633a,CONFIRMED,6.874,00
3706,op-c1e1c9a68158,CONFIRMED,6.853,00
3707,op-5aee8b037dfb,CONFIRMED,6.83,00
3708,op-b8fd15c50559,CONFIRMED,6.829,00
3709,op-eaa116c45f53,CONFIRMED,6.825,00
3710,op-2e74ec07ec9b,CONFIRMED,6.806,00
3711,op-3f39e312314a,CONFIRMED,6.785,00
3712,op-b8ffacb89a00,CONFIRMED,6.776,00
3713,op-e4c53b01350a,CONFIRMED,6.791,00
3714,op-0d075e2f103a,CONFIRMED,6.79,00
3715,op-f43b7172fc3d,CONFIRMED,6.792,00
3716,op-963d08989df9,CONFIRMED,6.814,00
3717,op-045081a1857f,CONFIRMED,6.799,00
3718,op-04f4845fa891,CONFIRMED,6.805,00
3719,op-979d452bd201,CONFIRMED,6.803,00
3720,op-f36080d24297,CONFIRMED,6.8,00
3721,op-41457a5f3dad,CONFIRMED,6.795,00
3722,op-26f5b85f15d1,CONFIRMED,6.793,00
3723,op-f56f12bf225e,CONFIRMED,6.792,00
3724,op-ad17fe5cfd06,CONFIRMED,6.792,00
3725,op-2ec95a8d3307,CONFIRMED,6.791,00
3726,op-e34eaa738466,CONFIRMED,6.788,00
3727,op-e9908a629e0a,CONFIRMED,6.786,00
3728,op-9da45b5e9fe9,CONFIRMED,6.804,00
3729,op-bb9b2cc6df63,CONFIRMED,6.811,00
3730,op-97c02d43e672,CONFIRMED,6.816,00
3731,op-3dc781ffe493,CONFIRMED,6.814,00
3732,op-a39aa3c4b8ce,CONFIRMED,6.8,00
3733,op-ef18a5950bb2,CONFIRMED,6.799,00
3734,op-52126eb66d59,CONFIRMED,6.782,00
3735,op-dc46a07dbbfc,CONFIRMED,6.783,00
3736,op-d4fab7e25877,CONFIRMED,6.781,00
3737,op-589f90946146,CONFIRMED,6.78,00
3738,op-3922a26102e7,CONFIRMED,6.78,00
3739,op-a173bda33ce0,CONFIRMED,6.799,00
3740,op-f680b7651c87,CONFIRMED,6.798,00
3741,op-1f2de51c0b0a,CONFIRMED,6.795,00
3742,op-6a8d9517e9e2,CONFIRMED,6.792,00
3743,op-f7df5c6672ed,CONFIRMED,6.789,00
3744,op-48fefa29155f,CONFIRMED,6.787,00
3745,op-459cc180d4c6,CONFIRMED,6.763,00
3746,op-6acbeec2e182,CONFIRMED,6.762,00
3747,op-224488e03c5e,CONFIRMED,6.764,00
3748,op-d8b14aefab69,CONFIRMED,6.762,00
3749,op-2170c752fd69,CONFIRMED,6.752,00
3750,op-ee272d2f2f7d,CONFIRMED,6.749,00
3751,op-a41de1ae71c5,CONFIRMED,6.735,00
3752,op-36cf3caab400,CONFIRMED,6.712,00
3753,op-7fe8e7f4454b,CONFIRMED,6.73,00
3754,op-046e02b311cf,CONFIRMED,6.728,00
3755,op-ef0fb1de3f41,CONFIRMED,6.747,00
3756,op-73156d22354b,CONFIRMED,6.74,00
3757,op-b84ff8ffe029,CONFIRMED,6.718,00
3758,op-83bbb00de0d5,CONFIRMED,6.723,00
3759,op-f7f0404b5f05,CONFIRMED,6.722,00
3760,op-baa2f5ea7ba7,CONFIRMED,6.745,00
3761,op-2f966aebdfaf,CONFIRMED,6.752,00
3762,op-deb1c8347d6e,CONFIRMED,6.75,00
3763,op-fa64418c3393,CONFIRMED,6.754,00
3764,op-d4ea80f3d4b7,CONFIRMED,6.775,00
3765,op-34a7aca42d4e,CONFIRMED,6.779,00
3766,op-b1663e0e2579,CONFIRMED,6.768,00
3767,op-937147d3e1d1,CONFIRMED,6.745,00
3768,op-bce069e5e5ac,CONFIRMED,6.737,00
3769,op-41534460b46f,CONFIRMED,6.758,00
3770,op-6b284fc1d47d,CONFIRMED,6.753,00
3771,op-a2913ce7e6e3,CONFIRMED,6.737,00
3772,op-114ba35ab19a,CONFIRMED,6.713,00
3773,op-f7f711d80e16,CONFIRMED,6.714,00
3774,op-30d825318ac7,CONFIRMED,6.722,00
3775,op-8339aac9d055,CONFIRMED,6.722,00
3776,op-95ba175f2622,CONFIRMED,6.726,00
3777,op-995e92d87224,CONFIRMED,6.725,00
3778,op-4b9978d3ef17,CONFIRMED,6.733,00
3779,op-611d88e93ae8,CONFIRMED,6.742,00
3780,op-51a07b470f55,CONFIRMED,6.737,00
3781,op-105a37526ce0,CONFIRMED,6.731,00
3782,op-f1c644084e93,CONFIRMED,6.719,00
3783,op-592bfdbc2128,CONFIRMED,6.718,00
3784,op-439e84d94019,CONFIRMED,6.719,00
3785,op-63eac84c6d5a,CONFIRMED,6.72,00
3786,op-21435eab9fd0,CONFIRMED,6.719,00
3787,op-8a09e6c33613,CONFIRMED,6.715,00
3788,op-330f5e1ab32c,CONFIRMED,6.713,00
3789,op-629661c171d5,CONFIRMED,6.708,00
3790,op-dcb06c67711b,CONFIRMED,6.707,00
3791,op-ba2dd61fbfa1,CONFIRMED,6.707,00
3792,op-629330510080,CONFIRMED,6.706,00
3793,op-303a5951088c,CONFIRMED,6.705,00
3794,op-a73db7b839e2,CONFIRMED,6.702,00
3795,op-ea0ca64cc530,CONFIRMED,6.681,00
3796,op-50aab2d09685,CONFIRMED,6.682,00
3797,op-ec9ac0e5c836,CONFIRMED,6.694,00
3798,op-5f7e8b33443d,CONFIRMED,6.69,00
3799,op-b2a479788535,CONFIRMED,6.678,00
3800,op-f593d6c401da,CONFIRMED,6.666,00
3801,op-ae7c98e3af9d,CONFIRMED,6.666,00
3802,op-4f66209eea4e,CONFIRMED,6.664,00
3803,op-3878d44d24d8,CONFIRMED,6.65,00
3804,op-9759326852b0,CONFIRMED,6.649,00
3805,op-570822f8eff9,CONFIRMED,6.634,00
3806,op-d27adf4fb6b4,CONFIRMED,6.646,00
3807,op-62cf1081e94b,CONFIRMED,6.647,00
3808,op-1b0d4b6010fc,CONFIRMED,6.636,00
3809,op-57bc00edeb4f,CONFIRMED,6.635,00
3810,op-f259d3032690,CONFIRMED,6.616,00
3811,op-4374463ed77b,CONFIRMED,6.619,00
3812,op-96ba27f92235,CONFIRMED,6.622,00
3813,op-5c77a34fd36e,CONFIRMED,6.631,00
3814,op-3a50c8cba1ef,CONFIRMED,6.639,00
3815,op-b7db9454982a,CONFIRMED,6.639,00
3816,op-c5ae7e9dc139,CONFIRMED,6.639,00
3817,op-0cce42ac5902,CONFIRMED,6.639,00
3818,op-82e2c574ea47,CONFIRMED,6.64,00
3819,op-253ec1be7dcf,CONFIRMED,6.641,00
3820,op-daea30865369,CONFIRMED,6.642,00
3821,op-b4f1a14a1465,CONFIRMED,6.626,00
3822,op-bc1a73ae9e4b,CONFIRMED,6.645,00
3823,op-b2d33bfe5882,CONFIRMED,6.653,00
3824,op-821623145f9b,CONFIRMED,6.653,00
3825,op-ff11e2eb615a,CONFIRMED,6.653,00
3826,op-ca19198a7119,CONFIRMED,6.655,00
3827,op-0d7da2409107,CONFIRMED,6.638,00
3828,op-044d55ae30df,CONFIRMED,6.629,00
3829,op-4750edb89eff,CONFIRMED,6.628,00
3830,op-a1ad50f9652c,CONFIRMED,6.631,00
3831,op-8cdfb554e7a8,CONFIRMED,6.632,00
3832,op-7ad0fb9c900a,CONFIRMED,6.653,00
3833,op-e061e11b5d41,CONFIRMED,6.645,00
3834,op-b14a1c337562,CONFIRMED,6.636,00
3835,op-c7637f154708,CONFIRMED,6.645,00
3836,op-356cb1583580,CONFIRMED,6.635,00
3837,op-8b6bbc7798d7,CONFIRMED,6.645,00
3838,op-9d3fdb4c1ab9,CONFIRMED,6.636,00
3839,op-49419612f5a9,CONFIRMED,6.645,00
3840,op-9fb309d27335,CONFIRMED,6.646,00
3841,op-a62fb971253d,CONFIRMED,6.647,00
3842,op-1765f1b5e0df,CONFIRMED,6.641,00
3843,op-e36378cd46fc,CONFIRMED,6.618,00
3844,op-3c1276f7e3cb,CONFIRMED,6.616,00
3845,op-6cde2bb8cf79,CONFIRMED,6.6,00
3846,op-d1b5805df918,CONFIRMED,6.578,00
3847,op-ec4128a8504f,CONFIRMED,6.578,00
3848,op-01333401a1ce,CONFIRMED,6.58,00
3849,op-196cca25d4da,CONFIRMED,6.579,00
3850,op-fb8752c621e2,CONFIRMED,6.581,00
3851,op-ae803c053581,CONFIRMED,6.581,00
3852,op-5a47f6eb6040,CONFIRMED,6.582,00
3853,op-362fdba6746f,CONFIRMED,6.584,00
3854,op-7aebe616ddcf,CONFIRMED,6.599,00
3855,op-d0e52c148d8d,CONFIRMED,6.582,00
3856,op-f603be7df2c7,CONFIRMED,6.601,00
3857,op-2c4b1b86c158,CONFIRMED,6.601,00
3858,op-a5fc0471c845,CONFIRMED,6.618,00
3859,op-5dc9290255cc,CONFIRMED,6.605,00
3860,op-5ae436e9bf84,CONFIRMED,6.604,00
3861,op-99a40009fcee,CONFIRMED,6.605,00
3862,op-89bf9779f869,CONFIRMED,6.621,00
3863,op-d70668f6bc4d,CONFIRMED,6.624,00
3864,op-2c21bef80e58,CONFIRMED,6.626,00
3865,op-090239326499,CONFIRMED,6.621,00
3866,op-357ba657b5c7,CONFIRMED,6.608,00
3867,op-ec24be84bf69,CONFIRMED,6.61,00
3868,op-bdc5095bee51,CONFIRMED,6.612,00
3869,op-840ae04e8a56,CONFIRMED,6.616,00
3870,op-aeab422657eb,CONFIRMED,6.639,00
3871,op-a053303135c3,CONFIRMED,6.642,00
3872,op-0471b50ac7d9,CONFIRMED,6.644,00
3873,op-097b64dcf5df,CONFIRMED,6.65,00
3874,op-88b30e380865,CONFIRMED,6.65,00
3875,op-9f35395ae30b,CONFIRMED,6.634,00
3876,op-5fb5ec792b14,CONFIRMED,6.636,00
3877,op-eade19824e96,CONFIRMED,6.639,00
3878,op-0e386414dc88,CONFIRMED,6.629,00
3879,op-2ef95590c670,CONFIRMED,6.63,00
3880,op-879e3c4f3402,CONFIRMED,6.612,00
3881,op-7738d17c1f2f,CONFIRMED,6.589,00
3882,op-48208d4b6a6b,CONFIRMED,6.58,00
3883,op-db1b33b716e5,CONFIRMED,6.581,00
3884,op-e3d174068253,CONFIRMED,6.581,00
3885,op-f4398a0e09a0,CONFIRMED,6.575,00
3886,op-b583eb8253e2,CONFIRMED,6.566,00
3887,op-b92f6e5c550f,CONFIRMED,6.571,00
3888,op-1f2cf276d249,CONFIRMED,6.553,00
3889,op-f771f8153839,CONFIRMED,6.559,00
3890,op-f195e9ee876c,CONFIRMED,6.55,00
3891,op-20011fd3c773,CONFIRMED,6.557,00
3892,op-152e36aec1e1,CONFIRMED,6.557,00
3893,op-ccd2a2b98a65,CONFIRMED,6.558,00
3894,op-28d6871778a4,CONFIRMED,6.552,00
3895,op-8aa63c6f17a9,CONFIRMED,6.551,00
3896,op-361866b256af,CONFIRMED,6.57,00
3897,op-b8e4ce359759,CONFIRMED,6.576,00
3898,op-3cf21c7b8056,CONFIRMED,6.575,00
3899,op-4f8ab29b1a7f,CONFIRMED,6.569,00
3900,op-37a901567e5e,CONFIRMED,6.564,00
3901,op-4caf9caae3bb,CONFIRMED,6.561,00
3902,op-60c2896bb044,CONFIRMED,6.561,00
3903,op-d45939f65681,CONFIRMED,6.556,00
3904,op-76b57b122f41,CONFIRMED,6.555,00
3905,op-c060e6826f48,CONFIRMED,6.544,00
3906,op-e10746b2c33c,CONFIRMED,6.545,00
3907,op-68ceb9d62292,CONFIRMED,6.557,00
3908,op-4f47da0ba187,CONFIRMED,6.566,00
3909,op-a1d10acf030e,CONFIRMED,6.566,00
3910,op-c3c9e35f3a6f,CONFIRMED,6.564,00
3911,op-1fa1305616b2,CONFIRMED,6.563,00
3912,op-86d6cac4c546,CONFIRMED,6.551,00
3913,op-b8c027d0368c,CONFIRMED,6.542,00
3914,op-26a2c1e40c67,CONFIRMED,6.542,00
3915,op-9947bc3f2aaf,CONFIRMED,6.522,00
3916,op-c6e99ad3233b,CONFIRMED,6.522,00
3917,op-91cc9b9fdac5,CONFIRMED,6.528,00
3918,op-665f620dd3b4,CONFIRMED,6.518,00
3919,op-a9194b8093f5,CONFIRMED,6.514,00
3920,op-8972a5fcb4fc,CONFIRMED,6.512,00
3921,op-ad44c7f69544,CONFIRMED,6.509,00
3922,op-01fa5b5893a6,CONFIRMED,6.509,00
3923,op-35439e4cdc85,CONFIRMED,6.508,00
3924,op-529536633cdd,CONFIRMED,6.507,00
3925,op-3763ca88e91f,CONFIRMED,6.505,00
3926,op-bb14164d48de,CONFIRMED,6.52,00
3927,op-31406a735868,CONFIRMED,6.503,00
3928,op-4fdf31330a99,CONFIRMED,6.513,00
3929,op-c460a11da0d9,CONFIRMED,6.512,00
3930,op-b5b681ad1d73,CONFIRMED,6.511,00
3931,op-a441e04d9dbe,CONFIRMED,6.519,00
3932,op-9feb4dd249df,CONFIRMED,6.504,00
3933,op-a8e693c2c6df,CONFIRMED,6.494,00
3934,op-abb2b501642a,CONFIRMED,6.494,00
3935,op-627a891109ec,CONFIRMED,6.496,00
3936,op-70cc0c020ed5,CONFIRMED,6.497,00
3937,op-28015bdb13a0,CONFIRMED,6.48,00
3938,op-9928cc4a497e,CONFIRMED,6.47,00
3939,op-9d4e100b64cf,CONFIRMED,6.47,00
3940,op-28e0341cd8cb,CONFIRMED,6.482,00
3941,op-3182f257895c,CONFIRMED,6.471,00
3942,op-ee7de1ed304b,CONFIRMED,6.472,00
3943,op-80be4fbad3e3,CONFIRMED,6.463,00
3944,op-e7719e07834f,CONFIRMED,6.459,00
3945,op-72bd76540a95,CONFIRMED,6.477,00
3946,op-f018eddedd20,CONFIRMED,6.476,00
3947,op-dab3032e9f69,CONFIRMED,6.466,00
3948,op-2fb209ec3bd5,CONFIRMED,6.479,00
3949,op-882da56af5b6,CONFIRMED,6.481,00
3950,op-3e09563319ed,CONFIRMED,6.483,00
3951,op-b836f75575af,CONFIRMED,6.485,00
3952,op-1c71168bd76f,CONFIRMED,6.478,00
3953,op-d6706ec40187,CONFIRMED,6.476,00
3954,op-a6b8b3648e07,CONFIRMED,6.489,00
3955,op-1f34ee7fec7d,CONFIRMED,6.487,00
3956,op-eb3a41354d1d,CONFIRMED,6.502,00
3957,op-737b89d17aad,CONFIRMED,6.501,00
3958,op-19e05c913995,CONFIRMED,6.519,00
3959,op-cf97431cec88,CONFIRMED,6.507,00
3960,op-7bb303e0fd51,CONFIRMED,6.495,00
3961,op-eb4a9f207dd5,CONFIRMED,6.472,00
3962,op-4697ba146c20,CONFIRMED,6.47,00
3963,op-ec06365833c8,CONFIRMED,6.459,00
3964,op-fb69da18480c,CONFIRMED,6.461,00
3965,op-ffb41515370a,CONFIRMED,6.462,00
3966,op-ab3950f40917,CONFIRMED,6.451,00
3967,op-cb5cae16a989,CONFIRMED,6.452,00
3968,op-685f06a85f78,CONFIRMED,6.452,00
3969,op-e0f8d8302d83,CONFIRMED,6.459,00
3970,op-b8f9d1697c5c,CONFIRMED,6.433,00
3971,op-81dc4ed7064c,CONFIRMED,6.431,00
3972,op-518ae128ad45,CONFIRMED,6.414,00
3973,op-5196ba562331,CONFIRMED,6.411,00
3974,op-bcb524ee8b94,CONFIRMED,6.409,00
3975,op-abe73a38c241,CONFIRMED,6.384,00
3976,op-cf68dd7f7001,CONFIRMED,6.359,00
3977,op-81d065fc4e07,CONFIRMED,6.355,00
3978,op-9a6e5b7a3096,CONFIRMED,6.352,00
3979,op-6b284144f191,CONFIRMED,6.349,00
3980,op-2fbcba97156a,CONFIRMED,6.36,00
3981,op-33a02f47ac37,CONFIRMED,6.383,00
3982,op-c376f9f3c711,CONFIRMED,6.385,00
3983,op-5bd7f7cb5415,CONFIRMED,6.388,00
3984,op-74cb34517c68,CONFIRMED,6.376,00
3985,op-e8f534b1461e,CONFIRMED,6.376,00
3986,op-178778b20b28,CONFIRMED,6.376,00
3987,op-84a418b094e0,CONFIRMED,6.369,00
3988,op-bfae65b0784f,CONFIRMED,6.361,00
3989,op-35d7beaabf18,CONFIRMED,6.362,00
3990,op-931c589becc2,CONFIRMED,6.345,00
3991,op-a267b34b3e1f,CONFIRMED,6.35,00
3992,op-6b34ae38f7ae,CONFIRMED,6.328,00
3993,op-44e1692da723,CONFIRMED,6.317,00
3994,op-9d3b5292a4cf,CONFIRMED,6.314,00
3995,op-b1a8023e5cd0,CONFIRMED,6.315,00
3996,op-e1f8c97152f7,CONFIRMED,6.334,00
3997,op-cd61a5de6aea,CONFIRMED,6.328,00
3998,op-4bc77608318e,CONFIRMED,6.345,00
3999,op-feffc6c6a35e,CONFIRMED,6.325,00
4000,op-82af711b1628,CONFIRMED,6.899,00
4001,op-8609795f64ce,CONFIRMED,6.9,00
4002,op-4c84d0ed46db,CONFIRMED,6.892,00
4003,op-d6bf5d2d0ba6,CONFIRMED,6.892,00
4004,op-d36917f59fd2,CONFIRMED,6.892,00
4005,op-684e4a7ba78f,CONFIRMED,6.871,00
4006,op-9600df4ed012,CONFIRMED,6.849,00
4007,op-0964611edf8d,CONFIRMED,6.85,00
4008,op-58d8671e4801,CONFIRMED,6.851,00
4009,op-479095c2098b,CONFIRMED,6.862,00
4010,op-b808a679c40f,CONFIRMED,6.847,00
4011,op-ee4150d91b89,CONFIRMED,6.848,00
4012,op-385d6947d906,CONFIRMED,6.832,00
4013,op-e6ace7fb0dac,CONFIRMED,6.832,00
4014,op-8e8e74b7ead2,CONFIRMED,6.818,00
4015,op-430908ae1846,CONFIRMED,6.795,00
4016,op-021d9f048c74,CONFIRMED,6.789,00
4017,op-db273f2f8776,CONFIRMED,6.802,00
4018,op-24ec0632841a,CONFIRMED,6.804,00
4019,op-8013cb4dfbe3,CONFIRMED,6.815,00
4020,op-e4552706b9e9,CONFIRMED,6.823,00
4021,op-08a955e464b2,CONFIRMED,6.83,00
4022,op-4447174a742a,CONFIRMED,6.848,00
4023,op-2bfe093a9809,CONFIRMED,6.872,00
4024,op-d03ad8d0f7c7,CONFIRMED,6.896,00
4025,op-8cc88aa5f9f6,CONFIRMED,6.901,00
4026,op-3b13fa8cee70,CONFIRMED,6.929,00
4027,op-f646c3a6e76e,CONFIRMED,6.936,00
4028,op-cd8b0d0a2d0d,CONFIRMED,6.939,00
4029,op-2f7a313060fa,CONFIRMED,6.951,00
4030,op-002f87b90896,CONFIRMED,6.984,00
4031,op-c0d30db4e77f,CONFIRMED,6.999,00
4032,op-19a822d24333,CONFIRMED,7.026,00
4033,op-7dad696278d0,CONFIRMED,7.037,00
4034,op-90e6a1e92a79,CONFIRMED,7.044,00
4035,op-385424ecd117,CONFIRMED,7.048,00
4036,op-fd954a6e8e39,CONFIRMED,7.041,00
4037,op-1d54a8d77ac4,CONFIRMED,7.049,00
4038,op-73a80196faff,CONFIRMED,7.044,00
4039,op-d8eacb4ac07e,CONFIRMED,7.05,00
4040,op-1bc462089d1d,CONFIRMED,7.053,00
4041,op-1ad8f1d8afdf,CONFIRMED,7.036,00
4042,op-f5d5dd8363cd,CONFIRMED,7.046,00
4043,op-72ef9484153f,CONFIRMED,7.056,00
4044,op-66589a982cd8,CONFIRMED,7.065,00
4045,op-69a4b32b2bf0,CONFIRMED,7.064,00
4046,op-eda7e61badb4,CONFIRMED,7.067,00
4047,op-354fafa0b64a,CONFIRMED,7.053,00
4048,op-19c89002e6ab,CONFIRMED,7.062,00
4049,op-196f280fec7f,CONFIRMED,7.066,00
4050,op-c2031c2241ab,CONFIRMED,7.064,00
4051,op-6d845d1e4755,CONFIRMED,7.05,00
4052,op-eec4b4b2c86b,CONFIRMED,7.126,00
4053,op-2f4141446828,CONFIRMED,7.126,00
4054,op-5e4dbb62c65f,CONFIRMED,7.131,00
4055,op-47609d0ba918,CONFIRMED,7.133,00
4056,op-816ed13bb198,CONFIRMED,7.141,00
4057,op-eea91c590708,CONFIRMED,7.137,00
4058,op-62724bfdd654,CONFIRMED,7.13,00
4059,op-86716d551005,CONFIRMED,7.138,00
4060,op-ef5850a788f8,CONFIRMED,7.152,00
4061,op-8e4e61f787e8,CONFIRMED,7.176,00
4062,op-1d91ce72b058,CONFIRMED,7.182,00
4063,op-6cf34b759682,CONFIRMED,7.185,00
4064,op-ada502296f9b,CONFIRMED,7.205,00
4065,op-45852295a837,CONFIRMED,7.207,00
4066,op-a9cfc3ee3f8a,CONFIRMED,7.192,00
4067,op-18536a2dfdb5,CONFIRMED,7.207,00
4068,op-6df7d2bf4040,CONFIRMED,7.191,00
4069,op-13d9dc7a14a7,CONFIRMED,7.168,00
4070,op-70969123ca0e,CONFIRMED,7.163,00
4071,op-f95dbacafd1a,CONFIRMED,7.179,00
4072,op-3468e0022601,CONFIRMED,7.182,00
4073,op-6362f0f67f82,CONFIRMED,7.174,00
4074,op-a538cf0143df,CONFIRMED,7.169,00
4075,op-89f2a5b439f1,CONFIRMED,7.173,00
4076,op-a12e4c3efdf2,CONFIRMED,7.154,00
4077,op-f7f9a155435b,CONFIRMED,7.151,00
4078,op-6fd81896d78a,CONFIRMED,7.138,00
4079,op-1d6c3c8b5fb6,CONFIRMED,7.134,00
4080,op-2cad7ea296c2,CONFIRMED,7.137,00
4081,op-0e68f547882a,CONFIRMED,7.15,00
4082,op-6a59a2d50ffb,CONFIRMED,7.14,00
4083,op-3c5e9146cd90,CONFIRMED,7.135,00
4084,op-092a036ae74a,CONFIRMED,7.139,00
4085,op-3499d12ea343,CONFIRMED,7.141,00
4086,op-a41a58c0947a,CONFIRMED,7.132,00
4087,op-f5b70b933f2e,CONFIRMED,7.126,00
4088,op-c8668fd7db0e,CONFIRMED,7.137,00
4089,op-a2d1e91e8f45,CONFIRMED,7.12,00
4090,op-8e2dd65c889e,CONFIRMED,7.123,00
4091,op-34c743d5f3d9,CONFIRMED,7.125,00
4092,op-3e6fe9c63baf,CONFIRMED,7.144,00
4093,op-f1c402bd25cf,CONFIRMED,7.169,00
4094,op-769f2907d96f,CONFIRMED,7.174,00
4095,op-3aba965d16fc,CONFIRMED,7.176,00
4096,op-50e43320970c,CONFIRMED,7.178,00
4097,op-cae23155231d,CONFIRMED,7.178,00
4098,op-6e3d78af01c1,CONFIRMED,7.18,00
4099,op-558d97acdbc2,CONFIRMED,7.182,00
4100,op-0933e7cef19e,CONFIRMED,7.166,00
4101,op-f3e4efb77a70,CONFIRMED,7.169,00
4102,op-3423e946bf40,CONFIRMED,7.173,00
4103,op-6b44f48234cd,CONFIRMED,7.185,00
4104,op-95bd189cfbba,CONFIRMED,7.172,00
4105,op-cdd1b223c41e,CONFIRMED,7.178,00
4106,op-08fce2890939,CONFIRMED,7.179,00
4107,op-005d923571a4,CONFIRMED,7.18,00
4108,op-936fbef3e172,CONFIRMED,7.168,00
4109,op-c6ec02454508,CONFIRMED,7.17,00
4110,op-55f7a734c9af,CONFIRMED,7.193,00
4111,op-b4e379b65c86,CONFIRMED,7.207,00
4112,op-1ef3475ba4e4,CONFIRMED,7.211,00
4113,op-2a8dac5a8f03,CONFIRMED,7.218,00
4114,op-6cd34902f3ec,CONFIRMED,7.224,00
4115,op-73128b896044,CONFIRMED,7.227,00
4116,op-f4ea1b8357d3,CONFIRMED,7.231,00
4117,op-a017c86e87a8,CONFIRMED,7.233,00
4118,op-27f615190d22,CONFIRMED,7.228,00
4119,op-33c4c648d2df,CONFIRMED,7.222,00
4120,op-b822eabc1ec5,CONFIRMED,7.225,00
4121,op-184b9b500fae,CONFIRMED,7.226,00
4122,op-89eff3d3a955,CONFIRMED,7.235,00
4123,op-a1894e16bf09,CONFIRMED,7.239,00
4124,op-efd05fcf83b6,CONFIRMED,7.241,00
4125,op-5d331fa09752,CONFIRMED,7.259,00
4126,op-10e312bca8ef,CONFIRMED,7.263,00
4127,op-342b49f38bfc,CONFIRMED,7.252,00
4128,op-1c9ba7f32f44,CONFIRMED,7.252,00
4129,op-1335549e051c,CONFIRMED,7.236,00
4130,op-2b8ef25216c8,CONFIRMED,7.229,00
4131,op-e173b5a41728,CONFIRMED,7.234,00
4132,op-64fc17a50f0a,CONFIRMED,7.233,00
4133,op-91829da14146,CONFIRMED,7.21,00
4134,op-3d9c28f7ca5f,CONFIRMED,7.205,00
4135,op-68eb7b872f52,CONFIRMED,7.198,00
4136,op-6bd56ffe1c50,CONFIRMED,7.2,00
4137,op-5c502e061c03,CONFIRMED,7.219,00
4138,op-399e552155ed,CONFIRMED,7.236,00
4139,op-9ec01b9911f1,CONFIRMED,7.228,00
4140,op-8d1613381449,CONFIRMED,7.244,00
4141,op-890fc4e0a95f,CONFIRMED,7.246,00
4142,op-966229c861d7,CONFIRMED,7.248,00
4143,op-54eb8c642f2c,CONFIRMED,7.248,00
4144,op-fc97ea22a97e,CONFIRMED,7.264,00
4145,op-0a9b0f95e47c,CONFIRMED,7.273,00
4146,op-2c9c5042bc32,CONFIRMED,7.281,00
4147,op-46b50f973079,CONFIRMED,7.283,00
4148,op-d27d27d5e2e6,CONFIRMED,7.265,00
4149,op-73901befd351,CONFIRMED,7.264,00
4150,op-a0d66df804e9,CONFIRMED,7.265,00
4151,op-7e4e6841eb04,CONFIRMED,7.256,00
4152,op-9ef8b52b8c0d,CONFIRMED,7.247,00
4153,op-3e9390bee772,CONFIRMED,7.24,00
4154,op-ede583f8f1c0,CONFIRMED,7.241,00
4155,op-94ad730a206f,CONFIRMED,7.253,00
4156,op-4b159112949f,CONFIRMED,7.264,00
4157,op-40150ba03e7c,CONFIRMED,7.265,00
4158,op-f0c1d328b0a1,CONFIRMED,7.266,00
4159,op-cc21b5633fa3,CONFIRMED,7.266,00
4160,op-cafd78fb78d1,CONFIRMED,7.266,00
4161,op-5a5454682283,CONFIRMED,7.257,00
4162,op-e2729e5123a7,CONFIRMED,7.274,00
4163,op-ccdccadcb343,CONFIRMED,7.257,00
4164,op-77740c3c6a49,CONFIRMED,7.257,00
4165,op-1e1fea1ea033,CONFIRMED,7.25,00
4166,op-967d49c496c2,CONFIRMED,7.226,00
4167,op-b8317108be94,CONFIRMED,7.217,00
4168,op-f1a49f90cc51,CONFIRMED,7.192,00
4169,op-12aafc2d3ce7,CONFIRMED,7.19,00
4170,op-d7860361e65d,CONFIRMED,7.199,00
4171,op-b9ecec659404,CONFIRMED,7.181,00
4172,op-d7acbe75c9e1,CONFIRMED,7.171,00
4173,op-7e6860ad6bee,CONFIRMED,7.168,00
4174,op-2b9aee221736,CONFIRMED,7.185,00
4175,op-b61ede10f80a,CONFIRMED,7.183,00
4176,op-0ba3c15bc454,CONFIRMED,7.181,00
4177,op-61fb5d2b31bb,CONFIRMED,7.176,00
4178,op-0295147772aa,CONFIRMED,7.174,00
4179,op-b6de801d5c38,CONFIRMED,7.173,00
4180,op-3e92ca8d6b47,CONFIRMED,7.164,00
4181,op-e63b9789f38e,CONFIRMED,7.165,00
4182,op-0b7b832d5dc0,CONFIRMED,7.097,00
4183,op-5cd2a098b779,CONFIRMED,7.067,00
4184,op-5d4db05a6f7a,CONFIRMED,7.029,00
4185,op-5d8b20ad48aa,CONFIRMED,7.093,00
4186,op-8c8dac1027e1,CONFIRMED,7.095,00
4187,op-ddb1acb45da0,CONFIRMED,7.091,00
4188,op-1dcd4e166205,CONFIRMED,7.087,00
4189,op-05c1e5f6aa7f,CONFIRMED,7.075,00
4190,op-0342f38fb14b,CONFIRMED,7.071,00
4191,op-039cca4ef7ef,CONFIRMED,7.058,00
4192,op-5338233c3822,CONFIRMED,7.072,00
4193,op-e2a53eb1c3d1,CONFIRMED,7.056,00
4194,op-23b5b2967585,CONFIRMED,7.054,00
4195,op-79018ba9a96c,CONFIRMED,7.05,00
4196,op-4b90cf402cce,CONFIRMED,7.059,00
4197,op-414e43915f5b,CONFIRMED,7.04,00
4198,op-d933bb88a92e,CONFIRMED,7.019,00
4199,op-553df8ca21b2,CONFIRMED,6.995,00
4200,op-82db5165730f,CONFIRMED,6.987,00
4201,op-b15257679895,CONFIRMED,6.984,00
4202,op-8035c977cedf,CONFIRMED,6.987,00
4203,op-cb94a98a215e,CONFIRMED,6.969,00
4204,op-34b708ed02eb,CONFIRMED,6.986,00
4205,op-110de9f3eef2,CONFIRMED,6.985,00
4206,op-4cd1c3b09dc2,CONFIRMED,6.969,00
4207,op-8ed2d069dc19,CONFIRMED,6.96,00
4208,op-5c5b4bb7bbec,CONFIRMED,6.951,00
4209,op-f99732cfda2d,CONFIRMED,6.939,00
4210,op-c0b0ea480851,CONFIRMED,6.947,00
4211,op-1fd8460fe43d,CONFIRMED,6.944,00
4212,op-09e9eb0e311f,CONFIRMED,6.938,00
4213,op-750d15f9c27d,CONFIRMED,6.936,00
4214,op-6303f9ea3f1a,CONFIRMED,6.931,00
4215,op-a0a56ed3f222,CONFIRMED,6.93,00
4216,op-fabe3cf616bf,CONFIRMED,6.928,00
4217,op-bb1e8e955b4a,CONFIRMED,6.921,00
4218,op-b4abaaa7c80e,CONFIRMED,6.934,00
4219,op-cc790ef93764,CONFIRMED,6.93,00
4220,op-920bb88f83c0,CONFIRMED,6.905,00
4221,op-15efd05a2b34,CONFIRMED,6.912,00
4222,op-68305b24e601,CONFIRMED,6.908,00
4223,op-cb68c8656153,CONFIRMED,6.892,00
4224,op-4e8a0fcd665c,CONFIRMED,6.888,00
4225,op-4d02ac7c9937,CONFIRMED,6.873,00
4226,op-fc48c2b51b63,CONFIRMED,6.878,00
4227,op-48af603873cc,CONFIRMED,6.874,00
4228,op-423ba4e7e0d9,CONFIRMED,6.871,00
4229,op-c57747b97f5e,CONFIRMED,6.853,00
4230,op-1546a231ad1f,CONFIRMED,6.843,00
4231,op-6b061396b044,CONFIRMED,6.845,00
4232,op-e98491ed8570,CONFIRMED,6.844,00
4233,op-9ed18338c747,CONFIRMED,6.849,00
4234,op-3aef34124098,CONFIRMED,6.854,00
4235,op-49846ceb5dce,CONFIRMED,6.872,00
4236,op-a058e5818412,CONFIRMED,6.876,00
4237,op-e0b6a801a064,CONFIRMED,6.882,00
4238,op-e268173c9970,CONFIRMED,6.855,00
4239,op-ebb124d572a2,CONFIRMED,6.853,00
4240,op-a8bd708b74d0,CONFIRMED,6.852,00
4241,op-6d560b0482c3,CONFIRMED,6.856,00
4242,op-50a462c473a6,CONFIRMED,6.813,00
4243,op-d399a7caa249,CONFIRMED,6.824,00
4244,op-3bac30e98b8f,CONFIRMED,6.827,00
4245,op-e6650e7f17ff,CONFIRMED,6.833,00
4246,op-f253c03485fe,CONFIRMED,6.838,00
4247,op-e22042c2a742,CONFIRMED,6.844,00
4248,op-1c9bc4091abf,CONFIRMED,6.832,00
4249,op-b36c8163a303,CONFIRMED,6.838,00
4250,op-a4a3b04454c7,CONFIRMED,6.831,00
4251,op-774aeb892116,CONFIRMED,6.835,00
4252,op-7c6fa5643403,CONFIRMED,6.829,00
4253,op-ce44a6ce8a6d,CONFIRMED,6.834,00
4254,op-9e2cdab61573,CONFIRMED,6.829,00
4255,op-12ec7ad046bb,CONFIRMED,6.826,00
4256,op-ac7d005b0ef2,CONFIRMED,6.82,00
4257,op-881ff622a59f,CONFIRMED,6.786,00
4258,op-2953af3bae26,CONFIRMED,6.776,00
4259,op-0392aae77658,CONFIRMED,6.766,00
4260,op-b9ebdae3f1e2,CONFIRMED,6.738,00
4261,op-89bb42a28ded,CONFIRMED,6.747,00
4262,op-eb346dc360fb,CONFIRMED,6.742,00
4263,op-fa1b63e7ef95,CONFIRMED,6.739,00
4264,op-903d70136a3e,CONFIRMED,6.75,00
4265,op-57877112880e,CONFIRMED,6.747,00
4266,op-d065389799c7,CONFIRMED,6.76,00
4267,op-5c88b10c37e2,CONFIRMED,6.765,00
4268,op-235f30efd780,CONFIRMED,6.761,00
4269,op-ee752f5232ef,CONFIRMED,6.772,00
4270,op-dc2812ef75f1,CONFIRMED,6.767,00
4271,op-298301f8666b,CONFIRMED,6.799,00
4272,op-44714eb61278,CONFIRMED,6.809,00
4273,op-a48d4d5e662e,CONFIRMED,6.789,00
4274,op-c8ccf1ac631c,CONFIRMED,6.787,00
4275,op-d6d419016e7b,CONFIRMED,6.773,00
4276,op-daa24e555eae,CONFIRMED,6.781,00
4277,op-bf941dd84da2,CONFIRMED,6.776,00
4278,op-8886b3c99b5c,CONFIRMED,6.79,00
4279,op-9489f524da75,CONFIRMED,6.789,00
4280,op-189b11c79814,CONFIRMED,6.774,00
4281,op-12cc10655a00,CONFIRMED,6.772,00
4282,op-7a8c0530b72e,CONFIRMED,6.773,00
4283,op-23e1f761fc07,CONFIRMED,6.779,00
4284,op-7f4713872435,CONFIRMED,6.775,00
4285,op-ae027d858911,CONFIRMED,6.75,00
4286,op-92a9f4e728cd,CONFIRMED,6.766,00
4287,op-d2f8848966e8,CONFIRMED,6.765,00
4288,op-4857773949a9,CONFIRMED,6.759,00
4289,op-28f242609232,CONFIRMED,6.745,00
4290,op-a706166eca21,CONFIRMED,6.722,00
4291,op-352b8967d590,CONFIRMED,6.737,00
4292,op-720d8d553201,CONFIRMED,6.73,00
4293,op-6112f9cd6b44,CONFIRMED,6.735,00
4294,op-6db7ea1aefa3,CONFIRMED,6.729,00
4295,op-ace847a6d13a,CONFIRMED,6.706,00
4296,op-f9b931a7cc11,CONFIRMED,6.679,00
4297,op-8c275e221f49,CONFIRMED,6.677,00
4298,op-18a4f9d87be2,CONFIRMED,6.661,00
4299,op-e667c065499d,CONFIRMED,6.659,00
4300,op-f88eed107ea7,CONFIRMED,6.656,00
4301,op-c74adad91bd6,CONFIRMED,6.674,00
4302,op-c917d993f972,CONFIRMED,6.67,00
4303,op-d5fdcacd127c,CONFIRMED,6.666,00
4304,op-c424c17939a5,CONFIRMED,6.654,00
4305,op-5d4247902d88,CONFIRMED,6.651,00
4306,op-78d275827684,CONFIRMED,6.666,00
4307,op-3ddc67dfffcc,CONFIRMED,6.643,00
4308,op-9d20c832b2a9,CONFIRMED,6.637,00
4309,op-cb3ba4686053,CONFIRMED,6.645,00
4310,op-c1c27a6d832c,CONFIRMED,6.644,00
4311,op-bfa8d38f8de3,CONFIRMED,6.645,00
4312,op-547276b2d785,CONFIRMED,6.636,00
4313,op-ff99dee0ddb3,CONFIRMED,6.643,00
4314,op-381e2fe92f6c,CONFIRMED,6.653,00
4315,op-9d610e9f9064,CONFIRMED,6.676,00
4316,op-f0811003ec9b,CONFIRMED,6.686,00
4317,op-ac17d2941d63,CONFIRMED,6.708,00
4318,op-346ef5830a8f,CONFIRMED,6.71,00
4319,op-fc351bd1d925,CONFIRMED,6.712,00
4320,op-931b8e005e8b,CONFIRMED,6.716,00
4321,op-908de099b305,CONFIRMED,6.716,00
4322,op-72ec55fd9780,CONFIRMED,6.694,00
4323,op-2cfef8bb604b,CONFIRMED,6.693,00
4324,op-b8cbf801f9f8,CONFIRMED,6.692,00
4325,op-430fbc00347a,CONFIRMED,6.703,00
4326,op-d9401989360b,CONFIRMED,6.693,00
4327,op-222605e8b259,CONFIRMED,6.708,00
4328,op-ed57c2a21ffa,CONFIRMED,6.708,00
4329,op-36bb36dda43f,CONFIRMED,6.704,00
4330,op-55035208911b,CONFIRMED,6.695,00
4331,op-4ff048628a30,CONFIRMED,6.712,00
4332,op-8b6e1c814ac1,CONFIRMED,6.694,00
4333,op-44c6ab09d8ed,CONFIRMED,6.693,00
4334,op-9f0f7f3cc732,CONFIRMED,6.703,00
4335,op-6b89120fb4a8,CONFIRMED,6.678,00
4336,op-cd670dc83ba5,CONFIRMED,6.693,00
4337,op-5465d5b6ce5c,CONFIRMED,6.69,00
4338,op-2d0459d6f744,CONFIRMED,6.689,00
4339,op-a8dea2e29f72,CONFIRMED,6.688,00
4340,op-8ae1aa146219,CONFIRMED,6.685,00
4341,op-d2a40921574f,CONFIRMED,6.698,00
4342,op-ed335bdc3e02,CONFIRMED,6.696,00
4343,op-d515b989753e,CONFIRMED,6.712,00
4344,op-f0412ac98ec7,CONFIRMED,6.702,00
4345,op-c493d30ee4d8,CONFIRMED,6.687,00
4346,op-2fe5ee8aa6b7,CONFIRMED,6.694,00
4347,op-9b039a8201e9,CONFIRMED,6.691,00
4348,op-6e7ae1e5164c,CONFIRMED,6.706,00
4349,op-d0c197f4104a,CONFIRMED,6.713,00
4350,op-e8c0ed2cb8dc,CONFIRMED,6.72,00
4351,op-d37feaed7c96,CONFIRMED,6.718,00
4352,op-a97b5a437496,CONFIRMED,6.72,00
4353,op-18b13e0acf04,CONFIRMED,6.727,00
4354,op-30960800083b,CONFIRMED,6.726,00
4355,op-85f51febaf91,CONFIRMED,6.723,00
4356,op-eecec12ac766,CONFIRMED,6.735,00
4357,op-263174a3d497,CONFIRMED,6.733,00
4358,op-94cda51a1667,CONFIRMED,6.729,00
4359,op-4457881ae25a,CONFIRMED,6.706,00
4360,op-8f99233b7c2f,CONFIRMED,6.703,00
4361,op-902d8b0f881c,CONFIRMED,6.701,00
4362,op-59a558969152,CONFIRMED,6.698,00
4363,op-d156c95e0baf,CONFIRMED,6.676,00
4364,op-ff2369b32f6a,CONFIRMED,6.651,00
4365,op-ed96f0bcaf3b,CONFIRMED,6.667,00
4366,op-d8d886d990c0,CONFIRMED,6.656,00
4367,op-cdaffc92d7b1,CONFIRMED,6.629,00
4368,op-92c23d137f1a,CONFIRMED,6.624,00
4369,op-419c0ee3c1b4,CONFIRMED,6.617,00
4370,op-e2cceaa0c02d,CONFIRMED,6.596,00
4371,op-a651a79fb159,CONFIRMED,6.59,00
4372,op-7acf8390ada2,CONFIRMED,6.584,00
4373,op-d5db225814c5,CONFIRMED,6.577,00
4374,op-87d3dfd0fc77,CONFIRMED,6.57,00
4375,op-4d6e1b7236c5,CONFIRMED,6.565,00
4376,op-75d9b295331d,CONFIRMED,6.559,00
4377,op-276406d355c0,CONFIRMED,6.569,00
4378,op-88d6debf4f33,CONFIRMED,6.565,00
4379,op-1addeabcf6ca,CONFIRMED,6.543,00
4380,op-f8f96d0d983f,CONFIRMED,6.557,00
4381,op-b466b6decd6f,CONFIRMED,6.554,00
4382,op-c78bd71f6107,CONFIRMED,6.551,00
4383,op-a499ae323468,CONFIRMED,6.565,00
4384,op-2943425050f7,CONFIRMED,6.57,00
4385,op-927bd02b1e93,CONFIRMED,6.557,00
4386,op-70e06c12863f,CONFIRMED,6.553,00
4387,op-4e22a510d6a0,CONFIRMED,6.549,00
4388,op-b7cc8877b5d3,CONFIRMED,6.556,00
4389,op-adc5e83591e2,CONFIRMED,6.564,00
4390,op-d5907a4d0553,CONFIRMED,6.571,00
4391,op-70af6812c332,CONFIRMED,6.578,00
4392,op-2da149e4f0a5,CONFIRMED,6.575,00
4393,op-3204b5d0f36b,CONFIRMED,6.56,00
4394,op-5d0243b61b94,CONFIRMED,6.558,00
4395,op-9e444c48f151,CONFIRMED,6.564,00
4396,op-85251625fdd9,CONFIRMED,6.561,00
4397,op-3cc44120e230,CONFIRMED,6.566,00
4398,op-1389dc777bb2,CONFIRMED,6.561,00
4399,op-930243d3b02d,CONFIRMED,6.578,00
4400,op-f42c203e3c27,CONFIRMED,6.575,00
4401,op-4507cc8d6517,CONFIRMED,6.594,00
4402,op-6b08e75b9dcc,CONFIRMED,6.591,00
4403,op-36edd412099e,CONFIRMED,6.588,00
4404,op-ab5902d6162e,CONFIRMED,6.602,00
4405,op-44cf18805b91,CONFIRMED,6.599,00
4406,op-e6d376564ca4,CONFIRMED,6.576,00
4407,op-fae09f53d012,CONFIRMED,6.591,00
4408,op-8303ace96734,CONFIRMED,6.597,00
4409,op-d36f7adb0bc2,CONFIRMED,6.604,00
4410,op-50792a1674ad,CONFIRMED,6.601,00
4411,op-2e712bf7ac28,CONFIRMED,6.617,00
4412,op-cd714c25a894,CONFIRMED,6.613,00
4413,op-5831c29e1453,CONFIRMED,6.597,00
4414,op-cf4272b7ec0d,CONFIRMED,6.579,00
4415,op-89bc64a15231,CONFIRMED,6.575,00
4416,op-f2766e9cc96a,CONFIRMED,6.574,00
4417,op-dab35ae8344f,CONFIRMED,6.568,00
4418,op-848ff89622f9,CONFIRMED,6.571,00
4419,op-8a37febb50ba,CONFIRMED,6.554,00
4420,op-e6d3b27bfeed,CONFIRMED,6.551,00
4421,op-ee396664e212,CONFIRMED,6.556,00
4422,op-7c9d296f419b,CONFIRMED,6.551,00
4423,op-cf2778d1c409,CONFIRMED,6.547,00
4424,op-3052cac247fa,CONFIRMED,6.551,00
4425,op-57f83b164c24,CONFIRMED,6.558,00
4426,op-3881256591fc,CONFIRMED,6.538,00
4427,op-67177c9c076f,CONFIRMED,6.535,00
4428,op-05bcf4f44ebf,CONFIRMED,6.551,00
4429,op-97c9eba8535b,CONFIRMED,6.55,00
4430,op-862503f9642b,CONFIRMED,6.547,00
4431,op-39594f32ab7c,CONFIRMED,6.561,00
4432,op-218f59fe4ade,CONFIRMED,6.548,00
4433,op-8f422d28e224,CONFIRMED,6.546,00
4434,op-28ffc929becd,CONFIRMED,6.544,00
4435,op-502a39626a4f,CONFIRMED,6.533,00
4436,op-12f7541916a3,CONFIRMED,6.532,00
4437,op-763af47f6291,CONFIRMED,6.53,00
4438,op-bf1728401026,CONFIRMED,6.546,00
4439,op-a8972a13bf24,CONFIRMED,6.535,00
4440,op-b09f2e34d90c,CONFIRMED,6.524,00
4441,op-a4ff5c6218bd,CONFIRMED,6.534,00
4442,op-fca315788ca9,CONFIRMED,6.544,00
4443,op-980196917412,CONFIRMED,6.551,00
4444,op-c08ef34a8591,CONFIRMED,6.538,00
4445,op-16ba04ffdf4f,CONFIRMED,6.525,00
4446,op-ed24d6bb0ac4,CONFIRMED,6.539,00
4447,op-e849f532939f,CONFIRMED,6.521,00
4448,op-854ebe477f75,CONFIRMED,6.541,00
4449,op-40653ab10a83,CONFIRMED,6.53,00
4450,op-9f00acb5f4c7,CONFIRMED,6.538,00
4451,op-46711f85151e,CONFIRMED,6.527,00
4452,op-c29364b05fca,CONFIRMED,6.53,00
4453,op-a09b67f1af9d,CONFIRMED,6.523,00
4454,op-bf9b4af4dd30,CONFIRMED,6.532,00
4455,op-62be36584881,CONFIRMED,6.531,00
4456,op-d85fb86d09bc,CONFIRMED,6.535,00
4457,op-2bfdada8eafd,CONFIRMED,6.534,00
4458,op-992e2bad670e,CONFIRMED,6.528,00
4459,op-794b17635fec,CONFIRMED,6.525,00
4460,op-dafb35464a44,CONFIRMED,6.521,00
4461,op-8cd52cf6880f,CONFIRMED,6.517,00
4462,op-f29a98f30f91,CONFIRMED,6.515,00
4463,op-ce14e9baa9ff,CONFIRMED,6.535,00
4464,op-4014abfc0ac3,CONFIRMED,6.54,00
4465,op-37abe315d973,CONFIRMED,6.537,00
4466,op-d728c6dc9ac4,CONFIRMED,6.535,00
4467,op-46a1f464b5c2,CONFIRMED,6.531,00
4468,op-5f5d0de4dbfd,CONFIRMED,6.53,00
4469,op-096cfac84f14,CONFIRMED,6.511,00
4470,op-750f247f0f2a,CONFIRMED,6.524,00
4471,op-245d6e808fea,CONFIRMED,6.532,00
4472,op-46d6fa0c362b,CONFIRMED,6.529,00
4473,op-84da79450421,CONFIRMED,6.527,00
4474,op-1a7370423251,CONFIRMED,6.528,00
4475,op-34ac895907eb,CONFIRMED,6.524,00
4476,op-7405b67e9982,CONFIRMED,6.521,00
4477,op-baa15f989452,CONFIRMED,6.522,00
4478,op-b879f33346b8,CONFIRMED,6.52,00
4479,op-1554e971800f,CONFIRMED,6.519,00
4480,op-82acd03abf60,CONFIRMED,6.504,00
4481,op-94a55a65f87d,CONFIRMED,6.503,00
4482,op-5ee81827ce9c,CONFIRMED,6.514,00
4483,op-67c51eacabc4,CONFIRMED,6.512,00
4484,op-ef88e3031eb5,CONFIRMED,6.532,00
4485,op-62fd83abe980,CONFIRMED,6.533,00
4486,op-99b620422967,CONFIRMED,6.516,00
4487,op-c8fe40a731e2,CONFIRMED,6.514,00
4488,op-8634b397f5c7,CONFIRMED,6.531,00
4489,op-572d50b8f4d0,CONFIRMED,6.529,00
4490,op-1264c2d22d11,CONFIRMED,6.53,00
4491,op-a770df293840,CONFIRMED,6.538,00
4492,op-656efeac98cc,CONFIRMED,6.526,00
4493,op-41dac972a9bc,CONFIRMED,6.506,00
4494,op-87f7899ced57,CONFIRMED,6.504,00
4495,op-19aeb1104ac7,CONFIRMED,6.484,00
4496,op-830735d99b0e,CONFIRMED,6.5,00
4497,op-62a22e4b1b9f,CONFIRMED,6.497,00
4498,op-2fef186cbcd6,CONFIRMED,6.515,00
4499,op-4df4ddbb8903,CONFIRMED,6.485,00
4500,op-bec0e2877bce,CONFIRMED,5.832,00
4501,op-6a3844b23ff0,CONFIRMED,5.81,00
4502,op-e2656aea8aa5,CONFIRMED,5.819,00
4503,op-67af90d7dc50,CONFIRMED,5.796,00
4504,op-883b15f07170,CONFIRMED,5.813,00
4505,op-91561119edf3,CONFIRMED,5.794,00
4506,op-9f986735abb9,CONFIRMED,5.784,00
4507,op-37c4d1c9e74d,CONFIRMED,5.764,00
4508,op-14b00dae8025,CONFIRMED,5.749,00
4509,op-db71f516af29,CONFIRMED,5.768,00
4510,op-1836b3d66424,CONFIRMED,5.778,00
4511,op-60a44ca03826,CONFIRMED,5.786,00
4512,op-96eb422bb4a0,CONFIRMED,5.778,00
4513,op-8d0f4b2b8221,CONFIRMED,5.778,00
4514,op-1f2e867fc589,CONFIRMED,5.758,00
4515,op-826483f169ba,CONFIRMED,5.758,00
4516,op-dab718f6f28f,CONFIRMED,5.777,00
4517,op-0fd98c8e99f1,CONFIRMED,5.773,00
4518,op-388b27c0f2ca,CONFIRMED,5.774,00
4519,op-2e200fbc220c,CONFIRMED,5.786,00
4520,op-2399ec0bc50b,CONFIRMED,5.785,00
4521,op-639922264960,CONFIRMED,5.767,00
4522,op-53d8d428ecc4,CONFIRMED,5.756,00
4523,op-4f5e30c2e1f6,CONFIRMED,5.765,00
4524,op-1a2dadb5dc73,CONFIRMED,5.777,00
4525,op-13c6c6793016,CONFIRMED,5.766,00
4526,op-7e181c3deabb,CONFIRMED,5.761,00
4527,op-f8cf6346bd24,CONFIRMED,5.751,00
4528,op-abe4a9e0ea49,CONFIRMED,5.757,00
4529,op-ee15b7602425,CONFIRMED,5.76,00
4530,op-76296ccbef22,CONFIRMED,5.746,00
4531,op-486216bfa610,CONFIRMED,5.722,00
4532,op-e9b62521f571,CONFIRMED,5.729,00
4533,op-255bdf345a8d,CONFIRMED,5.738,00
4534,op-3a5b46577e3d,CONFIRMED,5.716,00
4535,op-c535b74d11f0,CONFIRMED,5.72,00
4536,op-e5e0fc55c48a,CONFIRMED,5.724,00
4537,op-17503bacaded,CONFIRMED,5.722,00
4538,op-6cbb18afc23f,CONFIRMED,5.732,00
4539,op-ce57b7246eca,CONFIRMED,5.732,00
4540,op-15340b3b55c3,CONFIRMED,5.753,00
4541,op-9bd7ebb827f6,CONFIRMED,5.761,00
4542,op-8310ae9d0d13,CONFIRMED,5.761,00
4543,op-b712599e4b2d,CONFIRMED,5.778,00
4544,op-da3808e9d0a0,CONFIRMED,5.768,00
4545,op-59b2aa0ce8d3,CONFIRMED,5.757,00
4546,op-b8e0cd3f41eb,CONFIRMED,5.767,00
4547,op-5fd9f978a9c6,CONFIRMED,5.766,00
4548,op-70591570dd0c,CONFIRMED,5.766,00
4549,op-63fa199d93af,CONFIRMED,5.745,00
4550,op-e62774fe5e1c,CONFIRMED,5.735,00
4551,op-f6ef583be579,CONFIRMED,5.746,00
4552,op-0303d9e8118b,CONFIRMED,5.757,00
4553,op-646ef9efe05a,CONFIRMED,5.742,00
4554,op-3d2486bc830d,CONFIRMED,5.751,00
4555,op-b553676799b2,CONFIRMED,5.741,00
4556,op-c6216718f8eb,CONFIRMED,5.742,00
4557,op-d8623d29e654,CONFIRMED,5.743,00
4558,op-46558833a99e,CONFIRMED,5.763,00
4559,op-7f16f82a1881,CONFIRMED,5.773,00
4560,op-e628abe23b9e,CONFIRMED,5.789,00
4561,op-0396f2d720d4,CONFIRMED,5.81,00
4562,op-206bc8a7da9e,CONFIRMED,5.813,00
4563,op-ae4f7b1c2836,CONFIRMED,5.815,00
4564,op-47a4d66aeb51,CONFIRMED,5.829,00
4565,op-84bed0521d0f,CONFIRMED,5.831,00
4566,op-10d3b9154446,CONFIRMED,5.833,00
4567,op-0493150a013d,CONFIRMED,5.828,00
4568,op-15b562e4ca5e,CONFIRMED,5.827,00
4569,op-85ec23e9ac1d,CONFIRMED,5.812,00
4570,op-5b92d1f7867d,CONFIRMED,5.812,00
4571,op-31a59fd64bce,CONFIRMED,5.812,00
4572,op-334718c73b67,CONFIRMED,5.822,00
4573,op-01be05f50602,CONFIRMED,5.822,00
4574,op-82294f07cf63,CONFIRMED,5.818,00
4575,op-8991e066500f,CONFIRMED,5.818,00
4576,op-91189dc73ab9,CONFIRMED,5.84,00
4577,op-696c8f9ea969,CONFIRMED,5.828,00
4578,op-fb903f2b7213,CONFIRMED,5.827,00
4579,op-708289eee714,CONFIRMED,5.83,00
4580,op-f94c40da4933,CONFIRMED,5.839,00
4581,op-1e0c41e6a27c,CONFIRMED,5.839,00
4582,op-b8cf54833f64,CONFIRMED,5.843,00
4583,op-83d8260921aa,CONFIRMED,5.852,00
4584,op-19b96f934ba7,CONFIRMED,5.834,00
4585,op-8c646facefed,CONFIRMED,5.832,00
4586,op-6b582711d8f4,CONFIRMED,5.846,00
4587,op-f8beab4ca6ac,CONFIRMED,5.886,00
4588,op-29249e86bbe1,CONFIRMED,5.895,00
4589,op-57cecd448af7,CONFIRMED,5.892,00
4590,op-05649ac0c02c,CONFIRMED,5.889,00
4591,op-2e7513569fe8,CONFIRMED,5.893,00
4592,op-1c1ae1cd77b8,CONFIRMED,5.89,00
4593,op-98e3cc207730,CONFIRMED,5.902,00
4594,op-b36cc1342a8d,CONFIRMED,5.912,00
4595,op-15ce7f9f5437,CONFIRMED,5.922,00
4596,op-e27a2ed17338,CONFIRMED,5.911,00
4597,op-1c08129a169d,CONFIRMED,5.909,00
4598,op-55a0a5fb8ee6,CONFIRMED,5.925,00
4599,op-6d16bddc808c,CONFIRMED,5.929,00
4600,op-7d3f2666798f,CONFIRMED,5.924,00
4601,op-afc2bc17b941,CONFIRMED,5.915,00
4602,op-ed1a47e68f1a,CONFIRMED,5.928,00
4603,op-ec6702b8dea3,CONFIRMED,5.927,00
4604,op-861911a74850,CONFIRMED,5.906,00
4605,op-d06e94c57bef,CONFIRMED,5.917,00
4606,op-5acc94462bf9,CONFIRMED,5.918,00
4607,op-2f71e9a15e85,CONFIRMED,5.919,00
4608,op-018bf76513b7,CONFIRMED,5.92,00
4609,op-1a3375851ab2,CONFIRMED,5.904,00
4610,op-d392f8ae4460,CONFIRMED,5.895,00
4611,op-dbec2a9ec99a,CONFIRMED,5.897,00
4612,op-988f61af067f,CONFIRMED,5.878,00
4613,op-fe09c9f175a4,CONFIRMED,5.879,00
4614,op-029d52a2543b,CONFIRMED,5.86,00
4615,op-42fda4eceece,CONFIRMED,5.85,00
4616,op-b9e408db593d,CONFIRMED,5.868,00
4617,op-f0ff53bba06c,CONFIRMED,5.878,00
4618,op-680ac3da78c2,CONFIRMED,5.875,00
4619,op-dbbbe4ddadb1,CONFIRMED,5.885,00
4620,op-f7fd3cd2125a,CONFIRMED,5.867,00
4621,op-60c7f0339baf,CONFIRMED,5.875,00
4622,op-9b628e0dbd78,CONFIRMED,5.865,00
4623,op-b16aba60591a,CONFIRMED,5.865,00
4624,op-4288216a3fab,CONFIRMED,5.846,00
4625,op-71812070d395,CONFIRMED,5.843,00
4626,op-17ed3d1212c9,CONFIRMED,5.848,00
4627,op-ec34e2cbdc60,CONFIRMED,5.848,00
4628,op-a105cdb825c2,CONFIRMED,5.853,00
4629,op-6f3e8f93b822,CONFIRMED,5.825,00
4630,op-1e5994e7fb91,CONFIRMED,5.83,00
4631,op-9f84e313e8a7,CONFIRMED,5.836,00
4632,op-f042afbc85d9,CONFIRMED,5.817,00
4633,op-5789d3174968,CONFIRMED,5.826,00
4634,op-58e3488d7bc7,CONFIRMED,5.828,00
4635,op-9926fc2b6183,CONFIRMED,5.828,00
4636,op-6c67ce65454d,CONFIRMED,5.83,00
4637,op-b92329d90e0d,CONFIRMED,5.83,00
4638,op-45f73d40f1b2,CONFIRMED,5.846,00
4639,op-ceea4cc1319e,CONFIRMED,5.834,00
4640,op-9f0591232d1e,CONFIRMED,5.824,00
4641,op-dc58b00c65d4,CONFIRMED,5.835,00
4642,op-fb2bf746c116,CONFIRMED,5.827,00
4643,op-5274f2d0f42d,CONFIRMED,5.828,00
4644,op-384db7c9b0e5,CONFIRMED,5.839,00
4645,op-550a90fc1f27,CONFIRMED,5.849,00
4646,op-948437e93f5e,CONFIRMED,5.857,00
4647,op-9de74ec7e035,CONFIRMED,5.857,00
4648,op-44d8d6be6c2c,CONFIRMED,5.837,00
4649,op-172f6e1278c4,CONFIRMED,5.836,00
4650,op-9708eb9002dd,CONFIRMED,5.819,00
4651,op-063989c6dad2,CONFIRMED,5.819,00
4652,op-a1c7731af33c,CONFIRMED,5.832,00
4653,op-505a62967b92,CONFIRMED,5.841,00
4654,op-88246bbd7df2,CONFIRMED,5.857,00
4655,op-62cdb8fa6bd7,CONFIRMED,5.858,00
4656,op-bac04b9db4ec,CONFIRMED,5.878,00
4657,op-eb28eda1455b,CONFIRMED,5.887,00
4658,op-5b78a09d1e8d,CONFIRMED,5.863,00
4659,op-71813ab47537,CONFIRMED,5.864,00
4660,op-113e96379998,CONFIRMED,5.872,00
4661,op-5bb0d7f9728d,CONFIRMED,5.882,00
4662,op-922489d3316e,CONFIRMED,5.882,00
4663,op-f256215bf693,CONFIRMED,5.883,00
4664,op-b5035880106f,CONFIRMED,5.884,00
4665,op-5340a22f2f1b,CONFIRMED,5.899,00
4666,op-646536c2e60e,CONFIRMED,5.877,00
4667,op-e9aebf2e7e4a,CONFIRMED,5.877,00
4668,op-a142b5053016,CONFIRMED,5.866,00
4669,op-a9f9f2db8844,CONFIRMED,5.867,00
4670,op-acef953242d6,CONFIRMED,5.857,00
4671,op-34340455d694,CONFIRMED,5.856,00
4672,op-17c9868b5bd3,CONFIRMED,5.857,00
4673,op-c49b96f20274,CONFIRMED,5.857,00
4674,op-54f10ee7bd25,CONFIRMED,5.845,00
4675,op-a98049bd41e5,CONFIRMED,5.867,00
4676,op-52104f916cc2,CONFIRMED,5.848,00
4677,op-89d8ff494e2b,CONFIRMED,5.856,00
4678,op-4078fd18aa28,CONFIRMED,5.859,00
4679,op-d96edd8dda8d,CONFIRMED,5.846,00
4680,op-fc76577621fe,CONFIRMED,5.845,00
4681,op-15ca4279ed1d,CONFIRMED,5.828,00
4682,op-f22928204252,CONFIRMED,5.827,00
4683,op-cfa002f8045e,CONFIRMED,5.84,00
4684,op-91c5c20241fe,CONFIRMED,5.83,00
4685,op-089d377c2740,CONFIRMED,5.843,00
4686,op-ef9601c1488c,CONFIRMED,5.839,00
4687,op-b7bb6ab84058,CONFIRMED,5.839,00
4688,op-9f512c448773,CONFIRMED,5.837,00
4689,op-f1a52d58189c,CONFIRMED,5.841,00
4690,op-745494484cef,CONFIRMED,5.854,00
4691,op-f7b8a9f2f585,CONFIRMED,5.84,00
4692,op-f9e2ae45f0d6,CONFIRMED,5.877,00
4693,op-ea66a04af71a,CONFIRMED,5.888,00
4694,op-ee9c267d87e9,CONFIRMED,5.888,00
4695,op-b284f1a855fb,CONFIRMED,5.87,00
4696,op-87b101a7f9f7,CONFIRMED,5.869,00
4697,op-92b27211c63e,CONFIRMED,5.873,00
4698,op-b5fcedabc87d,CONFIRMED,5.864,00
4699,op-fa2083da4e18,CONFIRMED,5.855,00
4700,op-963e684bc6d0,CONFIRMED,5.854,00
4701,op-e12148d7b2d2,CONFIRMED,5.837,00
4702,op-11be8bd6547a,CONFIRMED,5.827,00
4703,op-16923159131d,CONFIRMED,5.817,00
4704,op-011c550f57f5,CONFIRMED,5.833,00
4705,op-9b6d31d17faa,CONFIRMED,5.825,00
4706,op-421f4b835ea3,CONFIRMED,5.821,00
4707,op-66490039d970,CONFIRMED,5.807,00
4708,op-32b39475d3dd,CONFIRMED,5.784,00
4709,op-63ae91a35675,CONFIRMED,5.796,00
4710,op-29b2f8530722,CONFIRMED,5.804,00
4711,op-01263fe39898,CONFIRMED,5.803,00
4712,op-930e836a6219,CONFIRMED,5.809,00
4713,op-756466554e0e,CONFIRMED,5.817,00
4714,op-e7db5fe96119,CONFIRMED,5.817,00
4715,op-0d569bf784b1,CONFIRMED,5.835,00
4716,op-6edf50b1deb6,CONFIRMED,5.817,00
4717,op-483a3c4b58c8,CONFIRMED,5.816,00
4718,op-c082996d531b,CONFIRMED,5.816,00
4719,op-4c616f19f596,CONFIRMED,5.836,00
4720,op-7af0087848ec,CONFIRMED,5.835,00
4721,op-275965a29868,CONFIRMED,5.84,00
4722,op-ab67993d01d2,CONFIRMED,5.84,00
4723,op-86e5cf1808e9,CONFIRMED,5.838,00
4724,op-7433c0857290,CONFIRMED,5.842,00
4725,op-f52072fbe66e,CONFIRMED,5.84,00
4726,op-56828383d383,CONFIRMED,5.837,00
4727,op-9561dbcd55c6,CONFIRMED,5.855,00
4728,op-40b5caf2b1d5,CONFIRMED,5.853,00
4729,op-0516af5433f1,CONFIRMED,5.866,00
4730,op-03b64f5d3800,CONFIRMED,5.846,00
4731,op-9c5a7f899f1c,CONFIRMED,5.844,00
4732,op-172971c6c0f1,CONFIRMED,5.844,00
4733,op-0bc405e177bb,CONFIRMED,5.848,00
4734,op-6ca8cc9b6a3c,CONFIRMED,5.848,00
4735,op-9074f946f201,CONFIRMED,5.846,00
4736,op-c2703f4605d9,CONFIRMED,5.827,00
4737,op-cad4f6d0c51d,CONFIRMED,5.811,00
4738,op-ad581f6845d2,CONFIRMED,5.81,00
4739,op-b3c1fd25b534,CONFIRMED,5.792,00
4740,op-a531134faf16,CONFIRMED,5.782,00
4741,op-8e428d71bc92,CONFIRMED,5.771,00
4742,op-9a5c64886036,CONFIRMED,5.768,00
4743,op-2e16f714e4f4,CONFIRMED,5.753,00
4744,op-2ffe8074110b,CONFIRMED,5.742,00
4745,op-0f74446ae656,CONFIRMED,5.756,00
4746,op-b8eb093938cb,CONFIRMED,5.762,00
4747,op-50fa0c7cc26a,CONFIRMED,5.77,00
4748,op-ddb86c24fb5e,CONFIRMED,5.773,00
4749,op-e8f5dff77d35,CONFIRMED,5.771,00
4750,op-f8e94d744429,CONFIRMED,5.777,00
4751,op-6a4db47c275b,CONFIRMED,5.785,00
4752,op-77ec6bce42eb,CONFIRMED,5.784,00
4753,op-dec5f652bbca,CONFIRMED,5.8,00
4754,op-40f98a144952,CONFIRMED,5.774,00
4755,op-45e2d37d3c6b,CONFIRMED,5.755,00
4756,op-6a84f104a25b,CONFIRMED,5.764,00
4757,op-1abdb767827c,CONFIRMED,5.763,00
4758,op-a8a4d1fa7721,CONFIRMED,5.766,00
4759,op-d59019984bb0,CONFIRMED,5.767,00
4760,op-50948cdb7a9b,CONFIRMED,5.785,00
4761,op-1ad4cf60205c,CONFIRMED,5.772,00
4762,op-1abab38f92d5,CONFIRMED,5.773,00
4763,op-7ba081068e5e,CONFIRMED,5.772,00
4764,op-0911fcf64afd,CONFIRMED,5.772,00
4765,op-3405b446dcb4,CONFIRMED,5.751,00
4766,op-e3d0c6bb4249,CONFIRMED,5.746,00
4767,op-683d1d4d0f25,CONFIRMED,5.76,00
4768,op-15f209ee2c8c,CONFIRMED,5.741,00
4769,op-2d9a927d9607,CONFIRMED,5.737,00
4770,op-144b845f7db8,CONFIRMED,5.736,00
4771,op-590c80695ef8,CONFIRMED,5.745,00
4772,op-010fd87b1916,CONFIRMED,5.754,00
4773,op-21401c9c3ec9,CONFIRMED,5.766,00
4774,op-138479aec8e9,CONFIRMED,5.767,00
4775,op-451a276cc0e5,CONFIRMED,5.785,00
4776,op-8816a63834ed,CONFIRMED,5.785,00
4777,op-9e385ad3ac1a,CONFIRMED,5.785,00
4778,op-1c9da19b08cd,CONFIRMED,5.782,00
4779,op-764b093147c8,CONFIRMED,5.776,00
4780,op-d624bb7cebb1,CONFIRMED,5.795,00
4781,op-ccccb415cbb0,CONFIRMED,5.8,00
4782,op-4313b6218025,CONFIRMED,5.798,00
4783,op-7d2f81b57f08,CONFIRMED,5.799,00
4784,op-c0a449cdeb97,CONFIRMED,5.802,00
4785,op-f42b6b1f188c,CONFIRMED,5.814,00
4786,op-67559ebba62b,CONFIRMED,5.816,00
4787,op-21f3d4b111ef,CONFIRMED,5.815,00
4788,op-54ce223bedd4,CONFIRMED,5.815,00
4789,op-ae655f908223,CONFIRMED,5.812,00
4790,op-60414d29d8ae,CONFIRMED,5.797,00
4791,op-96bb1cf8ee62,CONFIRMED,5.804,00
4792,op-fd5dace63dd4,CONFIRMED,5.804,00
4793,op-5e2dea2f4f84,CONFIRMED,5.803,00
4794,op-0593a85c591b,CONFIRMED,5.797,00
4795,op-5374464ea3fa,CONFIRMED,5.795,00
4796,op-56d01c19ccbd,CONFIRMED,5.813,00
4797,op-d4a1b9646274,CONFIRMED,5.799,00
4798,op-26ffe67965af,CONFIRMED,5.797,00
4799,op-7394add90818,CONFIRMED,5.808,00
4800,op-425c20cc404f,CONFIRMED,5.816,00
4801,op-738f5488e09b,CONFIRMED,5.822,00
4802,op-47707426cb11,CONFIRMED,5.82,00
4803,op-8d5f58865dca,CONFIRMED,5.817,00
4804,op-b088678fdad9,CONFIRMED,5.829,00
4805,op-17d076762286,CONFIRMED,5.835,00
4806,op-842482086c70,CONFIRMED,5.834,00
4807,op-009495481f5f,CONFIRMED,5.843,00
4808,op-dd520c880289,CONFIRMED,5.85,00
4809,op-57dbc26f0b3b,CONFIRMED,5.847,00
4810,op-c68b5cb6a8bb,CONFIRMED,5.844,00
4811,op-4b267de8edc2,CONFIRMED,5.852,00
4812,op-ba28f57421b5,CONFIRMED,5.858,00
4813,op-0b2c10fd44e7,CONFIRMED,5.834,00
4814,op-fb53fd43420e,CONFIRMED,5.845,00
4815,op-13caef575780,CONFIRMED,5.844,00
4816,op-9f9316f4acf3,CONFIRMED,5.861,00
4817,op-83a6987d52ee,CONFIRMED,5.867,00
4818,op-fdaed3fe59d7,CONFIRMED,5.866,00
4819,op-9e6b7662f1fe,CONFIRMED,5.866,00
4820,op-561f4feee1f9,CONFIRMED,5.867,00
4821,op-c4d12eda1c37,CONFIRMED,5.868,00
4822,op-1faccfefa4c9,CONFIRMED,5.88,00
4823,op-92503e9b6bff,CONFIRMED,5.872,00
4824,op-e097a80eb579,CONFIRMED,5.861,00
4825,op-67cf9370805a,CONFIRMED,5.879,00
4826,op-2b3e08bda9f5,CONFIRMED,5.866,00
4827,op-b2d835551d60,CONFIRMED,5.881,00
4828,op-f8497aea405e,CONFIRMED,5.881,00
4829,op-05dbdb500edc,CONFIRMED,5.885,00
4830,op-89f9bbd31025,CONFIRMED,5.866,00
4831,op-30493f48bcb8,CONFIRMED,5.866,00
4832,op-0c778af77bc7,CONFIRMED,5.847,00
4833,op-f1b0dab2c779,CONFIRMED,5.869,00
4834,op-f268b5ab4493,CONFIRMED,5.891,00
4835,op-84b08c74b5e3,CONFIRMED,5.883,00
4836,op-fb77caec4793,CONFIRMED,5.863,00
4837,op-4ece89a7c609,CONFIRMED,5.854,00
4838,op-4d1e94d80979,CONFIRMED,5.869,00
4839,op-0309fe3c536a,CONFIRMED,5.891,00
4840,op-108eeec365e5,CONFIRMED,5.915,00
4841,op-cfc41f1a20e2,CONFIRMED,5.923,00
4842,op-43380d841bab,CONFIRMED,5.947,00
4843,op-1072a2c52043,CONFIRMED,5.972,00
4844,op-5501d74cb485,CONFIRMED,5.974,00
4845,op-262a62bca000,CONFIRMED,5.987,00
4846,op-f2217903bcf4,CONFIRMED,5.988,00
4847,op-ec288ada4192,CONFIRMED,6.005,00
4848,op-295849a1ca18,CONFIRMED,5.991,00
4849,op-2628584dfc0b,CONFIRMED,5.984,00
4850,op-4a394c28a89f,CONFIRMED,5.996,00
4851,op-4a2201be6272,CONFIRMED,5.997,00
4852,op-b1cd869cd4f4,CONFIRMED,6.0,00
4853,op-eb3bfd524d56,CONFIRMED,5.982,00
4854,op-460f325fd013,CONFIRMED,5.981,00
4855,op-8dd074db9b58,CONFIRMED,5.983,00
4856,op-854c1e092b29,CONFIRMED,5.982,00
4857,op-35cc33db2d89,CONFIRMED,5.983,00
4858,op-40b2ff8528f8,CONFIRMED,5.986,00
4859,op-3e006191c7ab,CONFIRMED,5.965,00
4860,op-212eff4a5c84,CONFIRMED,5.974,00
4861,op-fe51136b5af1,CONFIRMED,5.965,00
4862,op-68c5376f5720,CONFIRMED,5.968,00
4863,op-59c339fc9b68,CONFIRMED,5.97,00
4864,op-02f8c5cdd3f1,CONFIRMED,5.965,00
4865,op-1f45287af55a,CONFIRMED,5.958,00
4866,op-d2ace4752e21,CONFIRMED,5.94,00
4867,op-cdbb9f83c26e,CONFIRMED,5.94,00
4868,op-724efba42d1f,CONFIRMED,5.941,00
4869,op-4e015f231296,CONFIRMED,5.954,00
4870,op-77b9add31582,CONFIRMED,5.956,00
4871,op-6c2ddffbb522,CONFIRMED,5.956,00
4872,op-d5b3f82a6af0,CONFIRMED,5.956,00
4873,op-40ebd8a6eb6f,CONFIRMED,5.933,00
4874,op-617e805a21d2,CONFIRMED,5.957,00
4875,op-aa7775394a82,CONFIRMED,5.958,00
4876,op-f327b2007beb,CONFIRMED,5.96,00
4877,op-a124157d2ce0,CONFIRMED,5.962,00
4878,op-49df691e8fca,CONFIRMED,5.962,00
4879,op-b5e79c6cdc96,CONFIRMED,5.963,00
4880,op-a706314788cd,CONFIRMED,5.967,00
4881,op-e1d768c3cecd,CONFIRMED,5.968,00
4882,op-5030812e8682,CONFIRMED,5.968,00
4883,op-3c4be6189706,CONFIRMED,5.956,00
4884,op-a776d97273e9,CONFIRMED,5.958,00
4885,op-b60a20909f51,CONFIRMED,5.959,00
4886,op-e90822abb5fb,CONFIRMED,5.96,00
4887,op-8f306bc8a5b9,CONFIRMED,5.97,00
4888,op-6eaa8f29c3f3,CONFIRMED,5.97,00
4889,op-a4c00d3d2b40,CONFIRMED,5.961,00
4890,op-b4706cd8ef2d,CONFIRMED,5.962,00
4891,op-3c07ecb7b230,CONFIRMED,5.965,00
4892,op-229d3ba6c54b,CONFIRMED,5.97,00
4893,op-fa97d768bc61,CONFIRMED,5.971,00
4894,op-445263e5a029,CONFIRMED,5.992,00
4895,op-694bfbafaec7,CONFIRMED,5.994,00
4896,op-292d17cbb2dc,CONFIRMED,6.009,00
4897,op-3304df4c4f1b,CONFIRMED,6.008,00
4898,op-0e34d7291467,CONFIRMED,6.016,00
4899,op-0285a24f5427,CONFIRMED,6.016,00
4900,op-307558043f4c,CONFIRMED,6.017,00
4901,op-27bfd0f7939c,CONFIRMED,6.016,00
4902,op-d3b9514254f8,CONFIRMED,6.029,00
4903,op-1e3ac9edd180,CONFIRMED,6.037,00
4904,op-d27a6769a3a3,CONFIRMED,6.038,00
4905,op-d2df306dfb38,CONFIRMED,6.043,00
4906,op-c0e42b152e00,CONFIRMED,6.043,00
4907,op-99c0c2a99cf4,CONFIRMED,6.026,00
4908,op-c29f0a9892a3,CONFIRMED,6.026,00
4909,op-76bd9542c0eb,CONFIRMED,6.03,00
4910,op-3b20ac53b754,CONFIRMED,6.032,00
4911,op-d671a108f9ff,CONFIRMED,6.046,00
4912,op-37c71bba80a6,CONFIRMED,6.046,00
4913,op-f980f235ee0b,CONFIRMED,6.047,00
4914,op-5d3db66ade53,CONFIRMED,6.07,00
4915,op-062ef3fcc25e,CONFIRMED,6.07,00
4916,op-d808304c36cb,CONFIRMED,6.053,00
4917,op-92f0dd719f14,CONFIRMED,6.044,00
4918,op-b3cd32841895,CONFIRMED,6.041,00
4919,op-c3cd5812f849,CONFIRMED,6.06,00
4920,op-39c1bd261081,CONFIRMED,6.059,00
4921,op-a91c5130ad26,CONFIRMED,6.06,00
4922,op-873026601be7,CONFIRMED,6.05,00
4923,op-0f27c061622d,CONFIRMED,6.028,00
4924,op-5d9bd726980b,CONFIRMED,6.03,00
4925,op-5556757a41ca,CONFIRMED,6.03,00
4926,op-8357f8475877,CONFIRMED,6.032,00
4927,op-7552f9f76bad,CONFIRMED,6.034,00
4928,op-73bc8bb4002b,CONFIRMED,6.035,00
4929,op-a346fdfc7fe4,CONFIRMED,6.037,00
4930,op-c513eee1f7ee,CONFIRMED,6.037,00
4931,op-dc3016cbab1c,CONFIRMED,6.04,00
4932,op-6a59b630c187,CONFIRMED,6.032,00
4933,op-baff4356afa1,CONFIRMED,6.031,00
4934,op-09e797dd2491,CONFIRMED,6.032,00
4935,op-e14f08f73c18,CONFIRMED,6.032,00
4936,op-f9e3f1d7e728,CONFIRMED,6.034,00
4937,op-f8816a28f84f,CONFIRMED,6.018,00
4938,op-85f3e3284517,CONFIRMED,6.031,00
4939,op-025f8437cb98,CONFIRMED,6.031,00
4940,op-0f20ddbfb5bc,CONFIRMED,6.032,00
4941,op-349e59ac9c04,CONFIRMED,6.031,00
4942,op-91abfa5d6d00,CONFIRMED,6.031,00
4943,op-d2c403ba78d6,CONFIRMED,6.031,00
4944,op-e3b3c3c20c3d,CONFIRMED,6.018,00
4945,op-ef02ca5254b2,CONFIRMED,6.033,00
4946,op-2bc94d85deff,CONFIRMED,6.036,00
4947,op-e44f9e6a42b1,CONFIRMED,6.036,00
4948,op-087ed35a9267,CONFIRMED,6.033,00
4949,op-99f3c899cc3b,CONFIRMED,6.033,00
4950,op-b0d59b6f9b5c,CONFIRMED,6.032,00
4951,op-269bc66cefd6,CONFIRMED,6.03,00
4952,op-18557bf14248,CONFIRMED,6.03,00
4953,op-e7539239fbec,CONFIRMED,6.029,00
4954,op-6d1b4ebb6581,CONFIRMED,6.029,00
4955,op-624f271860b1,CONFIRMED,6.029,00
4956,op-c81c78ebd6cc,CONFIRMED,6.03,00
4957,op-f3005ad3b7ed,CONFIRMED,6.027,00
4958,op-7a7f31dd29e9,CONFIRMED,6.026,00
4959,op-442269aee7b2,CONFIRMED,6.025,00
4960,op-7888ab6e5bf8,CONFIRMED,6.037,00
4961,op-3490052981ba,CONFIRMED,6.037,00
4962,op-59948c910663,CONFIRMED,6.035,00
4963,op-1c1915edf6c6,CONFIRMED,6.038,00
4964,op-ee4f66e21d8e,CONFIRMED,6.043,00
4965,op-7bd0a05f8658,CONFIRMED,6.043,00
4966,op-860788558193,CONFIRMED,6.04,00
4967,op-6e85bf701ed9,CONFIRMED,6.023,00
4968,op-06803d8fc66c,CONFIRMED,6.023,00
4969,op-c47b4543d976,CONFIRMED,6.005,00
4970,op-16725141bfe6,CONFIRMED,6.003,00
4971,op-d4d91118b6f9,CONFIRMED,6.0,00
4972,op-29d0bf32b571,CONFIRMED,5.998,00
4973,op-0a6149c9786b,CONFIRMED,6.009,00
4974,op-617327864b4c,CONFIRMED,6.008,00
4975,op-1aade141714b,CONFIRMED,6.008,00
4976,op-819494889eb1,CONFIRMED,5.995,00
4977,op-e38a0d42937b,CONFIRMED,5.984,00
4978,op-14e94f7a071c,CONFIRMED,5.983,00
4979,op-3e57d7295f21,CONFIRMED,5.983,00
4980,op-031701854a02,CONFIRMED,5.97,00
4981,op-8388f1f33196,CONFIRMED,5.969,00
4982,op-05848ce8b436,CONFIRMED,5.969,00
4983,op-7b668d419d64,CONFIRMED,5.966,00
4984,op-f9a9e2a9db94,CONFIRMED,5.959,00
4985,op-8a3e53d0e7ac,CONFIRMED,5.948,00
4986,op-2e59f202c3ed,CONFIRMED,5.939,00
4987,op-00d6b68ab650,CONFIRMED,5.929,00
4988,op-2488f269e0ae,CONFIRMED,5.938,00
4989,op-b204ce451123,CONFIRMED,5.918,00
4990,op-82cb76c5e056,CONFIRMED,5.918,00
4991,op-28c5f1af93cd,CONFIRMED,5.917,00
4992,op-d0cf7189141e,CONFIRMED,5.907,00
4993,op-b624fbb6c93b,CONFIRMED,5.899,00
4994,op-a5ef4e7a1d4b,CONFIRMED,5.899,00
4995,op-249e761b825b,CONFIRMED,5.9,00
4996,op-17f2e0ebcf54,CONFIRMED,5.9,00
4997,op-a7eacc1b60ef,CONFIRMED,5.901,00
4998,op-014fc9657c07,CONFIRMED,5.902,00
4999,op-3e95fdc48ddf,CONFIRMED,5.903,00
5000,op-7fdad72b310a,CONFIRMED,6.404,00
5001,op-1a4d5bab9d38,CONFIRMED,6.391,00
5002,op-bacbbab1848d,CONFIRMED,6.39,00
5003,op-ce49bf1dca9e,CONFIRMED,6.389,00
5004,op-568abe7fa00c,CONFIRMED,6.367,00
5005,op-ca6334ccdd55,CONFIRMED,6.374,00
5006,op-e391437d22b1,CONFIRMED,6.374,00
5007,op-248a857d6f72,CONFIRMED,6.366,00
5008,op-a2c9bf8e3b81,CONFIRMED,6.368,00
5009,op-c7f15747dc93,CONFIRMED,6.353,00
5010,op-b1743faca5b4,CONFIRMED,6.357,00
5011,op-91124b340823,CONFIRMED,6.372,00
5012,op-c0a98925b1ac,CONFIRMED,6.368,00
5013,op-aa33f610e7c3,CONFIRMED,6.363,00
5014,op-bb8d2bc44a3a,CONFIRMED,6.365,00
5015,op-da83edc8369f,CONFIRMED,6.366,00
5016,op-c4f9bec3ad83,CONFIRMED,6.368,00
5017,op-09642b9cde2c,CONFIRMED,6.367,00
5018,op-c8a85d557f37,CONFIRMED,6.361,00
5019,op-1f3f7e4a044b,CONFIRMED,6.365,00
5020,op-d90aa83843f7,CONFIRMED,6.376,00
5021,op-70e8af821cc3,CONFIRMED,6.371,00
5022,op-a3da76169587,CONFIRMED,6.373,00
5023,op-2099a97c23e9,CONFIRMED,6.387,00
5024,op-78268a074ec0,CONFIRMED,6.388,00
5025,op-202e8eec8780,CONFIRMED,6.405,00
5026,op-79af3b6e5d87,CONFIRMED,6.432,00
5027,op-ea40a6a14301,CONFIRMED,6.478,00
5028,op-ddadb3fa54d6,CONFIRMED,6.488,00
5029,op-c8dc8f04e941,CONFIRMED,6.492,00
5030,op-4dfb23ec6765,CONFIRMED,6.519,00
5031,op-69cb6dc6d55b,CONFIRMED,6.506,00
5032,op-5ce49f8f612d,CONFIRMED,6.509,00
5033,op-385b38550b14,CONFIRMED,6.511,00
5034,op-7f76375fb915,CONFIRMED,6.512,00
5035,op-8d75383570da,CONFIRMED,6.513,00
5036,op-122951528d9e,CONFIRMED,6.516,00
5037,op-37ddc3c84d29,CONFIRMED,6.518,00
5038,op-da965f0b4ec7,CONFIRMED,6.519,00
5039,op-8a1f8df6f05c,CONFIRMED,6.542,00
5040,op-b427ebb9de65,CONFIRMED,6.539,00
5041,op-a9f98095ef07,CONFIRMED,6.539,00
5042,op-86a385429500,CONFIRMED,6.522,00
5043,op-bbce88c2aa5d,CONFIRMED,6.526,00
5044,op-17273ec1324e,CONFIRMED,6.541,00
5045,op-1c23a67dd1f9,CONFIRMED,6.534,00
5046,op-d9322bd9496d,CONFIRMED,6.541,00
5047,op-85b93853c0e3,CONFIRMED,6.568,00
5048,op-f820fa7b28cb,CONFIRMED,6.559,00
5049,op-f21b76e02084,CONFIRMED,6.564,00
5050,op-00fcd9481a65,CONFIRMED,6.554,00
5051,op-665057b3cf53,CONFIRMED,6.556,00
5052,op-199eec96a65a,CONFIRMED,6.561,00
5053,op-6246fba098c0,CONFIRMED,6.571,00
5054,op-f631ef503417,CONFIRMED,6.595,00
5055,op-8dc37982cbec,CONFIRMED,6.597,00
5056,op-140b7fbd7297,CONFIRMED,6.585,00
5057,op-1852f76d1a1b,CONFIRMED,6.586,00
5058,op-14d84ababacd,CONFIRMED,6.587,00
5059,op-c49f1d7c0397,CONFIRMED,6.586,00
5060,op-ec8077393839,CONFIRMED,6.584,00
5061,op-d8e3ec13fa53,CONFIRMED,6.593,00
5062,op-588edf0dbde5,CONFIRMED,6.586,00
5063,op-77a5eea8a6e8,CONFIRMED,6.58,00
5064,op-c92a2cad9e93,CONFIRMED,6.584,00
5065,op-58252152e419,CONFIRMED,6.584,00
5066,op-eaf0d26ffc76,CONFIRMED,6.577,00
5067,op-95f7edc7ed65,CONFIRMED,6.58,00
5068,op-2e90173c0c2f,CONFIRMED,6.562,00
5069,op-ce81b4049f9b,CONFIRMED,6.554,00
5070,op-2bf6cbfefa4a,CONFIRMED,6.576,00
5071,op-fccd36fe9f48,CONFIRMED,6.557,00
5072,op-3f0b2f2a4777,CONFIRMED,6.558,00
5073,op-b594231bcec2,CONFIRMED,6.557,00
5074,op-94fec83c16df,CONFIRMED,6.556,00
5075,op-496b51f62137,CONFIRMED,6.562,00
5076,op-de98d81f8529,CONFIRMED,6.561,00
5077,op-a912db7b6bf6,CONFIRMED,6.562,00
5078,op-fd2f83ba501f,CONFIRMED,6.542,00
5079,op-cf0a28b0be87,CONFIRMED,6.532,00
5080,op-ba5ffd1c9967,CONFIRMED,6.531,00
5081,op-571934ec76c3,CONFIRMED,6.552,00
5082,op-224e52dfe044,CONFIRMED,6.552,00
5083,op-4af6d3bf87aa,CONFIRMED,6.528,00
5084,op-d408ae957691,CONFIRMED,6.542,00
5085,op-f93f0054ae57,CONFIRMED,6.534,00
5086,op-8936229fac60,CONFIRMED,6.542,00
5087,op-e1a654063d17,CONFIRMED,6.523,00
5088,op-c82c3c0e2fdf,CONFIRMED,6.523,00
5089,op-e76b7a022405,CONFIRMED,6.537,00
5090,op-4e1c526a81c2,CONFIRMED,6.546,00
5091,op-c59b880ec4bb,CONFIRMED,6.545,00
5092,op-52a4b7aafd27,CONFIRMED,6.544,00
5093,op-e8107ec6ab8e,CONFIRMED,6.558,00
5094,op-30ea84f7da44,CONFIRMED,6.538,00
5095,op-6434405905db,CONFIRMED,6.514,00
5096,op-ee2da989acdf,CONFIRMED,6.513,00
5097,op-f5d3f0377c63,CONFIRMED,6.495,00
5098,op-d9dd6a3413e2,CONFIRMED,6.501,00
5099,op-8e4b8b3e13b9,CONFIRMED,6.477,00
5100,op-1b45f1d5c73e,CONFIRMED,6.476,00
5101,op-49bdab902351,CONFIRMED,6.49,00
5102,op-7f71c7b93305,CONFIRMED,6.5,00
5103,op-e32acfe58c07,CONFIRMED,6.501,00
5104,op-8cc7bbebe09a,CONFIRMED,6.502,00
5105,op-80bcdd9fc936,CONFIRMED,6.501,00
5106,op-d9ee94b4f417,CONFIRMED,6.503,00
5107,op-f80ea5a965af,CONFIRMED,6.492,00
5108,op-4755022e344e,CONFIRMED,6.513,00
5109,op-1c37e06881a9,CONFIRMED,6.522,00
5110,op-0b055e20d5a0,CONFIRMED,6.525,00
5111,op-c6fba4f34096,CONFIRMED,6.537,00
5112,op-c29cb7c518d2,CONFIRMED,6.538,00
5113,op-1baf6a066c1c,CONFIRMED,6.516,00
5114,op-cb9381fe6984,CONFIRMED,6.516,00
5115,op-5b2d87bfd626,CONFIRMED,6.519,00
5116,op-2c7d3b977b95,CONFIRMED,6.529,00
5117,op-ae211b8f6b3a,CONFIRMED,6.531,00
5118,op-f721fecad1b5,CONFIRMED,6.534,00
5119,op-e97e5bad9e34,CONFIRMED,6.534,00
5120,op-898c8f8ed008,CONFIRMED,6.547,00
5121,op-683ffed8a87e,CONFIRMED,6.556,00
5122,op-1e01709a2894,CONFIRMED,6.581,00
5123,op-1354d854f000,CONFIRMED,6.582,00
5124,op-44b5ecb8cb98,CONFIRMED,6.584,00
5125,op-e050c0af83ef,CONFIRMED,6.609,00
5126,op-9077d01db8c2,CONFIRMED,6.611,00
5127,op-0709e815d82d,CONFIRMED,6.599,00
5128,op-de4d8eb4a7a1,CONFIRMED,6.599,00
5129,op-555be5fc4a41,CONFIRMED,6.6,00
5130,op-77cbff5bb340,CONFIRMED,6.603,00
5131,op-c1a45644673c,CONFIRMED,6.588,00
5132,op-6d483bbc23b3,CONFIRMED,6.609,00
5133,op-0aa8082e7228,CONFIRMED,6.634,00
5134,op-c31d5700dc96,CONFIRMED,6.634,00
5135,op-b858aa3092af,CONFIRMED,6.636,00
5136,op-1abd5d1f147a,CONFIRMED,6.637,00
5137,op-7c4201953f6b,CONFIRMED,6.623,00
5138,op-f633dd7c9e0e,CONFIRMED,6.644,00
5139,op-339a5f0b0d65,CONFIRMED,6.646,00
5140,op-6a84d03c6af8,CONFIRMED,6.649,00
5141,op-f1c43d13958d,CONFIRMED,6.646,00
5142,op-b8d0b4549a5e,CONFIRMED,6.648,00
5143,op-a876f40c17df,CONFIRMED,6.651,00
5144,op-df1577dc1da3,CONFIRMED,6.656,00
5145,op-441bf08d757b,CONFIRMED,6.635,00
5146,op-720c5f55889a,CONFIRMED,6.637,00
5147,op-8bc41acd0b73,CONFIRMED,6.623,00
5148,op-312aab36ad55,CONFIRMED,6.623,00
5149,op-19fcf2876edd,CONFIRMED,6.615,00
5150,op-eb7eeda7e482,CONFIRMED,6.61,00
5151,op-418c66fb3097,CONFIRMED,6.624,00
5152,op-d82ccfcd1a10,CONFIRMED,6.606,00
5153,op-303e3a4ba800,CONFIRMED,6.624,00
5154,op-840b1b98e770,CONFIRMED,6.626,00
5155,op-c8b0c2041177,CONFIRMED,6.629,00
5156,op-5767fab0e895,CONFIRMED,6.631,00
5157,op-14bf72fab237,CONFIRMED,6.616,00
5158,op-fbb613b1d085,CONFIRMED,6.633,00
5159,op-aa805e022f99,CONFIRMED,6.634,00
5160,op-3700d9422219,CONFIRMED,6.615,00
5161,op-68856d192b3d,CONFIRMED,6.616,00
5162,op-79ae0520adb7,CONFIRMED,6.616,00
5163,op-e676bc72b86b,CONFIRMED,6.613,00
5164,op-cb4f0f29dc34,CONFIRMED,6.605,00
5165,op-39dd564ac334,CONFIRMED,6.613,00
5166,op-1120678f4478,CONFIRMED,6.605,00
5167,op-e1fbe25c35ae,CONFIRMED,6.605,00
5168,op-81d543183f90,CONFIRMED,6.608,00
5169,op-d10d57323620,CONFIRMED,6.609,00
5170,op-d4eacab25184,CONFIRMED,6.62,00
5171,op-c6bbf28192c5,CONFIRMED,6.643,00
5172,op-ec33bdd0cc9a,CONFIRMED,6.644,00
5173,op-8a770688150a,CONFIRMED,6.662,00
5174,op-89341c6a8437,CONFIRMED,6.664,00
5175,op-38f955ae6a96,CONFIRMED,6.665,00
5176,op-6a08ff23ec23,CONFIRMED,6.663,00
5177,op-bb68cdef16ae,CONFIRMED,6.643,00
5178,op-0fdd520068bb,CONFIRMED,6.644,00
5179,op-b1039b5d435f,CONFIRMED,6.659,00
5180,op-c4d6d1c01798,CONFIRMED,6.659,00
5181,op-cd5b1f8f0225,CONFIRMED,6.672,00
5182,op-c95041824aa2,CONFIRMED,6.679,00
5183,op-dbd26f687c22,CONFIRMED,6.678,00
5184,op-d699673557e2,CONFIRMED,6.691,00
5185,op-c4734c45f2ab,CONFIRMED,6.684,00
5186,op-1e48ca37f881,CONFIRMED,6.695,00
5187,op-7216ce58a2a1,CONFIRMED,6.689,00
5188,op-f167aa658c67,CONFIRMED,6.686,00
5189,op-fde897b74f68,CONFIRMED,6.694,00
5190,op-3951ff8a407e,CONFIRMED,6.693,00
5191,op-fe87206585c6,CONFIRMED,6.692,00
5192,op-5da7c176802f,CONFIRMED,6.71,00
5193,op-8590a6f9cf4d,CONFIRMED,6.712,00
5194,op-d53e4d95e70b,CONFIRMED,6.71,00
5195,op-6d176e72d880,CONFIRMED,6.71,00
5196,op-f6918a334e01,CONFIRMED,6.699,00
5197,op-b8b04883314c,CONFIRMED,6.679,00
5198,op-f3dfdb156f01,CONFIRMED,6.7,00
5199,op-aec568c785a2,CONFIRMED,6.724,00
5200,op-b61a712ee121,CONFIRMED,6.736,00
5201,op-49105db8d44d,CONFIRMED,6.735,00
5202,op-1d63e3714b44,CONFIRMED,6.736,00
5203,op-fe08e01783f6,CONFIRMED,6.736,00
5204,op-efbf3d14f318,CONFIRMED,6.734,00
5205,op-4bf938fb40e5,CONFIRMED,6.734,00
5206,op-b3e45f2e2576,CONFIRMED,6.734,00
5207,op-db51fc3fa0e3,CONFIRMED,6.755,00
5208,op-f012a5117dcd,CONFIRMED,6.762,00
5209,op-dfcfabf32b39,CONFIRMED,6.752,00
5210,op-70140d231521,CONFIRMED,6.757,00
5211,op-161f942dda7b,CONFIRMED,6.754,00
5212,op-6698f6c39866,CONFIRMED,6.746,00
5213,op-ee0d80502eed,CONFIRMED,6.74,00
5214,op-02c0889395be,CONFIRMED,6.757,00
5215,op-612a472f4a69,CONFIRMED,6.762,00
5216,op-2617a4714797,CONFIRMED,6.761,00
5217,op-664c432db911,CONFIRMED,6.752,00
5218,op-5c1e4d3e2a2f,CONFIRMED,6.75,00
5219,op-a38847e10c27,CONFIRMED,6.748,00
5220,op-db2f2ab0172b,CONFIRMED,6.739,00
5221,op-a51033d80a6b,CONFIRMED,6.745,00
5222,op-8c6349ad3d91,CONFIRMED,6.702,00
5223,op-a4773443114f,CONFIRMED,6.683,00
5224,op-65f8a7090c42,CONFIRMED,6.68,00
5225,op-781dc36678aa,CONFIRMED,6.679,00
5226,op-d2e5faa85e2c,CONFIRMED,6.677,00
5227,op-1bfee8dd8d35,CONFIRMED,6.665,00
5228,op-aa0471d9fe3e,CONFIRMED,6.662,00
5229,op-6683e2287f0a,CONFIRMED,6.659,00
5230,op-f22f0ecc5359,CONFIRMED,6.66,00
5231,op-3197ef419c44,CONFIRMED,6.657,00
5232,op-caf8fb251d4b,CONFIRMED,6.675,00
5233,op-34f0dc78c8b4,CONFIRMED,6.663,00
5234,op-f278e62990d1,CONFIRMED,6.647,00
5235,op-26fe801f881a,CONFIRMED,6.623,00
5236,op-1de7175f85b1,CONFIRMED,6.617,00
5237,op-ccf331810335,CONFIRMED,6.608,00
5238,op-87b8e0a8b7d3,CONFIRMED,6.621,00
5239,op-342743592044,CONFIRMED,6.623,00
5240,op-15d3f0cf675c,CONFIRMED,6.622,00
5241,op-35328da33551,CONFIRMED,6.627,00
5242,op-0b8d6695fef5,CONFIRMED,6.626,00
5243,op-dc04fc41a042,CONFIRMED,6.63,00
5244,op-1a4000650f8d,CONFIRMED,6.629,00
5245,op-3c16abcc3e1d,CONFIRMED,6.629,00
5246,op-b552780158ee,CONFIRMED,6.673,00
5247,op-768b51ea5c98,CONFIRMED,6.684,00
5248,op-e5663bd745fd,CONFIRMED,6.692,00
5249,op-0ecf86f82520,CONFIRMED,6.687,00
5250,op-e2b7a05f41fa,CONFIRMED,6.684,00
5251,op-f178e258b6a1,CONFIRMED,6.689,00
5252,op-37ca4a389083,CONFIRMED,6.687,00
5253,op-29a13691020d,CONFIRMED,6.684,00
5254,op-0a7d7f3fb161,CONFIRMED,6.681,00
5255,op-3b591ba107f6,CONFIRMED,6.699,00
5256,op-4cd23ef11072,CONFIRMED,6.688,00
5257,op-272f93ab4d5d,CONFIRMED,6.701,00
5258,op-3dd602e48c25,CONFIRMED,6.697,00
5259,op-65632c94c037,CONFIRMED,6.695,00
5260,op-d23503658682,CONFIRMED,6.686,00
5261,op-0e08776e4928,CONFIRMED,6.689,00
5262,op-44912e3a5480,CONFIRMED,6.703,00
5263,op-78831b4f26fe,CONFIRMED,6.71,00
5264,op-c841acd73c11,CONFIRMED,6.707,00
5265,op-41e54b4c5432,CONFIRMED,6.723,00
5266,op-e475e9ff3838,CONFIRMED,6.721,00
5267,op-b7fd1ae55bff,CONFIRMED,6.738,00
5268,op-7521b069cf8d,CONFIRMED,6.739,00
5269,op-b33bfcac5b49,CONFIRMED,6.745,00
5270,op-37e1123f27b7,CONFIRMED,6.733,00
5271,op-08d1a1a45174,CONFIRMED,6.726,00
5272,op-ee3b51fbd1e4,CONFIRMED,6.733,00
5273,op-651035ced34b,CONFIRMED,6.738,00
5274,op-e5b70e690ec2,CONFIRMED,6.745,00
5275,op-293eaef9f390,CONFIRMED,6.74,00
5276,op-c55f24e86097,CONFIRMED,6.751,00
5277,op-c8fe2e89e7b8,CONFIRMED,6.757,00
5278,op-85adbbda26a0,CONFIRMED,6.755,00
5279,op-cc7451f35788,CONFIRMED,6.752,00
5280,op-24dd6c449665,CONFIRMED,6.734,00
5281,op-1ca6cfbd7822,CONFIRMED,6.733,00
5282,op-50a9f5fb88e0,CONFIRMED,6.736,00
5283,op-00300e57a01b,CONFIRMED,6.713,00
5284,op-ef213edab958,CONFIRMED,6.709,00
5285,op-98af1fc61a88,CONFIRMED,6.72,00
5286,op-f6e53b6bd1e2,CONFIRMED,6.716,00
5287,op-7d5216a4780e,CONFIRMED,6.712,00
5288,op-38a43f7deafd,CONFIRMED,6.711,00
5289,op-e9761f61fee4,CONFIRMED,6.716,00
5290,op-0f0ba2c83d82,CONFIRMED,6.724,00
5291,op-417af23e5e3f,CONFIRMED,6.722,00
5292,op-1c3df6ac13d5,CONFIRMED,6.721,00
5293,op-fca3e18f9bbd,CONFIRMED,6.72,00
5294,op-150c9bbd0537,CONFIRMED,6.72,00
5295,op-e55b4d019ae2,CONFIRMED,6.718,00
5296,op-f7f164978a83,CONFIRMED,6.731,00
5297,op-3709d294b72a,CONFIRMED,6.737,00
5298,op-b866a5f36ff7,CONFIRMED,6.736,00
5299,op-bb2ce46146bf,CONFIRMED,6.734,00
5300,op-91667e71d9ae,CONFIRMED,6.732,00
5301,op-90b4da67a60f,CONFIRMED,6.709,00
5302,op-a5e407d9b7df,CONFIRMED,6.717,00
5303,op-b3c3aae01172,CONFIRMED,6.702,00
5304,op-ac98345c9bd7,CONFIRMED,6.679,00
5305,op-bdf14852569b,CONFIRMED,6.676,00
5306,op-d45a650bb450,CONFIRMED,6.682,00
5307,op-b325a2c1e586,CONFIRMED,6.679,00
5308,op-5e572daaa477,CONFIRMED,6.676,00
5309,op-9841a5e82c56,CONFIRMED,6.665,00
5310,op-74c7d029ab56,CONFIRMED,6.659,00
5311,op-daafe6683bcc,CONFIRMED,6.646,00
5312,op-d479f43186ad,CONFIRMED,6.654,00
5313,op-c5574e32c607,CONFIRMED,6.653,00
5314,op-dd03b0a1485b,CONFIRMED,6.611,00
5315,op-e3552709c560,CONFIRMED,6.602,00
5316,op-6de29c77f7b9,CONFIRMED,6.577,00
5317,op-bbdf1648b10d,CONFIRMED,6.575,00
5318,op-061ab0a30eb2,CONFIRMED,6.58,00
5319,op-1328561e3922,CONFIRMED,6.575,00
5320,op-9e99e3b7f174,CONFIRMED,6.568,00
5321,op-ae683628801e,CONFIRMED,6.565,00
5322,op-cc4ef2631080,CONFIRMED,6.56,00
5323,op-1147c1f9cd51,CONFIRMED,6.557,00
5324,op-c975427d8a09,CONFIRMED,6.575,00
5325,op-c4482dff57a6,CONFIRMED,6.575,00
5326,op-8f217dfba801,CONFIRMED,6.568,00
5327,op-0f9bb35a6ab7,CONFIRMED,6.573,00
5328,op-ac42e2d34b4e,CONFIRMED,6.581,00
5329,op-d539f59df5ba,CONFIRMED,6.587,00
5330,op-5eb0aa932f23,CONFIRMED,6.566,00
5331,op-478d7bfcd645,CONFIRMED,6.584,00
5332,op-b333176173cb,CONFIRMED,6.588,00
5333,op-463e8e84c1d0,CONFIRMED,6.584,00
5334,op-41bd93728239,CONFIRMED,6.591,00
5335,op-4d95a76b87fc,CONFIRMED,6.589,00
5336,op-7e10559909d7,CONFIRMED,6.591,00
5337,op-605e39e6773d,CONFIRMED,6.587,00
5338,op-7e273e66b5f9,CONFIRMED,6.605,00
5339,op-2f22bf2ca87c,CONFIRMED,6.59,00
5340,op-c5a343b3e6d3,CONFIRMED,6.588,00
5341,op-0731e67ef3a8,CONFIRMED,6.586,00
5342,op-0119cf2b84c6,CONFIRMED,6.578,00
5343,op-adc985131f28,CONFIRMED,6.576,00
5344,op-d3d7676ccda2,CONFIRMED,6.552,00
5345,op-a8be3fd06062,CONFIRMED,6.528,00
5346,op-99e713d821c1,CONFIRMED,6.518,00
5347,op-1bcd3059418b,CONFIRMED,6.516,00
5348,op-7ce7c07956be,CONFIRMED,6.525,00
5349,op-4d58d9142273,CONFIRMED,6.505,00
5350,op-0cadb686cefa,CONFIRMED,6.502,00
5351,op-7ba271f45152,CONFIRMED,6.505,00
5352,op-04094ee40d70,CONFIRMED,6.511,00
5353,op-f25b42cf971c,CONFIRMED,6.515,00
5354,op-1aef748d43e7,CONFIRMED,6.509,00
5355,op-64d03ab530f4,CONFIRMED,6.497,00
5356,op-9ea8715b3df8,CONFIRMED,6.49,00
5357,op-75bc19e5a821,CONFIRMED,6.506,00
5358,op-b3553925a7b5,CONFIRMED,6.502,00
5359,op-107a156ed5a1,CONFIRMED,6.503,00
5360,op-269ef47ec923,CONFIRMED,6.5,00
5361,op-db8fee9d45de,CONFIRMED,6.496,00
5362,op-f98d4b586a0c,CONFIRMED,6.502,00
5363,op-f773c98b6ffd,CONFIRMED,6.458,00
5364,op-818fc1726e5a,CONFIRMED,6.452,00
5365,op-f9f6c6dffbf8,CONFIRMED,6.449,00
5366,op-52387e1801d8,CONFIRMED,6.443,00
5367,op-336640fa937f,CONFIRMED,6.454,00
5368,op-6786c6954b02,CONFIRMED,6.429,00
5369,op-66fc7e2f7e6e,CONFIRMED,6.443,00
5370,op-46e6aabf3e79,CONFIRMED,6.441,00
5371,op-0b0e3f0164b0,CONFIRMED,6.423,00
5372,op-cf44283c3328,CONFIRMED,6.435,00
5373,op-4f8de79f289d,CONFIRMED,6.427,00
5374,op-e50b14732a7c,CONFIRMED,6.421,00
5375,op-95f35ada3310,CONFIRMED,6.418,00
5376,op-0c9621a8ebe6,CONFIRMED,6.414,00
5377,op-959f8f4fd409,CONFIRMED,6.386,00
5378,op-cca1470b95df,CONFIRMED,6.382,00
5379,op-5196be3c12bf,CONFIRMED,6.388,00
5380,op-01b0619d5adf,CONFIRMED,6.386,00
5381,op-55b8547b5b10,CONFIRMED,6.398,00
5382,op-aa26020c19b8,CONFIRMED,6.39,00
5383,op-db29d4c698a5,CONFIRMED,6.396,00
5384,op-4bd7f176da32,CONFIRMED,6.393,00
5385,op-e56cd98244a1,CONFIRMED,6.39,00
5386,op-ff318074d88a,CONFIRMED,6.385,00
5387,op-3e7c38ffbf02,CONFIRMED,6.381,00
5388,op-b4d8845062f4,CONFIRMED,6.395,00
5389,op-d6be696165ef,CONFIRMED,6.39,00
5390,op-9048405c5532,CONFIRMED,6.386,00
5391,op-70ad083666e7,CONFIRMED,6.381,00
5392,op-49d39e845089,CONFIRMED,6.377,00
5393,op-8a959aa85f44,CONFIRMED,6.374,00
5394,op-ee1adc3f83e7,CONFIRMED,6.369,00
5395,op-348c45077b0a,CONFIRMED,6.368,00
5396,op-9c21d406f799,CONFIRMED,6.362,00
5397,op-96600b8992e1,CONFIRMED,6.386,00
5398,op-61770fdd29e3,CONFIRMED,6.396,00
5399,op-2dd641bf9d89,CONFIRMED,6.397,00
5400,op-88e39ee901b5,CONFIRMED,6.408,00
5401,op-f3d058a86cc0,CONFIRMED,6.414,00
5402,op-375382589a34,CONFIRMED,6.416,00
5403,op-230a63990b0e,CONFIRMED,6.393,00
5404,op-8564cf506493,CONFIRMED,6.408,00
5405,op-bd7f864b18be,CONFIRMED,6.397,00
5406,op-39cff72f1e65,CONFIRMED,6.406,00
5407,op-b229b8bccc82,CONFIRMED,6.413,00
5408,op-2a3dc54d6d42,CONFIRMED,6.413,00
5409,op-24d82c6905fd,CONFIRMED,6.428,00
5410,op-1f859357e318,CONFIRMED,6.437,00
5411,op-3ba31ef90ea6,CONFIRMED,6.435,00
5412,op-9144052c9324,CONFIRMED,6.446,00
5413,op-44bd0388d668,CONFIRMED,6.444,00
5414,op-4b902abe8106,CONFIRMED,6.46,00
5415,op-5b7b83cbe256,CONFIRMED,6.458,00
5416,op-5c6958032025,CONFIRMED,6.455,00
5417,op-6c93c8476f9b,CONFIRMED,6.456,00
5418,op-a4e54b2d9010,CONFIRMED,6.454,00
5419,op-836091949aa3,CONFIRMED,6.453,00
5420,op-8776b1d27f42,CONFIRMED,6.451,00
5421,op-17e37c46d6f0,CONFIRMED,6.457,00
5422,op-814fa59cb5fe,CONFIRMED,6.454,00
5423,op-61400e452e9e,CONFIRMED,6.445,00
5424,op-f771d8d4968d,CONFIRMED,6.444,00
5425,op-12df30d68bcf,CONFIRMED,6.444,00
5426,op-4a422454bbff,CONFIRMED,6.417,00
5427,op-fec1869de83c,CONFIRMED,6.416,00
5428,op-90945079b68e,CONFIRMED,6.399,00
5429,op-3ca65805d4ce,CONFIRMED,6.373,00
5430,op-0133708eaee5,CONFIRMED,6.39,00
5431,op-20feb26dd2b0,CONFIRMED,6.4,00
5432,op-0f4b290d21c3,CONFIRMED,6.397,00
5433,op-617db4e95f99,CONFIRMED,6.393,00
5434,op-c69591ec3901,CONFIRMED,6.404,00
5435,op-3149bea4769c,CONFIRMED,6.411,00
5436,op-becc5b534c88,CONFIRMED,6.408,00
5437,op-839f38b87bb7,CONFIRMED,6.39,00
5438,op-72254d8dd172,CONFIRMED,6.387,00
5439,op-7d66ac651271,CONFIRMED,6.371,00
5440,op-9afe9383e31e,CONFIRMED,6.39,00
5441,op-d3b65fe0108a,CONFIRMED,6.388,00
5442,op-d7f8e5596e9c,CONFIRMED,6.387,00
5443,op-0669fadef033,CONFIRMED,6.385,00
5444,op-84e10aab913f,CONFIRMED,6.402,00
5445,op-5aa1b9cc042d,CONFIRMED,6.411,00
5446,op-38156c76441d,CONFIRMED,6.39,00
5447,op-69c8da24d00f,CONFIRMED,6.392,00
5448,op-59408f176c72,CONFIRMED,6.394,00
5449,op-288264822a35,CONFIRMED,6.388,00
5450,op-01ef9659c0df,CONFIRMED,6.382,00
5451,op-7c8ec661cfab,CONFIRMED,6.369,00
5452,op-faafc15238b3,CONFIRMED,6.367,00
5453,op-c18b3bce84d7,CONFIRMED,6.353,00
5454,op-d2ea236b4536,CONFIRMED,6.352,00
5455,op-097fc6a11e4b,CONFIRMED,6.334,00
5456,op-2d3dfae98b0c,CONFIRMED,6.335,00
5457,op-aa1d6ba73f6f,CONFIRMED,6.329,00
5458,op-f7135ce977db,CONFIRMED,6.341,00
5459,op-06ad9bd89c84,CONFIRMED,6.352,00
5460,op-519306bc00e9,CONFIRMED,6.363,00
5461,op-060528e98ae4,CONFIRMED,6.364,00
5462,op-fe8db9a25e8d,CONFIRMED,6.366,00
5463,op-6bbc2608e4d4,CONFIRMED,6.371,00
5464,op-e964f4715df6,CONFIRMED,6.372,00
5465,op-89ca6c63abf2,CONFIRMED,6.377,00
5466,op-82d94e270ebc,CONFIRMED,6.375,00
5467,op-e88b285572ba,CONFIRMED,6.387,00
5468,op-50b7c5044d9d,CONFIRMED,6.37,00
5469,op-89ef8f65584f,CONFIRMED,6.387,00
5470,op-ac06fd7319a6,CONFIRMED,6.368,00
5471,op-1006eeafb4df,CONFIRMED,6.365,00
5472,op-b70f01a363fc,CONFIRMED,6.376,00
5473,op-6c2119ad13de,CONFIRMED,6.374,00
5474,op-89fa9192f6f3,CONFIRMED,6.355,00
5475,op-824b8f73d897,CONFIRMED,6.355,00
5476,op-f1f8b9ef508b,CONFIRMED,6.354,00
5477,op-5bbb4b159aff,CONFIRMED,6.351,00
5478,op-6cedcdda9da9,CONFIRMED,6.358,00
5479,op-4a8bb1637189,CONFIRMED,6.357,00
5480,op-07c18b8889b5,CONFIRMED,6.356,00
5481,op-b752c3fb4611,CONFIRMED,6.355,00
5482,op-f1f802c20d05,CONFIRMED,6.34,00
5483,op-a466d0eed63b,CONFIRMED,6.354,00
5484,op-5a502aefd887,CONFIRMED,6.36,00
5485,op-ef0d5c750756,CONFIRMED,6.353,00
5486,op-a3655ca47337,CONFIRMED,6.328,00
5487,op-1cad16234b3a,CONFIRMED,6.316,00
5488,op-62219be1e91e,CONFIRMED,6.337,00
5489,op-ded4a0a1753d,CONFIRMED,6.334,00
5490,op-92e78946f38f,CONFIRMED,6.333,00
5491,op-2213b3a4e667,CONFIRMED,6.341,00
5492,op-86792327f531,CONFIRMED,6.328,00
5493,op-db4e4e764969,CONFIRMED,6.326,00
5494,op-a4099d9e8fbd,CONFIRMED,6.323,00
5495,op-1a06a2ed4201,CONFIRMED,6.299,00
5496,op-5c96529a1c13,CONFIRMED,6.298,00
5497,op-43a5e97bfac0,CONFIRMED,6.283,00
5498,op-fc172b472317,CONFIRMED,6.259,00
5499,op-734b61e18118,CONFIRMED,6.257,00
5500,op-d7cc8b8d744c,CONFIRMED,7.041,00
5501,op-592ce381a123,CONFIRMED,7.028,00
5502,op-d91ab9b32e06,CONFIRMED,7.047,00
5503,op-8b4e9282e118,CONFIRMED,7.03,00
5504,op-503f17baaed8,CONFIRMED,7.02,00
5505,op-8e4b1e6b6da5,CONFIRMED,7.016,00
5506,op-5a300c811bcb,CONFIRMED,7.038,00
5507,op-477894c2dba0,CONFIRMED,7.035,00
5508,op-bf5be23606c8,CONFIRMED,7.053,00
5509,op-d5c22bd663a9,CONFIRMED,7.051,00
5510,op-099fba35c348,CONFIRMED,7.032,00
5511,op-ca541586a228,CONFIRMED,7.022,00
5512,op-0b02550c8029,CONFIRMED,7.02,00
5513,op-ddcea53eac90,CONFIRMED,7.002,00
5514,op-9c68a42eb87d,CONFIRMED,7.007,00
5515,op-3959774c3172,CONFIRMED,7.008,00
5516,op-b0e03e40407a,CONFIRMED,7.0,00
5517,op-a03d2f54c410,CONFIRMED,7.017,00
5518,op-ccd31223fb66,CONFIRMED,6.998,00
5519,op-46990e4e6efb,CONFIRMED,7.0,00
5520,op-ded3a099aeb1,CONFIRMED,6.999,00
5521,op-c7d2dc33aa0f,CONFIRMED,7.015,00
5522,op-2a5a3dd00661,CONFIRMED,7.014,00
5523,op-9e843b4fa75b,CONFIRMED,7.013,00
5524,op-7bbc21c40629,CONFIRMED,6.99,00
5525,op-2d369f87f642,CONFIRMED,6.988,00
5526,op-a6a89e5eaffb,CONFIRMED,6.997,00
5527,op-c3f65973d688,CONFIRMED,6.997,00
5528,op-024953eba971,CONFIRMED,6.996,00
5529,op-21121675b61d,CONFIRMED,6.995,00
5530,op-22f7bae96c39,CONFIRMED,6.986,00
5531,op-f01c1ed6903c,CONFIRMED,6.994,00
5532,op-b3aea07319ce,CONFIRMED,6.981,00
5533,op-f6f2a811dec4,CONFIRMED,6.985,00
5534,op-34b5b6c566c2,CONFIRMED,7.009,00
5535,op-17074fe803e4,CONFIRMED,7.006,00
5536,op-ae0060231d95,CONFIRMED,7.01,00
5537,op-c59c47b22de5,CONFIRMED,7.01,00
5538,op-255cc482391d,CONFIRMED,6.999,00
5539,op-fb136fcab951,CONFIRMED,6.99,00
5540,op-2d601283e807,CONFIRMED,6.99,00
5541,op-cc61eac7eb4a,CONFIRMED,6.99,00
5542,op-952deffe3699,CONFIRMED,7.008,00
5543,op-64c52b1bc891,CONFIRMED,7.003,00
5544,op-7ddb429813b9,CONFIRMED,7.012,00
5545,op-11b87bab3900,CONFIRMED,7.014,00
5546,op-4b919b8dee18,CONFIRMED,7.031,00
5547,op-d995d9fa9612,CONFIRMED,7.03,00
5548,op-89de878c50c0,CONFIRMED,7.013,00
5549,op-34f03d9e5dd8,CONFIRMED,6.948,00
5550,op-69b5a2881417,CONFIRMED,6.949,00
5551,op-dc0ba9383f9b,CONFIRMED,6.96,00
5552,op-ba31ebf55800,CONFIRMED,6.959,00
5553,op-e2c49c336971,CONFIRMED,6.957,00
5554,op-b4994323ffb7,CONFIRMED,6.956,00
5555,op-379e4a76c709,CONFIRMED,6.937,00
5556,op-4b614ba8d735,CONFIRMED,6.93,00
5557,op-a29104139188,CONFIRMED,6.978,00
5558,op-5de1f114bd45,CONFIRMED,6.984,00
5559,op-a15960784ce0,CONFIRMED,6.986,00
5560,op-413b20e10217,CONFIRMED,6.979,00
5561,op-558d6ecd415d,CONFIRMED,6.981,00
5562,op-cc2da057f8be,CONFIRMED,6.964,00
5563,op-54b440a5cf0b,CONFIRMED,6.955,00
5564,op-3bac4a54af1e,CONFIRMED,6.978,00
5565,op-3f4ca941a84f,CONFIRMED,6.98,00
5566,op-1269b0ca630a,CONFIRMED,6.981,00
5567,op-376a863f6584,CONFIRMED,6.984,00
5568,op-2c38d9302b46,CONFIRMED,6.987,00
5569,op-7b3a7bc96a5c,CONFIRMED,6.991,00
5570,op-04e0bb64950a,CONFIRMED,6.994,00
5571,op-a4c45a89ec3c,CONFIRMED,6.974,00
5572,op-9ce6f6ca4e57,CONFIRMED,6.976,00
5573,op-e3d70329b6c5,CONFIRMED,6.838,00
5574,op-234a683187ab,CONFIRMED,6.827,00
5575,op-e17d7bac39d9,CONFIRMED,6.813,00
5576,op-78b9bf57636a,CONFIRMED,6.813,00
5577,op-6bfb96d7fab9,CONFIRMED,6.813,00
5578,op-60140e8ca665,CONFIRMED,6.833,00
5579,op-6dfdb1ccb00f,CONFIRMED,6.858,00
5580,op-197e87900c33,CONFIRMED,6.837,00
5581,op-5910efe203fc,CONFIRMED,6.844,00
5582,op-f7e339100ad1,CONFIRMED,6.838,00
5583,op-1fbaa50334d4,CONFIRMED,6.838,00
5584,op-a40b924b2b85,CONFIRMED,6.846,00
5585,op-728af2f142e9,CONFIRMED,6.868,00
5586,op-4a702e8f3437,CONFIRMED,6.852,00
5587,op-7c4db4d29ea8,CONFIRMED,6.845,00
5588,op-1c8028cdf902,CONFIRMED,6.835,00
5589,op-0e8a3d399d7b,CONFIRMED,6.835,00
5590,op-2896baf543ac,CONFIRMED,6.846,00
5591,op-3383938232d2,CONFIRMED,6.853,00
5592,op-c65aec4dc4ef,CONFIRMED,6.856,00
5593,op-3ac429f0b29d,CONFIRMED,6.857,00
5594,op-18b95017d9a4,CONFIRMED,6.845,00
5595,op-1dbbe9ce9dad,CONFIRMED,6.846,00
5596,op-2d4cd30570f2,CONFIRMED,6.832,00
5597,op-7f6edc7d5ffc,CONFIRMED,6.858,00
5598,op-c0b811e6d39b,CONFIRMED,6.86,00
5599,op-a543dac4cc78,CONFIRMED,6.86,00
5600,op-a93119a84c53,CONFIRMED,6.862,00
5601,op-588014c0e96e,CONFIRMED,6.865,00
5602,op-65293ddf9019,CONFIRMED,6.864,00
5603,op-66bbb2e90739,CONFIRMED,6.866,00
5604,op-7bbc6aa239a5,CONFIRMED,6.869,00
5605,op-6e8aae26d396,CONFIRMED,6.873,00
5606,op-b63f2e461ac2,CONFIRMED,6.852,00
5607,op-f775836f55a9,CONFIRMED,6.857,00
5608,op-d38d9688265a,CONFIRMED,6.857,00
5609,op-7dd8a48de4fa,CONFIRMED,6.855,00
5610,op-6da36970ba37,CONFIRMED,6.874,00
5611,op-5996ce4ede2a,CONFIRMED,6.873,00
5612,op-c6d01f0d8cef,CONFIRMED,6.865,00
5613,op-1d7e66942841,CONFIRMED,6.869,00
5614,op-af0d1754c5b4,CONFIRMED,6.878,00
5615,op-ea4be6d233e0,CONFIRMED,6.877,00
5616,op-21f5243eb8e5,CONFIRMED,6.88,00
5617,op-e48ed45a1b4f,CONFIRMED,6.879,00
5618,op-e7ff3670bca2,CONFIRMED,6.878,00
5619,op-b86b6bed8e9a,CONFIRMED,6.879,00
5620,op-9e7c23eb1959,CONFIRMED,6.894,00
5621,op-ed55aefe13d2,CONFIRMED,6.896,00
5622,op-efd6ad336c0a,CONFIRMED,6.894,00
5623,op-d8423a021316,CONFIRMED,6.917,00
5624,op-c7941ab13830,CONFIRMED,6.92,00
5625,op-b491b830ef6c,CONFIRMED,6.924,00
5626,op-3971f3998abd,CONFIRMED,6.926,00
5627,op-e426b31f0cdf,CONFIRMED,6.935,00
5628,op-ac5114a50653,CONFIRMED,6.938,00
5629,op-def3773a1eb0,CONFIRMED,6.898,00
5630,op-9508bafe51ec,CONFIRMED,6.916,00
5631,op-011f1f3a9bb6,CONFIRMED,6.915,00
5632,op-ab5cbb79ab02,CONFIRMED,6.932,00
5633,op-5bcbbc8f6551,CONFIRMED,6.93,00
5634,op-3c74e98da8eb,CONFIRMED,6.922,00
5635,op-a893e30c0eb1,CONFIRMED,6.946,00
5636,op-aa6f4abb51af,CONFIRMED,6.949,00
5637,op-d830d454b40c,CONFIRMED,6.951,00
5638,op-88d1d6828918,CONFIRMED,6.951,00
5639,op-b7b1bdfd6d11,CONFIRMED,6.96,00
5640,op-4a3b705cec4c,CONFIRMED,6.966,00
5641,op-4d74a67b3f10,CONFIRMED,6.96,00
5642,op-f3d75e6926ab,CONFIRMED,6.973,00
5643,op-3fb47557e897,CONFIRMED,6.995,00
5644,op-a65bca99222e,CONFIRMED,6.994,00
5645,op-568a7e85c751,CONFIRMED,6.998,00
5646,op-57b8c2625581,CONFIRMED,6.981,00
5647,op-c225faa27b0c,CONFIRMED,6.981,00
5648,op-0302d13a990d,CONFIRMED,6.967,00
5649,op-81a137131941,CONFIRMED,6.968,00
5650,op-8b74ceee918b,CONFIRMED,6.978,00
5651,op-b5ca074a4bbf,CONFIRMED,6.979,00
5652,op-32cbff9fe14a,CONFIRMED,6.977,00
5653,op-945799c2c7ff,CONFIRMED,6.952,00
5654,op-c8cfe01fd8b2,CONFIRMED,6.966,00
5655,op-09f0980d7f85,CONFIRMED,6.964,00
5656,op-90015b814bfe,CONFIRMED,6.963,00
5657,op-38e3cf17d1a5,CONFIRMED,6.938,00
5658,op-93682044b786,CONFIRMED,6.933,00
5659,op-c44c3e39d9d3,CONFIRMED,6.931,00
5660,op-9d7ab75534e8,CONFIRMED,6.925,00
5661,op-0f3b091866d7,CONFIRMED,6.929,00
5662,op-75ca83edc1a7,CONFIRMED,6.903,00
5663,op-b15da7499b21,CONFIRMED,6.899,00
5664,op-e2f154395a26,CONFIRMED,6.873,00
5665,op-3452241ba777,CONFIRMED,6.868,00
5666,op-e3f89dfc73b5,CONFIRMED,6.843,00
5667,op-de5d63d9c40b,CONFIRMED,6.852,00
5668,op-d6bdff011a9f,CONFIRMED,6.854,00
5669,op-157f7a5b7a05,CONFIRMED,6.854,00
5670,op-b373d260f17b,CONFIRMED,6.832,00
5671,op-09ed2d3cbd02,CONFIRMED,6.837,00
5672,op-7214c5d65a6f,CONFIRMED,6.836,00
5673,op-19c582864792,CONFIRMED,6.835,00
5674,op-9a91c004f95b,CONFIRMED,6.814,00
5675,op-e7e776689344,CONFIRMED,6.808,00
5676,op-cc795fb54955,CONFIRMED,6.796,00
5677,op-03a25b0f366e,CONFIRMED,6.788,00
5678,op-1c87770a0a1f,CONFIRMED,6.734,00
5679,op-ff58884cf232,CONFIRMED,6.743,00
5680,op-7377b5cb59ce,CONFIRMED,6.743,00
5681,op-f924b1b00e6f,CONFIRMED,6.755,00
5682,op-195dc5617d1b,CONFIRMED,6.75,00
5683,op-c65183a415f6,CONFIRMED,6.763,00
5684,op-be086f88c792,CONFIRMED,6.758,00
5685,op-a57fa24fff15,CONFIRMED,6.756,00
5686,op-3db0f22dc414,CONFIRMED,6.754,00
5687,op-64e2121633d2,CONFIRMED,6.754,00
5688,op-bcf532fcd754,CONFIRMED,6.761,00
5689,op-736f3e3cfc0e,CONFIRMED,6.762,00
5690,op-c9e014353cd0,CONFIRMED,6.765,00
5691,op-92a5556bc606,CONFIRMED,6.753,00
5692,op-cc2470628b3a,CONFIRMED,6.768,00
5693,op-f332bdbe9b68,CONFIRMED,6.767,00
5694,op-a5bc508f8d4b,CONFIRMED,6.775,00
5695,op-a6faa04e4a0e,CONFIRMED,6.783,00
5696,op-fb8aa90d3f73,CONFIRMED,6.805,00
5697,op-a57bf9b3fae4,CONFIRMED,6.802,00
5698,op-e5f10b95be51,CONFIRMED,6.799,00
5699,op-2c1376fcda6d,CONFIRMED,6.799,00
5700,op-65ec5bb7c292,CONFIRMED,6.808,00
5701,op-de8cb82e416f,CONFIRMED,6.808,00
5702,op-267aeba20d55,CONFIRMED,6.806,00
5703,op-4d49a276f167,CONFIRMED,6.814,00
5704,op-21cfe2461696,CONFIRMED,6.797,00
5705,op-590c01c99817,CONFIRMED,6.796,00
5706,op-360d97e33f8e,CONFIRMED,6.804,00
5707,op-d015e5e43755,CONFIRMED,6.791,00
5708,op-e8fe6c4755db,CONFIRMED,6.789,00
5709,op-7d280364bba6,CONFIRMED,6.786,00
5710,op-f0954fe63864,CONFIRMED,6.762,00
5711,op-f8a15fef6914,CONFIRMED,6.758,00
5712,op-6e4e17a82f15,CONFIRMED,6.773,00
5713,op-73b5fb5d75b3,CONFIRMED,6.758,00
5714,op-95a6b6115385,CONFIRMED,6.752,00
5715,op-6fe708b3804f,CONFIRMED,6.753,00
5716,op-be2ed74d0ccb,CONFIRMED,6.733,00
5717,op-fa2cf3c0d454,CONFIRMED,6.73,00
5718,op-1266f06db904,CONFIRMED,6.728,00
5719,op-0c6ccca4c07a,CONFIRMED,6.732,00
5720,op-b543d037cdca,CONFIRMED,6.728,00
5721,op-db7ed4c54e61,CONFIRMED,6.714,00
5722,op-674f381ea39a,CONFIRMED,6.716,00
5723,op-2d51ac9f8e86,CONFIRMED,6.717,00
5724,op-699e89343a76,CONFIRMED,6.714,00
5725,op-bed57423e0a0,CONFIRMED,6.706,00
5726,op-42b2b992d476,CONFIRMED,6.698,00
5727,op-fbffa3d139b8,CONFIRMED,6.699,00
5728,op-881483e8c6ae,CONFIRMED,6.699,00
5729,op-54fd948e879d,CONFIRMED,6.707,00
5730,op-db63d04d2f7f,CONFIRMED,6.706,00
5731,op-05d9f2fc7585,CONFIRMED,6.707,00
5732,op-45dc53aa45e8,CONFIRMED,6.707,00
5733,op-3c20e7559b65,CONFIRMED,6.693,00
5734,op-bd1e644a90be,CONFIRMED,6.703,00
5735,op-e45771c643a8,CONFIRMED,6.689,00
5736,op-e172a296f519,CONFIRMED,6.708,00
5737,op-7e84d96f9451,CONFIRMED,6.708,00
5738,op-238a174923e4,CONFIRMED,6.714,00
5739,op-c05b62705f27,CONFIRMED,6.713,00
5740,op-987cf2eca513,CONFIRMED,6.712,00
5741,op-f4800c739671,CONFIRMED,6.701,00
5742,op-7fe6b0ffbff3,CONFIRMED,6.716,00
5743,op-f8af7c3323e1,CONFIRMED,6.714,00
5744,op-023366e60f3d,CONFIRMED,6.73,00
5745,op-c50d6903ef5c,CONFIRMED,6.752,00
5746,op-bbdcdf706f12,CONFIRMED,6.75,00
5747,op-e4e79ba95a3c,CONFIRMED,6.744,00
5748,op-888d7b14690d,CONFIRMED,6.721,00
5749,op-461425e86be7,CONFIRMED,6.721,00
5750,op-7a2e50b80767,CONFIRMED,6.704,00
5751,op-38243c6cb3c0,CONFIRMED,6.696,00
5752,op-048f5a0273d8,CONFIRMED,6.697,00
5753,op-a227fe73a90f,CONFIRMED,6.696,00
5754,op-07d741a25337,CONFIRMED,6.711,00
5755,op-f7521be68021,CONFIRMED,6.691,00
5756,op-c89659d5e4fb,CONFIRMED,6.694,00
5757,op-d02b65ecbab1,CONFIRMED,6.676,00
5758,op-de573c742b75,CONFIRMED,6.684,00
5759,op-ee4b8dfab4d8,CONFIRMED,6.67,00
5760,op-936ffc036c84,CONFIRMED,6.661,00
5761,op-8b141c282430,CONFIRMED,6.66,00
5762,op-0674dc50c150,CONFIRMED,6.668,00
5763,op-25211877821a,CONFIRMED,6.689,00
5764,op-e2c4427b5ea8,CONFIRMED,6.696,00
5765,op-f2fe8628c99d,CONFIRMED,6.704,00
5766,op-cf2c24772ef8,CONFIRMED,6.706,00
5767,op-6a70f8860353,CONFIRMED,6.72,00
5768,op-a86702aeda4e,CONFIRMED,6.708,00
5769,op-ff74489a34dd,CONFIRMED,6.71,00
5770,op-ef815e191e69,CONFIRMED,6.709,00
5771,op-814433034c87,CONFIRMED,6.703,00
5772,op-3fc7c1bdf870,CONFIRMED,6.695,00
5773,op-1ac34e4fce18,CONFIRMED,6.694,00
5774,op-56edcc34bd65,CONFIRMED,6.692,00
5775,op-ec70f85ee369,CONFIRMED,6.669,00
5776,op-f17b95659624,CONFIRMED,6.646,00
5777,op-61f6f63fb6dc,CONFIRMED,6.646,00
5778,op-6a5c0c3ecd7e,CONFIRMED,6.63,00
5779,op-12c13ed97847,CONFIRMED,6.62,00
5780,op-8827660e10d1,CONFIRMED,6.62,00
5781,op-cbc1a1b0e2ff,CONFIRMED,6.621,00
5782,op-6c166453e2d1,CONFIRMED,6.599,00
5783,op-38a2f9a0a1ce,CONFIRMED,6.614,00
5784,op-353c6248c181,CONFIRMED,6.595,00
5785,op-295fb95647bd,CONFIRMED,6.612,00
5786,op-16f1f909d662,CONFIRMED,6.596,00
5787,op-1e314895e88e,CONFIRMED,6.614,00
5788,op-4974bdf469b4,CONFIRMED,6.621,00
5789,op-08da1de1e5b5,CONFIRMED,6.613,00
5790,op-1f708c54746a,CONFIRMED,6.613,00
5791,op-584ebdfd34a7,CONFIRMED,6.612,00
5792,op-2230ec8e83b3,CONFIRMED,6.602,00
5793,op-a7ccf0f8f42c,CONFIRMED,6.579,00
5794,op-d427edd2475d,CONFIRMED,6.57,00
5795,op-93a64214cc38,CONFIRMED,6.561,00
5796,op-9b17469e29a6,CONFIRMED,6.561,00
5797,op-2e3868c66f03,CONFIRMED,6.575,00
5798,op-17b5996e07e1,CONFIRMED,6.563,00
5799,op-0e449dcf4998,CONFIRMED,6.575,00
5800,op-b67af0b28d32,CONFIRMED,6.574,00
5801,op-86d31f4f10dc,CONFIRMED,6.583,00
5802,op-60b216fa07e9,CONFIRMED,6.581,00
5803,op-3364d3afbd3a,CONFIRMED,6.581,00
5804,op-594e38a49675,CONFIRMED,6.581,00
5805,op-bfdf82faba16,CONFIRMED,6.589,00
5806,op-98a09c2f1007,CONFIRMED,6.588,00
5807,op-95ae1930bcf0,CONFIRMED,6.572,00
5808,op-ac057e7a5568,CONFIRMED,6.563,00
5809,op-640ff5617479,CONFIRMED,6.553,00
5810,op-7de7759f4161,CONFIRMED,6.552,00
5811,op-721a91b9a758,CONFIRMED,6.553,00
5812,op-fe00debc9f80,CONFIRMED,6.549,00
5813,op-127667bdd515,CONFIRMED,6.549,00
5814,op-55d7f684a481,CONFIRMED,6.551,00
5815,op-393591de83dc,CONFIRMED,6.542,00
5816,op-61d71e18980e,CONFIRMED,6.539,00
5817,op-59b05c41cd00,CONFIRMED,6.537,00
5818,op-98664afda9f3,CONFIRMED,6.526,00
5819,op-064fbf8aaf5f,CONFIRMED,6.526,00
5820,op-321f8476a53b,CONFIRMED,6.517,00
5821,op-3e640bcf9c6a,CONFIRMED,6.533,00
5822,op-37ab90526267,CONFIRMED,6.541,00
5823,op-9f9e6c7792b4,CONFIRMED,6.55,00
5824,op-3ce8016130d4,CONFIRMED,6.528,00
5825,op-3ad27e2dca28,CONFIRMED,6.548,00
5826,op-0fe1c7076465,CONFIRMED,6.53,00
5827,op-105259333185,CONFIRMED,6.518,00
5828,op-7906f577fc4a,CONFIRMED,6.518,00
5829,op-6ec8bebecd40,CONFIRMED,6.499,00
5830,op-8b180442c8ce,CONFIRMED,6.507,00
5831,op-bad79b34bd94,CONFIRMED,6.517,00
5832,op-9461e26456f6,CONFIRMED,6.509,00
5833,op-09c6b511cf3a,CONFIRMED,6.503,00
5834,op-ce1cac6833b4,CONFIRMED,6.518,00
5835,op-e319e02f4b8e,CONFIRMED,6.497,00
5836,op-b512698fc766,CONFIRMED,6.487,00
5837,op-d26425250341,CONFIRMED,6.486,00
5838,op-27e0b4c57e18,CONFIRMED,6.49,00
5839,op-52889cfea59b,CONFIRMED,6.499,00
5840,op-3b1ab08e2a43,CONFIRMED,6.496,00
5841,op-ab216b0538df,CONFIRMED,6.505,00
5842,op-1c5711f5b7c2,CONFIRMED,6.513,00
5843,op-b314e71c2668,CONFIRMED,6.525,00
5844,op-d3d0975db8a7,CONFIRMED,6.524,00
5845,op-9b95db54c95a,CONFIRMED,6.529,00
5846,op-a4e303925d7e,CONFIRMED,6.553,00
5847,op-e94793d02ed3,CONFIRMED,6.536,00
5848,op-d519341f81e3,CONFIRMED,6.536,00
5849,op-3ecd81ba37c1,CONFIRMED,6.536,00
5850,op-f1b1b8ec94bb,CONFIRMED,6.521,00
5851,op-98c49d8f1d15,CONFIRMED,6.537,00
5852,op-54c4c8180516,CONFIRMED,6.537,00
5853,op-fd5935723193,CONFIRMED,6.525,00
5854,op-2132236e8c8d,CONFIRMED,6.521,00
5855,op-ecf54c06374c,CONFIRMED,6.544,00
5856,op-6058e0278df4,CONFIRMED,6.551,00
5857,op-821b95a6429b,CONFIRMED,6.532,00
5858,op-555e2f4175cb,CONFIRMED,6.532,00
5859,op-07700c9472f7,CONFIRMED,6.544,00
5860,op-71be2fc46d27,CONFIRMED,6.545,00
5861,op-8bffcb2340b2,CONFIRMED,6.526,00
5862,op-edeb70c88546,CONFIRMED,6.525,00
5863,op-9df2da4ba34f,CONFIRMED,6.525,00
5864,op-fad51a019521,CONFIRMED,6.522,00
5865,op-868db40ed277,CONFIRMED,6.522,00
5866,op-be7cecebfb98,CONFIRMED,6.522,00
5867,op-1d7c27c97d84,CONFIRMED,6.504,00
5868,op-32172cd206d5,CONFIRMED,6.502,00
5869,op-b0b44dc502f6,CONFIRMED,6.496,00
5870,op-96c867a2c1f2,CONFIRMED,6.497,00
5871,op-85d14718ca38,CONFIRMED,6.497,00
5872,op-8218833e4bf5,CONFIRMED,6.482,00
5873,op-d5139561858d,CONFIRMED,6.491,00
5874,op-951b5e7bdaa6,CONFIRMED,6.481,00
5875,op-13bcd9712511,CONFIRMED,6.471,00
5876,op-e2c919d488d0,CONFIRMED,6.46,00
5877,op-45b8cbd34236,CONFIRMED,6.476,00
5878,op-94b5c3ac5df2,CONFIRMED,6.456,00
5879,op-1a457af460a8,CONFIRMED,6.446,00
5880,op-ae2c48fed17a,CONFIRMED,6.45,00
5881,op-1971b6071210,CONFIRMED,6.459,00
5882,op-ae1c039e06a6,CONFIRMED,6.458,00
5883,op-11ba5e78e545,CONFIRMED,6.444,00
5884,op-2b8616336728,CONFIRMED,6.451,00
5885,op-348fb81dc2f6,CONFIRMED,6.443,00
5886,op-4d0db9ce0720,CONFIRMED,6.444,00
5887,op-061bd6d235b6,CONFIRMED,6.426,00
5888,op-3a0fadea9b68,CONFIRMED,6.433,00
5889,op-858664cbd057,CONFIRMED,6.432,00
5890,op-64297637e828,CONFIRMED,6.451,00
5891,op-9d6728f6a8e3,CONFIRMED,6.45,00
5892,op-0779710171d2,CONFIRMED,6.45,00
5893,op-dc98ee0dcb75,CONFIRMED,6.463,00
5894,op-42e92863e33c,CONFIRMED,6.471,00
5895,op-7b9d024d2333,CONFIRMED,6.481,00
5896,op-174eab29045c,CONFIRMED,6.481,00
5897,op-2a2374c4c024,CONFIRMED,6.478,00
5898,op-a7a183b3552a,CONFIRMED,6.487,00
5899,op-9959ec41e09e,CONFIRMED,6.497,00
5900,op-3c726f64fd7b,CONFIRMED,6.507,00
5901,op-6adfb859eab7,CONFIRMED,6.495,00
5902,op-1ef96962e958,CONFIRMED,6.505,00
5903,op-f33db648304c,CONFIRMED,6.513,00
5904,op-ea30ab2ac042,CONFIRMED,6.503,00
5905,op-713bea025942,CONFIRMED,6.521,00
5906,op-f779576e9f4c,CONFIRMED,6.497,00
5907,op-d46da050313d,CONFIRMED,6.471,00
5908,op-a36c36f6ef4e,CONFIRMED,6.446,00
5909,op-77f0e6b2f351,CONFIRMED,6.434,00
5910,op-fcea981a982f,CONFIRMED,6.454,00
5911,op-c91e7f5b31d6,CONFIRMED,6.437,00
5912,op-2fa920f1050e,CONFIRMED,6.453,00
5913,op-2a259162b261,CONFIRMED,6.446,00
5914,op-923cea098e80,CONFIRMED,6.455,00
5915,op-78a4bd343bc5,CONFIRMED,6.434,00
5916,op-19107df80ef1,CONFIRMED,6.43,00
5917,op-1accfc981c3c,CONFIRMED,6.405,00
5918,op-c3248e1de92f,CONFIRMED,6.419,00
5919,op-e662eb383a84,CONFIRMED,6.414,00
5920,op-2502c78cd82a,CONFIRMED,6.406,00
5921,op-c8a76b622c79,CONFIRMED,6.427,00
5922,op-2b0f2f010e2d,CONFIRMED,6.433,00
5923,op-2164128456f1,CONFIRMED,6.418,00
5924,op-c72b122ade37,CONFIRMED,6.426,00
5925,op-cadb2cac16d5,CONFIRMED,6.422,00
5926,op-0a3f92018589,CONFIRMED,6.441,00
5927,op-fc79e7b2dbdd,CONFIRMED,6.419,00
5928,op-7d733a414c9a,CONFIRMED,6.437,00
5929,op-57bed97cc130,CONFIRMED,6.444,00
5930,op-6f84117a2a72,CONFIRMED,6.452,00
5931,op-0b40daae7d47,CONFIRMED,6.449,00
5932,op-676cd2c6987b,CONFIRMED,6.442,00
5933,op-2824f97be18f,CONFIRMED,6.439,00
5934,op-4f3a81fe6911,CONFIRMED,6.422,00
5935,op-ccc16f9981c7,CONFIRMED,6.415,00
5936,op-b701c72b510c,CONFIRMED,6.411,00
5937,op-18b40a2d7635,CONFIRMED,6.43,00
5938,op-fc3e79b3e200,CONFIRMED,6.425,00
5939,op-4d047c2429fd,CONFIRMED,6.415,00
5940,op-301363d3748e,CONFIRMED,6.388,00
5941,op-d70a706e90bd,CONFIRMED,6.4,00
5942,op-725eec59d493,CONFIRMED,6.408,00
5943,op-878e054a1509,CONFIRMED,6.406,00
5944,op-d6f38577f28b,CONFIRMED,6.404,00
5945,op-1605a7707614,CONFIRMED,6.401,00
5946,op-a3375a3557e5,CONFIRMED,6.397,00
5947,op-5e0bf722a5fd,CONFIRMED,6.394,00
5948,op-49015fe788d8,CONFIRMED,6.41,00
5949,op-cf1d42ffde8d,CONFIRMED,6.393,00
5950,op-63472348cca8,CONFIRMED,6.389,00
5951,op-6aeae6475f85,CONFIRMED,6.384,00
5952,op-ea91609809e5,CONFIRMED,6.367,00
5953,op-f71530906e34,CONFIRMED,6.389,00
5954,op-590b1a73da9e,CONFIRMED,6.384,00
5955,op-3cb091fab33f,CONFIRMED,6.379,00
5956,op-2d40fdb38f2f,CONFIRMED,6.387,00
5957,op-66de60efe7b3,CONFIRMED,6.386,00
5958,op-def33e9caaa4,CONFIRMED,6.395,00
5959,op-a1f6c11b4dba,CONFIRMED,6.385,00
5960,op-a6df1206793d,CONFIRMED,6.384,00
5961,op-3bb9b0952fad,CONFIRMED,6.378,00
5962,op-44304267c33f,CONFIRMED,6.377,00
5963,op-252f0cbabedd,CONFIRMED,6.387,00
5964,op-c04359a76608,CONFIRMED,6.366,00
5965,op-a0a9f34196d4,CONFIRMED,6.356,00
5966,op-5ee0f7696dc4,CONFIRMED,6.355,00
5967,op-e0faf9ea70ad,CONFIRMED,6.356,00
5968,op-c90d47d257e7,CONFIRMED,6.375,00
5969,op-9b1ff99aad85,CONFIRMED,8.472,00
5970,op-9555d7d79fa7,CONFIRMED,8.438,00
5971,op-df27f0135a6b,CONFIRMED,8.433,00
5972,op-63244757de43,CONFIRMED,8.432,00
5973,op-ad31525b9a10,CONFIRMED,8.428,00
5974,op-73a37b8cc2ca,CONFIRMED,8.41,00
5975,op-dd48d09139f9,CONFIRMED,8.418,00
5976,op-9dabba6c0082,CONFIRMED,8.406,00
5977,op-e5bf5851f7d3,CONFIRMED,8.418,00
5978,op-3cf5796947c3,CONFIRMED,8.425,00
5979,op-d4a54ce46d87,CONFIRMED,8.427,00
5980,op-a7c7d817d79d,CONFIRMED,8.444,00
5981,op-c93741cd82ee,CONFIRMED,8.442,00
5982,op-da349a6d3d12,CONFIRMED,8.44,00
5983,op-114e55f100c6,CONFIRMED,8.452,00
5984,op-ad51e6a605da,CONFIRMED,8.44,00
5985,op-c7d16fc500d9,CONFIRMED,8.44,00
5986,op-8a7e4bd57625,CONFIRMED,8.45,00
5987,op-1967d71e3330,CONFIRMED,8.447,00
5988,op-c4e36f1c12f6,CONFIRMED,8.436,00
5989,op-45b045fddd43,CONFIRMED,8.41,00
5990,op-eff44ea4a4f9,CONFIRMED,8.407,00
5991,op-dd11ad1977e1,CONFIRMED,8.404,00
5992,op-8a2d3f62bf27,CONFIRMED,8.432,00
5993,op-680b2e44e6eb,CONFIRMED,8.443,00
5994,op-563f1033224e,CONFIRMED,8.424,00
5995,op-988de09d4373,CONFIRMED,8.422,00
5996,op-8ef964a4fc24,CONFIRMED,8.42,00
5997,op-9b6135c3fa0b,CONFIRMED,8.429,00
5998,op-95f1f2656569,CONFIRMED,8.437,00
5999,op-7651ceb20c5b,CONFIRMED,8.418,00
6000,op-dea74578e53d,CONFIRMED,6.667,00
6001,op-5f5a0206da4f,CONFIRMED,6.677,00
6002,op-aada7f863b02,CONFIRMED,6.685,00
6003,op-8b6f1797d39f,CONFIRMED,6.668,00
6004,op-6bd674072f71,CONFIRMED,6.677,00
6005,op-575d0394c326,CONFIRMED,6.68,00
6006,op-b802fdfb69b5,CONFIRMED,6.69,00
6007,op-0fdcdcb4b0e7,CONFIRMED,6.7,00
6008,op-629e03eb74e1,CONFIRMED,6.699,00
6009,op-2bd996fb7cea,CONFIRMED,6.701,00
6010,op-375e3097d6b7,CONFIRMED,6.705,00
6011,op-b650c5d11393,CONFIRMED,6.704,00
6012,op-e540b5da2490,CONFIRMED,6.725,00
6013,op-2eb8d6b0e013,CONFIRMED,6.717,00
6014,op-c0321bf338a2,CONFIRMED,6.725,00
6015,op-baa0506c1b3d,CONFIRMED,6.735,00
6016,op-cf476a38eac2,CONFIRMED,6.732,00
6017,op-688753c72a63,CONFIRMED,6.731,00
6018,op-8c2cde7f7e51,CONFIRMED,6.73,00
6019,op-f2cdcc72f33e,CONFIRMED,6.745,00
6020,op-bc9f1a30f22e,CONFIRMED,6.733,00
6021,op-6ff1a54d9bbf,CONFIRMED,6.731,00
6022,op-80819aba65e6,CONFIRMED,6.732,00
6023,op-547aa4a8d581,CONFIRMED,6.731,00
6024,op-4f13b5fe48c3,CONFIRMED,6.731,00
6025,op-2668e4888b46,CONFIRMED,6.715,00
6026,op-c4acc1adacc1,CONFIRMED,6.726,00
6027,op-896b93fef351,CONFIRMED,6.715,00
6028,op-c4c172dd6430,CONFIRMED,6.715,00
6029,op-72962a72c219,CONFIRMED,6.715,00
6030,op-7a5942d5e805,CONFIRMED,6.734,00
6031,op-ffe5431f0d8b,CONFIRMED,6.734,00
6032,op-40b9095d8718,CONFIRMED,6.709,00
6033,op-187f5e7d5c70,CONFIRMED,6.706,00
6034,op-3e359b372261,CONFIRMED,6.707,00
6035,op-27769f10bef0,CONFIRMED,6.697,00
6036,op-55eb4ff81b38,CONFIRMED,6.709,00
6037,op-bcd5051a7732,CONFIRMED,6.708,00
6038,op-8afd63e22241,CONFIRMED,6.706,00
6039,op-3503dbbf4e23,CONFIRMED,6.721,00
6040,op-4dc76e6920bf,CONFIRMED,6.714,00
6041,op-608869abc571,CONFIRMED,6.712,00
6042,op-c2d43f07debb,CONFIRMED,6.712,00
6043,op-94feb37c39ed,CONFIRMED,6.733,00
6044,op-77e3802b5097,CONFIRMED,6.728,00
6045,op-a3be45b32346,CONFIRMED,6.737,00
6046,op-c9514fb23a9b,CONFIRMED,6.738,00
6047,op-7bf0e346121c,CONFIRMED,6.742,00
6048,op-47747fda6390,CONFIRMED,6.741,00
6049,op-f71203ea534a,CONFIRMED,6.739,00
6050,op-0eec1221d387,CONFIRMED,6.737,00
6051,op-b0eeb981cb8d,CONFIRMED,6.736,00
6052,op-befe161d8fb5,CONFIRMED,6.735,00
6053,op-985e0c586786,CONFIRMED,6.734,00
6054,op-7f5a8246c80b,CONFIRMED,6.726,00
6055,op-cd3a37f6f80b,CONFIRMED,6.726,00
6056,op-d8f15ff7468c,CONFIRMED,6.714,00
6057,op-caae03a17a69,CONFIRMED,6.714,00
6058,op-f68f4d280898,CONFIRMED,6.729,00
6059,op-c0b064c200a5,CONFIRMED,6.727,00
6060,op-d17c937f5641,CONFIRMED,6.725,00
6061,op-5fa71575e51f,CONFIRMED,6.707,00
6062,op-14d23f7a2cbb,CONFIRMED,6.705,00
6063,op-83f30952ea33,CONFIRMED,6.686,00
6064,op-3a23e1ef359d,CONFIRMED,6.74,00
6065,op-27f2eb0615fa,CONFIRMED,6.747,00
6066,op-07f2660bd601,CONFIRMED,6.739,00
6067,op-4f49c9ff0ef8,CONFIRMED,6.748,00
6068,op-785ef26478c9,CONFIRMED,6.758,00
6069,op-c378a6bf6e7a,CONFIRMED,6.744,00
6070,op-281657b23870,CONFIRMED,6.762,00
6071,op-c300eb69deec,CONFIRMED,6.743,00
6072,op-5725213fb33b,CONFIRMED,6.736,00
6073,op-237c89c50a54,CONFIRMED,6.721,00
6074,op-3d6e9825d573,CONFIRMED,6.727,00
6075,op-d6f3265fe568,CONFIRMED,6.728,00
6076,op-ea3760904ad4,CONFIRMED,6.73,00
6077,op-b4cadcdd0bca,CONFIRMED,6.709,00
6078,op-062a589b0854,CONFIRMED,6.698,00
6079,op-cf65572b9092,CONFIRMED,6.696,00
6080,op-c70d65417b85,CONFIRMED,6.695,00
6081,op-048a0154413a,CONFIRMED,6.692,00
6082,op-7350668946d6,CONFIRMED,6.701,00
6083,op-794057d85deb,CONFIRMED,6.687,00
6084,op-63cabe2efaa5,CONFIRMED,6.696,00
6085,op-d5371d49c850,CONFIRMED,6.684,00
6086,op-c25d8559d417,CONFIRMED,6.659,00
6087,op-0b3ff937ece2,CONFIRMED,6.656,00
6088,op-373fb45d478b,CONFIRMED,6.651,00
6089,op-1a045e7106b3,CONFIRMED,6.658,00
6090,op-bc991269d4ad,CONFIRMED,6.667,00
6091,op-9a80788c9b80,CONFIRMED,6.665,00
6092,op-b4777ab3cb4f,CONFIRMED,6.668,00
6093,op-cd5eb3726254,CONFIRMED,6.666,00
6094,op-54aee1db559c,CONFIRMED,6.662,00
6095,op-6002a88e2bee,CONFIRMED,6.676,00
6096,op-b7526fdc705d,CONFIRMED,6.673,00
6097,op-211a3a33525e,CONFIRMED,6.672,00
6098,op-a9e2ed6bd247,CONFIRMED,6.644,00
6099,op-0b1230b07679,CONFIRMED,6.631,00
6100,op-1ed4212fd11c,CONFIRMED,6.649,00
6101,op-348769504c69,CONFIRMED,6.648,00
6102,op-e41362984b4d,CONFIRMED,6.645,00
6103,op-11a7e0dda325,CONFIRMED,6.66,00
6104,op-635e672af85c,CONFIRMED,6.671,00
6105,op-7e1403c6827b,CONFIRMED,6.656,00
6106,op-fc3f221c9f90,CONFIRMED,6.654,00
6107,op-0bb7907d2ace,CONFIRMED,6.665,00
6108,op-64550fb8a630,CONFIRMED,6.647,00
6109,op-ba5c7dde3337,CONFIRMED,6.647,00
6110,op-5e549ac7b046,CONFIRMED,6.647,00
6111,op-989a3aaeb978,CONFIRMED,6.666,00
6112,op-94867b3d7c09,CONFIRMED,6.647,00
6113,op-63ae57e8ad9d,CONFIRMED,6.655,00
6114,op-eab0e8e5bd12,CONFIRMED,6.655,00
6115,op-56d6e25a61bd,CONFIRMED,6.656,00
6116,op-b82697d857b1,CONFIRMED,6.656,00
6117,op-4984c7de0db9,CONFIRMED,6.634,00
6118,op-14b1a9b03b25,CONFIRMED,6.639,00
6119,op-7a603a026aa0,CONFIRMED,6.661,00
6120,op-42acfd35432e,CONFIRMED,6.671,00
6121,op-3b81ed69bb52,CONFIRMED,6.655,00
6122,op-d8f7cb62a760,CONFIRMED,6.676,00
6123,op-05d80a2b757c,CONFIRMED,6.657,00
6124,op-24f0b0d5beb3,CONFIRMED,6.657,00
6125,op-fbfbacf97284,CONFIRMED,6.668,00
6126,op-d4978a4897f4,CONFIRMED,6.655,00
6127,op-6437a399bf2c,CONFIRMED,6.677,00
6128,op-f082cd9f949e,CONFIRMED,6.667,00
6129,op-d1852022a7f1,CONFIRMED,6.666,00
6130,op-82615201617c,CONFIRMED,6.645,00
6131,op-0230bffe1799,CONFIRMED,6.635,00
6132,op-a042fd6def2c,CONFIRMED,6.626,00
6133,op-d55bf69537d9,CONFIRMED,6.636,00
6134,op-de8250f49ee4,CONFIRMED,6.635,00
6135,op-72b5b027166b,CONFIRMED,6.645,00
6136,op-7497959c95c4,CONFIRMED,6.655,00
6137,op-30e2b005151f,CONFIRMED,6.64,00
6138,op-87a4c57f3be2,CONFIRMED,6.632,00
6139,op-27bb0ea1b489,CONFIRMED,6.631,00
6140,op-2c1d903133ae,CONFIRMED,6.637,00
6141,op-b85232ffa0c1,CONFIRMED,6.629,00
6142,op-eb87af4402e6,CONFIRMED,6.629,00
6143,op-47083967a84f,CONFIRMED,6.63,00
6144,op-75ea9f5d938c,CONFIRMED,6.631,00
6145,op-b542956b0107,CONFIRMED,6.634,00
6146,op-11fa22e33741,CONFIRMED,6.634,00
6147,op-3a3641c985e1,CONFIRMED,6.635,00
6148,op-06cfb61e73ed,CONFIRMED,6.637,00
6149,op-9bb331a33770,CONFIRMED,6.639,00
6150,op-33cb5d63aae0,CONFIRMED,6.621,00
6151,op-f0ed6347c281,CONFIRMED,6.621,00
6152,op-b6f08f891870,CONFIRMED,6.602,00
6153,op-403f0fdec77b,CONFIRMED,6.601,00
6154,op-5530c5f8fc1b,CONFIRMED,6.581,00
6155,op-c6fc20e400a7,CONFIRMED,6.571,00
6156,op-407ef6c02c78,CONFIRMED,6.579,00
6157,op-2c56d888893a,CONFIRMED,6.577,00
6158,op-7b40ee0a0c39,CONFIRMED,6.591,00
6159,op-34a9b05fb578,CONFIRMED,6.59,00
6160,op-f4e86daf19c9,CONFIRMED,6.628,00
6161,op-4e362f553063,CONFIRMED,6.633,00
6162,op-d10130378012,CONFIRMED,6.631,00
6163,op-75e8567308a2,CONFIRMED,6.63,00
6164,op-2846f0d6f210,CONFIRMED,6.618,00
6165,op-12293f46f570,CONFIRMED,6.607,00
6166,op-b5df01a82ba5,CONFIRMED,6.618,00
6167,op-c3bab0793ae6,CONFIRMED,6.605,00
6168,op-f44ef0751169,CONFIRMED,6.58,00
6169,op-807d840be67e,CONFIRMED,6.578,00
6170,op-7bb2992ad2e0,CONFIRMED,6.559,00
6171,op-d6db4f66f276,CONFIRMED,6.548,00
6172,op-e25db8869013,CONFIRMED,6.546,00
6173,op-828fe216c984,CONFIRMED,6.526,00
6174,op-af4a3e4dd996,CONFIRMED,6.515,00
6175,op-9451fb72cde7,CONFIRMED,6.523,00
6176,op-3234fa5f0598,CONFIRMED,6.53,00
6177,op-667882746d0a,CONFIRMED,6.526,00
6178,op-1f0b88188bf4,CONFIRMED,6.523,00
6179,op-fe7c7c4023ff,CONFIRMED,6.521,00
6180,op-74831f5a5627,CONFIRMED,6.519,00
6181,op-76ddeec353f8,CONFIRMED,6.515,00
6182,op-e012ecb25212,CONFIRMED,6.514,00
6183,op-ec2d5ddcce4c,CONFIRMED,6.511,00
6184,op-45f8984481eb,CONFIRMED,6.488,00
6185,op-d52b923703a5,CONFIRMED,6.475,00
6186,op-2d8bd9f734d6,CONFIRMED,6.476,00
6187,op-8ae97e755f73,CONFIRMED,6.474,00
6188,op-0ca8faf0763d,CONFIRMED,6.469,00
6189,op-d6084ac15f60,CONFIRMED,6.468,00
6190,op-5e5e35827bc6,CONFIRMED,6.476,00
6191,op-58672ab002c0,CONFIRMED,6.485,00
6192,op-7fb6db044a74,CONFIRMED,6.484,00
6193,op-2bc4377046f2,CONFIRMED,6.482,00
6194,op-4fe1dbb9c937,CONFIRMED,6.475,00
6195,op-47d96375ae3c,CONFIRMED,6.472,00
6196,op-f88339e5019d,CONFIRMED,6.489,00
6197,op-99df2030618c,CONFIRMED,6.498,00
6198,op-c45418804703,CONFIRMED,6.5,00
6199,op-040189643a14,CONFIRMED,6.512,00
6200,op-97c2607ce110,CONFIRMED,6.52,00
6201,op-b4c73b0cbce2,CONFIRMED,6.511,00
6202,op-f634d6bba875,CONFIRMED,6.528,00
6203,op-4119e5311ade,CONFIRMED,6.527,00
6204,op-d19cd9d95319,CONFIRMED,6.547,00
6205,op-3e6149d408c7,CONFIRMED,6.569,00
6206,op-9926e04c791a,CONFIRMED,6.577,00
6207,op-f8b0785f68ad,CONFIRMED,6.571,00
6208,op-b2134081d4a1,CONFIRMED,6.571,00
6209,op-e720b6671e87,CONFIRMED,6.553,00
6210,op-78c93685657e,CONFIRMED,6.55,00
6211,op-c4a33ad2b7aa,CONFIRMED,6.554,00
6212,op-79bbdb7c9cc5,CONFIRMED,6.577,00
6213,op-7a9047c8c20a,CONFIRMED,6.579,00
6214,op-73587a8d2760,CONFIRMED,6.578,00
6215,op-1ecf3e932fc6,CONFIRMED,6.584,00
6216,op-286e60062262,CONFIRMED,6.576,00
6217,op-fcf812dd85d3,CONFIRMED,6.59,00
6218,op-8abe0458654a,CONFIRMED,6.592,00
6219,op-7bc4907e5977,CONFIRMED,6.59,00
6220,op-5d874bc124c9,CONFIRMED,6.574,00
6221,op-9c278da2347e,CONFIRMED,6.592,00
6222,op-40be8b2db833,CONFIRMED,6.589,00
6223,op-129da5ca9dfc,CONFIRMED,6.608,00
6224,op-06622f7fe462,CONFIRMED,6.618,00
6225,op-0f61b60c3bb2,CONFIRMED,6.627,00
6226,op-cb586a918547,CONFIRMED,6.633,00
6227,op-724a663c646d,CONFIRMED,6.632,00
6228,op-9dd87eefb71c,CONFIRMED,6.613,00
6229,op-16421609191d,CONFIRMED,6.609,00
6230,op-7e706aa3a4d9,CONFIRMED,6.607,00
6231,op-369bdf00253e,CONFIRMED,6.602,00
6232,op-40112d6bf1bc,CONFIRMED,6.603,00
6233,op-03cec077a2eb,CONFIRMED,6.601,00
6234,op-92aeef6bead6,CONFIRMED,6.6,00
6235,op-0e3a9b354ba8,CONFIRMED,6.597,00
6236,op-60cf2a194aeb,CONFIRMED,6.596,00
6237,op-ef607c5d5bf2,CONFIRMED,6.587,00
6238,op-8bdcf183107b,CONFIRMED,6.585,00
6239,op-35de5f4e0136,CONFIRMED,6.554,00
6240,op-c9d8839d3208,CONFIRMED,6.554,00
6241,op-93aa687e099c,CONFIRMED,6.53,00
6242,op-8912eb9ee354,CONFIRMED,6.523,00
6243,op-d4bc2a101e65,CONFIRMED,6.522,00
6244,op-146938cb5706,CONFIRMED,6.52,00
6245,op-7e4f0ee075db,CONFIRMED,6.518,00
6246,op-9a9568af926f,CONFIRMED,6.727,00
6247,op-75a7d793c7e5,CONFIRMED,6.727,00
6248,op-d415c9686e38,CONFIRMED,6.736,00
6249,op-f37bb3e4d201,CONFIRMED,6.737,00
6250,op-b67bbcf221c8,CONFIRMED,6.739,00
6251,op-24e4f11733e8,CONFIRMED,6.733,00
6252,op-d37c176fc4c8,CONFIRMED,6.732,00
6253,op-e5e0b7086f30,CONFIRMED,6.729,00
6254,op-2a3ebc959861,CONFIRMED,6.717,00
6255,op-42709e25245a,CONFIRMED,6.719,00
6256,op-6b1685ef227a,CONFIRMED,6.712,00
6257,op-9f9054106757,CONFIRMED,6.704,00
6258,op-dceddc2f3a75,CONFIRMED,6.706,00
6259,op-283940987156,CONFIRMED,6.72,00
6260,op-973f6e636996,CONFIRMED,6.726,00
6261,op-589e43b69f05,CONFIRMED,6.722,00
6262,op-94b265d4d732,CONFIRMED,6.716,00
6263,op-e957690ae475,CONFIRMED,6.714,00
6264,op-6d6e9d7d6b21,CONFIRMED,6.721,00
6265,op-2cbe02a45b74,CONFIRMED,6.721,00
6266,op-0eb63eab0a4a,CONFIRMED,6.722,00
6267,op-300cdde019e7,CONFIRMED,6.722,00
6268,op-c83656029368,CONFIRMED,6.707,00
6269,op-a80900a2ee55,CONFIRMED,6.702,00
6270,op-36d9e2eb611d,CONFIRMED,6.72,00
6271,op-5eae1e0ebdf6,CONFIRMED,6.721,00
6272,op-269186ab9fb6,CONFIRMED,6.709,00
6273,op-8d2cce9dafa5,CONFIRMED,6.709,00
6274,op-9482a2c46bd6,CONFIRMED,6.728,00
6275,op-e053aedcada5,CONFIRMED,6.717,00
6276,op-d0d185232a4f,CONFIRMED,6.719,00
6277,op-6d54e524c96b,CONFIRMED,6.699,00
6278,op-c43bef8b207e,CONFIRMED,6.699,00
6279,op-ccb81a595cbd,CONFIRMED,6.711,00
6280,op-bf4bb82caf83,CONFIRMED,6.709,00
6281,op-9a14d225f99e,CONFIRMED,6.71,00
6282,op-0b0d1e5b0da6,CONFIRMED,6.712,00
6283,op-16ab1c861898,CONFIRMED,6.714,00
6284,op-d63090fb565a,CONFIRMED,6.716,00
6285,op-6c8d00380850,CONFIRMED,6.719,00
6286,op-f5dcf5b8e855,CONFIRMED,6.719,00
6287,op-ce63cde64544,CONFIRMED,6.73,00
6288,op-7e8cf883c31e,CONFIRMED,6.733,00
6289,op-8170b81b5f21,CONFIRMED,6.726,00
6290,op-f826400a438a,CONFIRMED,6.735,00
6291,op-2593bc3e92ca,CONFIRMED,6.727,00
6292,op-41a982834061,CONFIRMED,6.728,00
6293,op-a2dfdb52531e,CONFIRMED,6.728,00
6294,op-f4432af0028e,CONFIRMED,6.72,00
6295,op-cda15e8955f6,CONFIRMED,6.712,00
6296,op-caf440c5427e,CONFIRMED,6.704,00
6297,op-1c357740b6af,CONFIRMED,6.715,00
6298,op-e86e09999fd9,CONFIRMED,6.723,00
6299,op-07c1ce743975,CONFIRMED,6.72,00
6300,op-4e5304c66339,CONFIRMED,6.715,00
6301,op-2a48b2b53f79,CONFIRMED,6.707,00
6302,op-fc69d6f99eba,CONFIRMED,6.687,00
6303,op-462bbb923174,CONFIRMED,6.699,00
6304,op-5840b9ec42eb,CONFIRMED,6.687,00
6305,op-fe40834347b9,CONFIRMED,6.701,00
6306,op-28334ea1232b,CONFIRMED,6.699,00
6307,op-902598a76c71,CONFIRMED,6.676,00
6308,op-cd80c618fe53,CONFIRMED,6.676,00
6309,op-b3f88344bf2f,CONFIRMED,6.669,00
6310,op-0584e9f35027,CONFIRMED,6.669,00
6311,op-a0aa4508ade2,CONFIRMED,6.668,00
6312,op-dcf216598fab,CONFIRMED,6.677,00
6313,op-667f136f0d49,CONFIRMED,6.679,00
6314,op-07680a538f30,CONFIRMED,6.659,00
6315,op-fd0d4f5ed81e,CONFIRMED,6.66,00
6316,op-008b6ae8e8df,CONFIRMED,6.645,00
6317,op-ca40a52addd4,CONFIRMED,6.649,00
6318,op-cbef59b6ae62,CONFIRMED,6.643,00
6319,op-822e8dc83fe7,CONFIRMED,6.654,00
6320,op-99c97827241c,CONFIRMED,6.639,00
6321,op-3d80c5e6b3e5,CONFIRMED,6.639,00
6322,op-a370e9390882,CONFIRMED,6.643,00
6323,op-dbf6bff4121e,CONFIRMED,6.655,00
6324,op-43483a630785,CONFIRMED,6.651,00
6325,op-c971f6b9c998,CONFIRMED,6.663,00
6326,op-d8e9ad822352,CONFIRMED,6.641,00
6327,op-ebb6e8be1493,CONFIRMED,6.619,00
6328,op-f09fe8571a50,CONFIRMED,6.6,00
6329,op-ff715a539de6,CONFIRMED,6.595,00
6330,op-bc27f9e9b20b,CONFIRMED,6.615,00
6331,op-90025e188125,CONFIRMED,6.612,00
6332,op-5c9b61742ab7,CONFIRMED,6.592,00
6333,op-5a647951d608,CONFIRMED,6.566,00
6334,op-623dca1121a6,CONFIRMED,6.562,00
6335,op-ac8f6429ce52,CONFIRMED,6.583,00
6336,op-68957bea860f,CONFIRMED,6.589,00
6337,op-53c12ac58030,CONFIRMED,6.567,00
6338,op-9feee104de77,CONFIRMED,6.567,00
6339,op-6dbeb1995dbe,CONFIRMED,6.569,00
6340,op-2e91029326a4,CONFIRMED,6.548,00
6341,op-b90ce6f20bc9,CONFIRMED,6.554,00
6342,op-2959d2336450,CONFIRMED,6.563,00
6343,op-877743913c76,CONFIRMED,6.562,00
6344,op-39bb0b3a887b,CONFIRMED,6.564,00
6345,op-915c6bee744f,CONFIRMED,6.556,00
6346,op-eaba78bb36e7,CONFIRMED,6.558,00
6347,op-ab074beb11e1,CONFIRMED,6.56,00
6348,op-345386f5a187,CONFIRMED,6.57,00
6349,op-7222c32b2ad1,CONFIRMED,6.569,00
6350,op-ec2ddd30c5dc,CONFIRMED,6.548,00
6351,op-5205d701c568,CONFIRMED,6.57,00
6352,op-849769dfe816,CONFIRMED,6.556,00
6353,op-289439b29f59,CONFIRMED,6.548,00
6354,op-bb5a888cdf09,CONFIRMED,6.542,00
6355,op-ceb0e2feed8e,CONFIRMED,6.532,00
6356,op-ea501879f99e,CONFIRMED,6.521,00
6357,op-46fab51b616a,CONFIRMED,6.53,00
6358,op-1e41fcee9a3b,CONFIRMED,6.522,00
6359,op-a233cffc4d89,CONFIRMED,6.499,00
6360,op-262248aebe26,CONFIRMED,6.483,00
6361,op-96a01182e9a8,CONFIRMED,6.491,00
6362,op-d24861c128dd,CONFIRMED,6.484,00
6363,op-9786d344d321,CONFIRMED,6.493,00
6364,op-637b5bff4bc2,CONFIRMED,6.476,00
6365,op-2564402eab2e,CONFIRMED,6.474,00
6366,op-261f37b66359,CONFIRMED,6.474,00
6367,op-f5fcb58ca892,CONFIRMED,6.453,00
6368,op-6b6aa1065a9f,CONFIRMED,6.445,00
6369,op-ac1d8bc3aa80,CONFIRMED,6.444,00
6370,op-67ac66c521dc,CONFIRMED,6.436,00
6371,op-d4a15002943e,CONFIRMED,6.435,00
6372,op-20e9ef8b9a84,CONFIRMED,6.451,00
6373,op-7d1aee28d059,CONFIRMED,6.43,00
6374,op-e12825213971,CONFIRMED,6.446,00
6375,op-df7c39f49b44,CONFIRMED,6.455,00
6376,op-e13921356a80,CONFIRMED,6.454,00
6377,op-ae5f0d8ec4a4,CONFIRMED,6.454,00
6378,op-9991791dc041,CONFIRMED,6.439,00
6379,op-1dd3ddc1fa4c,CONFIRMED,6.437,00
6380,op-7f3f287f50ef,CONFIRMED,6.436,00
6381,op-a83606a80a17,CONFIRMED,6.436,00
6382,op-3522759cacf4,CONFIRMED,6.451,00
6383,op-f7709bd07397,CONFIRMED,6.438,00
6384,op-f6e66a1744ab,CONFIRMED,6.446,00
6385,op-50c7e82b4210,CONFIRMED,6.431,00
6386,op-2b76cdbc8ebd,CONFIRMED,6.409,00
6387,op-667c41ffd56d,CONFIRMED,6.414,00
6388,op-fa5e942a3ddb,CONFIRMED,6.421,00
6389,op-f131270b0282,CONFIRMED,6.428,00
6390,op-73a29f5df9c6,CONFIRMED,6.437,00
6391,op-ad6555ee5245,CONFIRMED,6.418,00
6392,op-d03e5f16d4c5,CONFIRMED,6.396,00
6393,op-93cd774c62f5,CONFIRMED,6.386,00
6394,op-f195ecb2a0c2,CONFIRMED,6.381,00
6395,op-370f0267041c,CONFIRMED,6.375,00
6396,op-0c3778366f47,CONFIRMED,6.387,00
6397,op-d38248e71870,CONFIRMED,6.372,00
6398,op-7cd40642ddd3,CONFIRMED,6.386,00
6399,op-6ea99d588096,CONFIRMED,6.385,00
6400,op-1741085085e9,CONFIRMED,6.38,00
6401,op-8b4c33632929,CONFIRMED,6.357,00
6402,op-21d59c4d467f,CONFIRMED,6.349,00
6403,op-55753d12c3d5,CONFIRMED,6.335,00
6404,op-4b877dfb6a8a,CONFIRMED,6.335,00
6405,op-153f4c12213e,CONFIRMED,6.332,00
6406,op-ba2a911867dd,CONFIRMED,6.32,00
6407,op-203405514262,CONFIRMED,6.313,00
6408,op-ac57b78dcc70,CONFIRMED,6.317,00
6409,op-d2b28d682f98,CONFIRMED,6.315,00
6410,op-885bea2777f8,CONFIRMED,6.313,00
6411,op-a97f4b53c7ed,CONFIRMED,6.307,00
6412,op-5d583597af0c,CONFIRMED,6.32,00
6413,op-37b9942bd7e3,CONFIRMED,6.311,00
6414,op-fda706d2f513,CONFIRMED,6.307,00
6415,op-f7246a25de73,CONFIRMED,6.305,00
6416,op-bb511eabca3f,CONFIRMED,6.302,00
6417,op-af1bcb75c51c,CONFIRMED,6.308,00
6418,op-33d9349d4ff5,CONFIRMED,6.294,00
6419,op-075042f40c19,CONFIRMED,6.292,00
6420,op-b34718770409,CONFIRMED,6.29,00
6421,op-a1dd57a99e7f,CONFIRMED,6.268,00
6422,op-14c0bf35aea2,CONFIRMED,6.279,00
6423,op-7e3b031d3291,CONFIRMED,6.285,00
6424,op-d84c437e29ab,CONFIRMED,6.292,00
6425,op-6ec9ff43188f,CONFIRMED,6.299,00
6426,op-8b3d73c27889,CONFIRMED,6.288,00
6427,op-1591b5f74e19,CONFIRMED,6.29,00
6428,op-02bd415f8c0f,CONFIRMED,6.29,00
6429,op-774544836ee2,CONFIRMED,6.283,00
6430,op-430c9d921540,CONFIRMED,6.282,00
6431,op-aed2b7f7a0c6,CONFIRMED,6.282,00
6432,op-bf43896fc287,CONFIRMED,6.301,00
6433,op-08b87e90137e,CONFIRMED,6.3,00
6434,op-7a48b31036ce,CONFIRMED,6.298,00
6435,op-11d528b2f137,CONFIRMED,6.297,00
6436,op-c70c140bf5f2,CONFIRMED,6.315,00
6437,op-ac3835d8d3f5,CONFIRMED,6.322,00
6438,op-efc5b83c6ace,CONFIRMED,6.319,00
6439,op-46b908224ac1,CONFIRMED,6.317,00
6440,op-4073b37f9662,CONFIRMED,6.318,00
6441,op-bdb651c6312e,CONFIRMED,6.296,00
6442,op-616893e17e33,CONFIRMED,6.312,00
6443,op-38dd40e57ace,CONFIRMED,6.305,00
6444,op-4b55cc238a8f,CONFIRMED,6.295,00
6445,op-9cbe72c6c973,CONFIRMED,6.274,00
6446,op-7dcc194eaf05,CONFIRMED,6.275,00
6447,op-325cf985cf5e,CONFIRMED,6.256,00
6448,op-8ccb455bd316,CONFIRMED,6.257,00
6449,op-fccbdec7252d,CONFIRMED,6.238,00
6450,op-4ebbec544cf3,CONFIRMED,6.216,00
6451,op-789cfc7e4ac0,CONFIRMED,6.236,00
6452,op-a39441720008,CONFIRMED,6.246,00
6453,op-f42336442716,CONFIRMED,6.243,00
6454,op-78083903a1cc,CONFIRMED,6.243,00
6455,op-5c5c445c497b,CONFIRMED,6.242,00
6456,op-cc62d7e9c446,CONFIRMED,6.251,00
6457,op-fbdefbd443a0,CONFIRMED,6.26,00
6458,op-7cfe562aeffb,CONFIRMED,6.27,00
6459,op-1d3b6857e467,CONFIRMED,6.26,00
6460,op-c3fb831443b3,CONFIRMED,6.259,00
6461,op-75a31132f1fd,CONFIRMED,6.245,00
6462,op-256f82c12b4e,CONFIRMED,6.245,00
6463,op-cf7cc46ceb8b,CONFIRMED,6.246,00
6464,op-d86865d6085d,CONFIRMED,6.245,00
6465,op-79a7675650af,CONFIRMED,6.236,00
6466,op-32f821db80e2,CONFIRMED,6.226,00
6467,op-2b66180ccce4,CONFIRMED,6.232,00
6468,op-45355477fd0a,CONFIRMED,6.232,00
6469,op-70b8ad582940,CONFIRMED,6.218,00
6470,op-479c3f3ecddb,CONFIRMED,6.214,00
6471,op-ef524bbe5ed3,CONFIRMED,6.204,00
6472,op-6099e5f2bc9f,CONFIRMED,6.193,00
6473,op-a28c54ccf32f,CONFIRMED,6.191,00
6474,op-f04cac8447dd,CONFIRMED,6.184,00
6475,op-2081cdcf6e4a,CONFIRMED,6.183,00
6476,op-0ceb5638a7f0,CONFIRMED,6.183,00
6477,op-19673029927c,CONFIRMED,6.183,00
6478,op-cb6d89d75e1e,CONFIRMED,6.159,00
6479,op-177c7b86488c,CONFIRMED,6.158,00
6480,op-931843b7bdfa,CONFIRMED,6.141,00
6481,op-bafe896c73af,CONFIRMED,6.137,00
6482,op-0dfb8442da5d,CONFIRMED,6.122,00
6483,op-5c31ab4ac163,CONFIRMED,6.14,00
6484,op-3211c4ff1f1b,CONFIRMED,6.137,00
6485,op-be04e20936e7,CONFIRMED,6.135,00
6486,op-b79cd0e87faf,CONFIRMED,6.139,00
6487,op-15707a1d563d,CONFIRMED,6.146,00
6488,op-1a380ecc65c3,CONFIRMED,6.144,00
6489,op-199ffef6729e,CONFIRMED,6.143,00
6490,op-f133c6529422,CONFIRMED,6.142,00
6491,op-a5c7f17c47ed,CONFIRMED,6.166,00
6492,op-47f4ea698e0e,CONFIRMED,6.175,00
6493,op-ff2a73f7a748,CONFIRMED,6.176,00
6494,op-6c18d73d488b,CONFIRMED,6.175,00
6495,op-00182dd17d85,CONFIRMED,6.17,00
6496,op-b07ab60cd604,CONFIRMED,6.159,00
6497,op-682d58145b5e,CONFIRMED,6.158,00
6498,op-95fad51cea70,CONFIRMED,6.155,00
6499,op-89bb6970d3c2,CONFIRMED,6.14,00
6500,op-aafac3e641f1,CONFIRMED,7.197,00
6501,op-7c011328f22f,CONFIRMED,7.201,00
6502,op-29d3c68b9b02,CONFIRMED,7.199,00
6503,op-b5bdeac74e7c,CONFIRMED,7.196,00
6504,op-de28c874e26a,CONFIRMED,7.194,00
6505,op-706bbfa74e61,CONFIRMED,7.216,00
6506,op-960dba26c97f,CONFIRMED,7.2,00
6507,op-fd10fc8e8ed9,CONFIRMED,7.176,00
6508,op-a9ffcc34f110,CONFIRMED,7.177,00
6509,op-f4e8a2df472c,CONFIRMED,7.179,00
6510,op-77e3b2b3e26e,CONFIRMED,7.172,00
6511,op-490eeeb947c3,CONFIRMED,7.172,00
6512,op-b49340b93baa,CONFIRMED,7.153,00
6513,op-6627e82a1bdc,CONFIRMED,7.152,00
6514,op-09c6b709e35b,CONFIRMED,7.171,00
6515,op-eee35ebd631e,CONFIRMED,7.16,00
6516,op-fa158af2e54e,CONFIRMED,7.158,00
6517,op-8cc2494611f7,CONFIRMED,7.155,00
6518,op-956039a627b4,CONFIRMED,7.153,00
6519,op-31ead091924f,CONFIRMED,7.152,00
6520,op-a23f7eb5ad32,CONFIRMED,7.139,00
6521,op-df6575232204,CONFIRMED,7.147,00
6522,op-b86b3bfff5f2,CONFIRMED,7.146,00
6523,op-9ea38325bd39,CONFIRMED,7.122,00
6524,op-184a57f58825,CONFIRMED,7.127,00
6525,op-03ac45bdf351,CONFIRMED,7.123,00
6526,op-e46240f1aba0,CONFIRMED,7.144,00
6527,op-7c672ecb0bad,CONFIRMED,7.144,00
6528,op-b3cbde58c91c,CONFIRMED,7.145,00
6529,op-85b131520047,CONFIRMED,7.15,00
6530,op-614b51d191bb,CONFIRMED,7.159,00
6531,op-29a70878a514,CONFIRMED,7.154,00
6532,op-5ecd80743ca5,CONFIRMED,7.151,00
6533,op-3c7ec06986c1,CONFIRMED,7.133,00
6534,op-bea606d7919c,CONFIRMED,7.131,00
6535,op-402a99ab6e9e,CONFIRMED,7.131,00
6536,op-4e873ceec9b0,CONFIRMED,7.138,00
6537,op-0183ef763ca6,CONFIRMED,7.142,00
6538,op-6984639ddf52,CONFIRMED,7.15,00
6539,op-7e340b676a9e,CONFIRMED,7.158,00
6540,op-8672573e67b9,CONFIRMED,7.144,00
6541,op-a41368d6d9a2,CONFIRMED,7.141,00
6542,op-f3167d3150df,CONFIRMED,7.154,00
6543,op-4774be0024a6,CONFIRMED,7.163,00
6544,op-eebd6f94b01b,CONFIRMED,7.171,00
6545,op-e7ad6d3d83e7,CONFIRMED,7.168,00
6546,op-5dc38d16eac7,CONFIRMED,7.186,00
6547,op-8e20416a50db,CONFIRMED,7.185,00
6548,op-08bfcc2158fa,CONFIRMED,7.187,00
6549,op-3d9b5ad5e95a,CONFIRMED,7.194,00
6550,op-29b2883e7f61,CONFIRMED,7.203,00
6551,op-0336991b0edf,CONFIRMED,7.205,00
6552,op-489baa1bf03e,CONFIRMED,7.203,00
6553,op-2b71b34539ed,CONFIRMED,7.209,00
6554,op-4be60f7056a5,CONFIRMED,7.192,00
6555,op-e939d0a0f156,CONFIRMED,7.207,00
6556,op-0deeec17ae99,CONFIRMED,7.203,00
6557,op-e35cc0caa6eb,CONFIRMED,7.179,00
6558,op-03a135e1fc76,CONFIRMED,7.176,00
6559,op-93a3a8ce7aef,CONFIRMED,7.174,00
6560,op-7a42974dd39a,CONFIRMED,7.172,00
6561,op-83ed3d1b6cb4,CONFIRMED,7.151,00
6562,op-8ea7ed12892e,CONFIRMED,7.163,00
6563,op-8933f4375732,CONFIRMED,7.151,00
6564,op-75de8ac6f560,CONFIRMED,7.13,00
6565,op-ba7515187318,CONFIRMED,7.127,00
6566,op-fb314f5aec44,CONFIRMED,7.126,00
6567,op-bf229e15c1a2,CONFIRMED,7.126,00
6568,op-cc8e3198f7a1,CONFIRMED,7.113,00
6569,op-12004d63bfac,CONFIRMED,7.133,00
6570,op-0b15cb657b7e,CONFIRMED,7.132,00
6571,op-de58e4d5ca4c,CONFIRMED,7.144,00
6572,op-231b9b165c87,CONFIRMED,7.142,00
6573,op-4c9ddaf6ea3b,CONFIRMED,7.132,00
6574,op-baabf451ee83,CONFIRMED,7.13,00
6575,op-60003062c702,CONFIRMED,7.128,00
6576,op-815ffaa11cf0,CONFIRMED,7.127,00
6577,op-eeb17dca1dbd,CONFIRMED,7.125,00
6578,op-48b9b447154e,CONFIRMED,7.12,00
6579,op-459b66206cd4,CONFIRMED,7.124,00
6580,op-3d475f6945c3,CONFIRMED,7.114,00
6581,op-08ae8f1afac3,CONFIRMED,7.111,00
6582,op-e422176403ed,CONFIRMED,7.129,00
6583,op-9d1f794d1f8d,CONFIRMED,7.104,00
6584,op-e01e4da1af54,CONFIRMED,7.123,00
6585,op-0541393405c9,CONFIRMED,7.108,00
6586,op-5c3f58174a8a,CONFIRMED,7.107,00
6587,op-17ecfd3a36d9,CONFIRMED,7.098,00
6588,op-e9fba69c6663,CONFIRMED,7.097,00
6589,op-b5e4c5fb3c37,CONFIRMED,7.095,00
6590,op-80ff0970bb4a,CONFIRMED,7.078,00
6591,op-78c79bb9cb02,CONFIRMED,7.077,00
6592,op-36b25b4a1607,CONFIRMED,7.073,00
6593,op-f35870391ef2,CONFIRMED,7.075,00
6594,op-41bdffcfb9d3,CONFIRMED,7.074,00
6595,op-43ed50236e2b,CONFIRMED,7.079,00
6596,op-1f34c0e8ebeb,CONFIRMED,7.077,00
6597,op-ad997119b550,CONFIRMED,7.055,00
6598,op-328d2976c802,CONFIRMED,7.077,00
6599,op-7adc5704874c,CONFIRMED,7.068,00
6600,op-2022aee5d9fe,CONFIRMED,7.064,00
6601,op-0dae1212fd58,CONFIRMED,7.059,00
6602,op-7c7b994a6601,CONFIRMED,7.048,00
6603,op-e532700ef609,CONFIRMED,7.046,00
6604,op-fe050f053b5d,CONFIRMED,7.034,00
6605,op-c5a3f01f07ea,CONFIRMED,7.051,00
6606,op-c19a6e3260fb,CONFIRMED,7.049,00
6607,op-a52208342c64,CONFIRMED,7.041,00
6608,op-14daf6d0e482,CONFIRMED,7.02,00
6609,op-d9a2477fd09f,CONFIRMED,6.999,00
6610,op-1a771d919f4b,CONFIRMED,7.009,00
6611,op-c4adbb161afe,CONFIRMED,6.987,00
6612,op-9e21240af177,CONFIRMED,6.983,00
6613,op-b3fb848e1ba2,CONFIRMED,6.999,00
6614,op-f0510d0e06e5,CONFIRMED,7.01,00
6615,op-3225673768cd,CONFIRMED,6.987,00
6616,op-a41adf06557e,CONFIRMED,6.995,00
6617,op-34bed018dd96,CONFIRMED,6.995,00
6618,op-a063ae69d50d,CONFIRMED,6.995,00
6619,op-cd4b990254d0,CONFIRMED,6.985,00
6620,op-a4761afbfc73,CONFIRMED,7.001,00
6621,op-87e928118884,CONFIRMED,7.001,00
6622,op-262523b71afc,CONFIRMED,6.971,00
6623,op-2b3d253ff5de,CONFIRMED,6.932,00
6624,op-6be52959b41f,CONFIRMED,6.919,00
6625,op-6ba4bedd284f,CONFIRMED,6.896,00
6626,op-4ab2ed24d4ac,CONFIRMED,6.889,00
6627,op-6f7b15c97d06,CONFIRMED,6.927,00
6628,op-d2fc425a8a02,CONFIRMED,6.931,00
6629,op-9e3847531c2b,CONFIRMED,6.942,00
6630,op-1c6d94af317d,CONFIRMED,6.948,00
6631,op-e59ac1b24dd9,CONFIRMED,6.95,00
6632,op-cb500540a85f,CONFIRMED,6.951,00
6633,op-d914da762465,CONFIRMED,6.948,00
6634,op-7859da0d3fda,CONFIRMED,6.949,00
6635,op-e64283353a10,CONFIRMED,6.963,00
6636,op-82e5ecf4fcdb,CONFIRMED,6.963,00
6637,op-5ddb8818c091,CONFIRMED,6.95,00
6638,op-94d09dbf9581,CONFIRMED,6.949,00
6639,op-48bd74e56e64,CONFIRMED,6.956,00
6640,op-ee226fa6ccdf,CONFIRMED,6.958,00
6641,op-3733d451316a,CONFIRMED,6.97,00
6642,op-0eb1b7dd2a44,CONFIRMED,6.971,00
6643,op-58ce500ca95a,CONFIRMED,6.962,00
6644,op-c6b51e1a32ce,CONFIRMED,6.94,00
6645,op-46c6cd446c07,CONFIRMED,6.934,00
6646,op-6bf90c9149a8,CONFIRMED,6.957,00
6647,op-27a03deefa06,CONFIRMED,6.959,00
6648,op-096b1d8327df,CONFIRMED,6.981,00
6649,op-df5231f98c09,CONFIRMED,7.006,00
6650,op-26a6d497cda8,CONFIRMED,7.043,00
6651,op-5226088693a9,CONFIRMED,7.068,00
6652,op-05a02a0aebb8,CONFIRMED,7.097,00
6653,op-555d1ca1ea46,CONFIRMED,7.102,00
6654,op-cd2d8545d361,CONFIRMED,7.11,00
6655,op-fad01acde3e3,CONFIRMED,7.109,00
6656,op-d0aeee156bd2,CONFIRMED,7.126,00
6657,op-5e050177aa9e,CONFIRMED,7.146,00
6658,op-7a934359aa54,CONFIRMED,7.173,00
6659,op-065f80491da0,CONFIRMED,7.175,00
6660,op-8fc4796b3b33,CONFIRMED,7.198,00
6661,op-2a84c4753604,CONFIRMED,7.18,00
6662,op-e2f2b2c25864,CONFIRMED,7.173,00
6663,op-08d5b3f83902,CONFIRMED,7.188,00
6664,op-bc0b418b70f8,CONFIRMED,7.197,00
6665,op-b0f905c5c7cd,CONFIRMED,7.195,00
6666,op-253483bc477b,CONFIRMED,7.218,00
6667,op-7e93949df759,CONFIRMED,7.219,00
6668,op-1df1fb982c74,CONFIRMED,7.221,00
6669,op-4f854a9814a5,CONFIRMED,7.222,00
6670,op-4f7f366e735b,CONFIRMED,7.203,00
6671,op-09d1ca8f18e6,CONFIRMED,7.202,00
6672,op-9aa633da2a6a,CONFIRMED,7.203,00
6673,op-e78bcad74aa6,CONFIRMED,7.221,00
6674,op-016209777f81,CONFIRMED,7.228,00
6675,op-b62b09c46d5e,CONFIRMED,7.227,00
6676,op-b467f238291b,CONFIRMED,7.228,00
6677,op-ee27f7ca0273,CONFIRMED,7.228,00
6678,op-1fea6d182cca,CONFIRMED,7.229,00
6679,op-98d463eeffbb,CONFIRMED,7.218,00
6680,op-a3020e6f9762,CONFIRMED,7.219,00
6681,op-e6b329f77ab0,CONFIRMED,7.206,00
6682,op-a9649c68cc03,CONFIRMED,7.181,00
6683,op-79397a6a4b51,CONFIRMED,7.184,00
6684,op-a44216090b8a,CONFIRMED,7.169,00
6685,op-31486e158a2d,CONFIRMED,7.186,00
6686,op-ea58fcf96023,CONFIRMED,7.188,00
6687,op-0985901ea173,CONFIRMED,7.188,00
6688,op-d8f6ca867730,CONFIRMED,7.167,00
6689,op-3372c98875ad,CONFIRMED,7.164,00
6690,op-2409ad1dbf6d,CONFIRMED,7.186,00
6691,op-c1fb845b2163,CONFIRMED,7.188,00
6692,op-38b7034edaaa,CONFIRMED,7.203,00
6693,op-b3fbae16293a,CONFIRMED,7.204,00
6694,op-d1df625631cc,CONFIRMED,7.203,00
6695,op-aec75ccecd91,CONFIRMED,7.203,00
6696,op-cae8438899ab,CONFIRMED,7.217,00
6697,op-d59e8798cd63,CONFIRMED,7.227,00
6698,op-0543b51ed1a3,CONFIRMED,7.232,00
6699,op-e7be713f91d2,CONFIRMED,7.259,00
6700,op-2dfd0aa62098,CONFIRMED,7.258,00
6701,op-23053dd0adf9,CONFIRMED,7.292,00
6702,op-f9202fbabb86,CONFIRMED,7.296,00
6703,op-37db514e94d3,CONFIRMED,7.296,00
6704,op-b5cb4327c886,CONFIRMED,7.293,00
6705,op-9bb07ca901e7,CONFIRMED,7.301,00
6706,op-fda2970b442d,CONFIRMED,7.245,00
6707,op-463f44621a81,CONFIRMED,7.243,00
6708,op-c3fab44f077d,CONFIRMED,7.246,00
6709,op-3e09460563a5,CONFIRMED,7.234,00
6710,op-a422551b20e2,CONFIRMED,7.233,00
6711,op-3ddf97b2e5fa,CONFIRMED,7.232,00
6712,op-8377da990d08,CONFIRMED,7.232,00
6713,op-fdd81dd8819e,CONFIRMED,7.231,00
6714,op-99ed7e486a64,CONFIRMED,7.229,00
6715,op-9714def2bbc4,CONFIRMED,7.228,00
6716,op-1560029d0ab5,CONFIRMED,7.227,00
6717,op-3f79c4ad7b82,CONFIRMED,7.23,00
6718,op-bccfcd9889fd,CONFIRMED,7.228,00
6719,op-8fed37fbae03,CONFIRMED,7.236,00
6720,op-4fbeb639b107,CONFIRMED,7.236,00
6721,op-62b98c98da97,CONFIRMED,7.233,00
6722,op-b25f216d5a3c,CONFIRMED,7.238,00
6723,op-1b9fe5f889eb,CONFIRMED,7.243,00
6724,op-89fce52c9080,CONFIRMED,7.239,00
6725,op-194f9768c6ec,CONFIRMED,7.239,00
6726,op-7c76d299a4c1,CONFIRMED,7.239,00
6727,op-e51fd3a79919,CONFIRMED,7.26,00
6728,op-675644577980,CONFIRMED,7.26,00
6729,op-7e01e2dffd29,CONFIRMED,7.457,00
6730,op-680bfb5a9478,CONFIRMED,7.458,00
6731,op-2c19ae5d7f41,CONFIRMED,7.476,00
6732,op-781544e06be1,CONFIRMED,7.477,00
6733,op-dec704fcf466,CONFIRMED,7.477,00
6734,op-c803e2e8e57b,CONFIRMED,7.479,00
6735,op-c62044109a4c,CONFIRMED,7.481,00
6736,op-ff3ab6a9be28,CONFIRMED,7.482,00
6737,op-7c4d59c3473d,CONFIRMED,7.467,00
6738,op-0f525dff7149,CONFIRMED,7.466,00
6739,op-029de0e0b1e8,CONFIRMED,7.465,00
6740,op-fa565f5fe3cb,CONFIRMED,7.464,00
6741,op-b444562d18db,CONFIRMED,7.465,00
6742,op-a12477328be4,CONFIRMED,7.47,00
6743,op-9fb730520668,CONFIRMED,7.466,00
6744,op-27766c11da72,CONFIRMED,7.463,00
6745,op-fc0784eb0b08,CONFIRMED,7.467,00
6746,op-56e3354a6498,CONFIRMED,7.467,00
6747,op-7dd30e5527ed,CONFIRMED,7.473,00
6748,op-85fb46b6c02b,CONFIRMED,7.459,00
6749,op-cff11ce77151,CONFIRMED,7.443,00
6750,op-a08bbc4b252d,CONFIRMED,7.438,00
6751,op-8d6bee8933ce,CONFIRMED,7.417,00
6752,op-45aad17a103f,CONFIRMED,7.411,00
6753,op-421967455b5e,CONFIRMED,7.388,00
6754,op-a4e6ed3b627c,CONFIRMED,7.379,00
6755,op-d49731292e6e,CONFIRMED,7.376,00
6756,op-4e71007f9460,CONFIRMED,7.371,00
6757,op-0f75c841149d,CONFIRMED,7.37,00
6758,op-e68a05d7fcfd,CONFIRMED,7.379,00
6759,op-dc9ef0fa5e2c,CONFIRMED,7.377,00
6760,op-c4b46507787a,CONFIRMED,7.373,00
6761,op-988e6c5e1ef1,CONFIRMED,7.361,00
6762,op-eda261b2a9a2,CONFIRMED,7.355,00
6763,op-c943cbeb02e9,CONFIRMED,7.348,00
6764,op-1c0f9fd6bd5e,CONFIRMED,7.33,00
6765,op-50896a963745,CONFIRMED,7.316,00
6766,op-44d16cd02b18,CONFIRMED,7.331,00
6767,op-61707ddc0667,CONFIRMED,7.311,00
6768,op-6c34d4f9af80,CONFIRMED,7.322,00
6769,op-2208589268bd,CONFIRMED,7.315,00
6770,op-693caa87faca,CONFIRMED,7.321,00
6771,op-f00be136edaa,CONFIRMED,7.329,00
6772,op-d36a0e20bd0c,CONFIRMED,7.337,00
6773,op-13a49e95ca62,CONFIRMED,7.354,00
6774,op-a121df300968,CONFIRMED,7.354,00
6775,op-c4ba13e01a31,CONFIRMED,7.352,00
6776,op-4367c757f995,CONFIRMED,7.358,00
6777,op-4af84e3f2452,CONFIRMED,7.341,00
6778,op-6d92a52ea0cf,CONFIRMED,7.366,00
6779,op-e20b36220b6c,CONFIRMED,7.365,00
6780,op-537342a57f1d,CONFIRMED,7.366,00
6781,op-72800e8ced43,CONFIRMED,7.361,00
6782,op-f80bc8fb3c92,CONFIRMED,7.379,00
6783,op-5c2c25abd56e,CONFIRMED,7.392,00
6784,op-abd545765206,CONFIRMED,7.389,00
6785,op-801103fd7634,CONFIRMED,7.387,00
6786,op-6211011e40c9,CONFIRMED,7.381,00
6787,op-cb455b738475,CONFIRMED,7.384,00
6788,op-f1f9af800b7b,CONFIRMED,7.406,00
6789,op-9163e271f2e9,CONFIRMED,7.41,00
6790,op-6c9fc3bdf540,CONFIRMED,7.411,00
6791,op-5ec922b5064a,CONFIRMED,7.421,00
6792,op-56b09280974f,CONFIRMED,7.428,00
6793,op-e2eb422099e5,CONFIRMED,7.418,00
6794,op-571630d7ef40,CONFIRMED,7.406,00
6795,op-5f4d467a1f93,CONFIRMED,7.39,00
6796,op-c4c309a29410,CONFIRMED,7.391,00
6797,op-270292ddf599,CONFIRMED,7.423,00
6798,op-45832c42195e,CONFIRMED,7.418,00
6799,op-79be8ce41dcd,CONFIRMED,7.421,00
6800,op-210eff28be1e,CONFIRMED,7.4,00
6801,op-92d1d36d666c,CONFIRMED,7.389,00
6802,op-8d0a8a9e44b3,CONFIRMED,7.381,00
6803,op-738e117b6128,CONFIRMED,7.388,00
6804,op-3586562211cf,CONFIRMED,7.386,00
6805,op-3da591396cc0,CONFIRMED,7.368,00
6806,op-27e7bbea997e,CONFIRMED,7.363,00
6807,op-c6ecb6620742,CONFIRMED,7.377,00
6808,op-ac060752f7f6,CONFIRMED,7.376,00
6809,op-336ce3a6a653,CONFIRMED,7.378,00
6810,op-ba5c9329cd71,CONFIRMED,7.378,00
6811,op-d5febf3283b3,CONFIRMED,7.38,00
6812,op-09b2517b9579,CONFIRMED,7.376,00
6813,op-81faefab87c8,CONFIRMED,7.397,00
6814,op-9a2914527495,CONFIRMED,7.381,00
6815,op-437327ca133d,CONFIRMED,7.389,00
6816,op-96788bbf7362,CONFIRMED,7.391,00
6817,op-64d80c2c3af8,CONFIRMED,7.391,00
6818,op-582592782538,CONFIRMED,7.377,00
6819,op-382226819973,CONFIRMED,7.375,00
6820,op-2a5d42b9438b,CONFIRMED,7.372,00
6821,op-03cccf09663d,CONFIRMED,7.371,00
6822,op-44fb4f55ebb7,CONFIRMED,7.354,00
6823,op-cad665093af2,CONFIRMED,7.333,00
6824,op-10874cc8f21b,CONFIRMED,7.336,00
6825,op-4f7d3956dc71,CONFIRMED,7.35,00
6826,op-a8844e98f33c,CONFIRMED,7.369,00
6827,op-03daf88b1c69,CONFIRMED,7.353,00
6828,op-af858e25e412,CONFIRMED,7.352,00
6829,op-1c93bcd60c64,CONFIRMED,7.337,00
6830,op-24ad98a7d986,CONFIRMED,7.31,00
6831,op-7d093cac4502,CONFIRMED,7.307,00
6832,op-08ec9dd82aca,CONFIRMED,7.282,00
6833,op-7867b392f753,CONFIRMED,7.279,00
6834,op-022dd5853f96,CONFIRMED,7.278,00
6835,op-0ae120968cee,CONFIRMED,7.254,00
6836,op-13ae08087948,CONFIRMED,7.253,00
6837,op-bf8749aa8dcf,CONFIRMED,7.259,00
6838,op-75fe05b43417,CONFIRMED,7.238,00
6839,op-f14101fd9987,CONFIRMED,7.236,00
6840,op-274a17dce2d4,CONFIRMED,7.242,00
6841,op-a97051766f8c,CONFIRMED,7.226,00
6842,op-ecc0e7e55580,CONFIRMED,7.224,00
6843,op-58e5511cfcc2,CONFIRMED,7.222,00
6844,op-4449de8f1060,CONFIRMED,7.225,00
6845,op-e29e0edee683,CONFIRMED,7.235,00
6846,op-536124bb1125,CONFIRMED,7.241,00
6847,op-4a64ecea78e4,CONFIRMED,7.24,00
6848,op-ff6f2787f893,CONFIRMED,7.236,00
6849,op-94a890988425,CONFIRMED,7.229,00
6850,op-861d8ad2f8e5,CONFIRMED,7.248,00
6851,op-eae8c9a92a11,CONFIRMED,7.238,00
6852,op-af847e8d4c8c,CONFIRMED,7.249,00
6853,op-655b8ed73a8e,CONFIRMED,7.258,00
6854,op-0a17a89aa926,CONFIRMED,7.24,00
6855,op-55b372fa7722,CONFIRMED,7.24,00
6856,op-b5b21c70e2b0,CONFIRMED,7.223,00
6857,op-116592dc12f0,CONFIRMED,7.234,00
6858,op-b7e5329cc33c,CONFIRMED,7.231,00
6859,op-cefd173ead50,CONFIRMED,7.231,00
6860,op-9da208b095c9,CONFIRMED,7.23,00
6861,op-0ece3c20792c,CONFIRMED,7.228,00
6862,op-1202a1097106,CONFIRMED,7.213,00
6863,op-383e3dad2be8,CONFIRMED,7.21,00
6864,op-0be7c50f0e56,CONFIRMED,7.202,00
6865,op-f46cde51f25a,CONFIRMED,7.207,00
6866,op-8b2dbf6333b5,CONFIRMED,7.203,00
6867,op-d73cfceb23b9,CONFIRMED,7.217,00
6868,op-56e7346be9bf,CONFIRMED,7.212,00
6869,op-c62a61e93279,CONFIRMED,7.209,00
6870,op-382e528be9e2,CONFIRMED,7.208,00
6871,op-9e65917fe8a6,CONFIRMED,7.203,00
6872,op-51b69f3ed3ac,CONFIRMED,7.201,00
6873,op-5fea6d7ac5ba,CONFIRMED,7.199,00
6874,op-5067f188d51d,CONFIRMED,7.197,00
6875,op-15e13a0b4d37,CONFIRMED,7.201,00
6876,op-dbc5f2ea73c8,CONFIRMED,7.18,00
6877,op-e028a574d66c,CONFIRMED,7.183,00
6878,op-a831fce28638,CONFIRMED,7.201,00
6879,op-39ba02c55149,CONFIRMED,7.207,00
6880,op-a030b5602122,CONFIRMED,7.209,00
6881,op-1adfb94bfa4a,CONFIRMED,7.194,00
6882,op-b83871b53d58,CONFIRMED,7.211,00
6883,op-39a1c30270a0,CONFIRMED,7.208,00
6884,op-97a8ccc5fb6f,CONFIRMED,7.204,00
6885,op-3df621bc71f1,CONFIRMED,7.205,00
6886,op-ce5bfb687791,CONFIRMED,7.18,00
6887,op-a616f4747ec8,CONFIRMED,7.156,00
6888,op-39948e6b4e8a,CONFIRMED,7.153,00
6889,op-737aaa1852f2,CONFIRMED,7.149,00
6890,op-f0a63da221fd,CONFIRMED,7.145,00
6891,op-ce285d15f498,CONFIRMED,7.158,00
6892,op-d5f307a0f01a,CONFIRMED,7.142,00
6893,op-c97dfa4fe3bf,CONFIRMED,7.137,00
6894,op-e9a6bda04eef,CONFIRMED,7.13,00
6895,op-b63c34cadb1b,CONFIRMED,7.126,00
6896,op-03164f12d7bf,CONFIRMED,7.146,00
6897,op-28faba7a42f2,CONFIRMED,7.144,00
6898,op-e4866f4bea26,CONFIRMED,7.159,00
6899,op-0f11674fe1e4,CONFIRMED,7.156,00
6900,op-2982dfb9fa23,CONFIRMED,7.153,00
6901,op-51f350b81448,CONFIRMED,7.15,00
6902,op-c43fb08b8bd3,CONFIRMED,7.168,00
6903,op-20d6b49194f2,CONFIRMED,7.151,00
6904,op-8bd2577fd164,CONFIRMED,7.136,00
6905,op-e9e8f2d79211,CONFIRMED,7.139,00
6906,op-6b49aa861854,CONFIRMED,7.133,00
6907,op-bd780d5e3fad,CONFIRMED,7.148,00
6908,op-c1c6a3f4e1d8,CONFIRMED,7.143,00
6909,op-44ee9fe8400c,CONFIRMED,7.139,00
6910,op-2bb7d33738e0,CONFIRMED,7.137,00
6911,op-ac5f11638536,CONFIRMED,7.155,00
6912,op-fdffc4e7ab77,CONFIRMED,7.133,00
6913,op-c9444992f89c,CONFIRMED,7.14,00
6914,op-010037b8976c,CONFIRMED,7.126,00
6915,op-ea814b8ec67c,CONFIRMED,7.135,00
6916,op-cb81c73589dc,CONFIRMED,7.136,00
6917,op-219af1b03c49,CONFIRMED,7.146,00
6918,op-79648cf8c606,CONFIRMED,7.154,00
6919,op-5576c4ad17c7,CONFIRMED,7.162,00
6920,op-5470c21600c2,CONFIRMED,7.164,00
6921,op-52b68769d709,CONFIRMED,7.174,00
6922,op-2e0d3872770c,CONFIRMED,7.188,00
6923,op-69938fb37540,CONFIRMED,7.165,00
6924,op-c4efa2f1b09b,CONFIRMED,7.16,00
6925,op-016a91e2fb38,CONFIRMED,7.159,00
6926,op-eb87ae57f7da,CONFIRMED,7.151,00
6927,op-d525eed8b51f,CONFIRMED,7.169,00
6928,op-bffd327b5f63,CONFIRMED,7.19,00
6929,op-a088c4bff4b6,CONFIRMED,7.192,00
6930,op-390d87dade56,CONFIRMED,7.177,00
6931,op-4d852d3e104d,CONFIRMED,7.177,00
6932,op-c663f005cc2c,CONFIRMED,7.204,00
6933,op-fb7f02a3c7d6,CONFIRMED,7.191,00
6934,op-12262ec06769,CONFIRMED,7.189,00
6935,op-ca5907059bba,CONFIRMED,7.183,00
6936,op-a66bbf79d929,CONFIRMED,7.182,00
6937,op-54b0fa694418,CONFIRMED,7.192,00
6938,op-b50c4f657d18,CONFIRMED,7.19,00
6939,op-fd2c8fa7d339,CONFIRMED,7.189,00
6940,op-088710ef6149,CONFIRMED,7.206,00
6941,op-1f734f835735,CONFIRMED,7.185,00
6942,op-cca6ccdeecf6,CONFIRMED,7.184,00
6943,op-f41cca9288ac,CONFIRMED,7.205,00
6944,op-b71e3d96bc47,CONFIRMED,7.206,00
6945,op-005efc93dc6b,CONFIRMED,7.197,00
6946,op-494ae11558b4,CONFIRMED,7.174,00
6947,op-3d370d8e8513,CONFIRMED,7.172,00
6948,op-e6d0e05273b5,CONFIRMED,7.167,00
6949,op-e63717824eb1,CONFIRMED,7.174,00
6950,op-deb8fb2b0ac5,CONFIRMED,7.171,00
6951,op-4be4d50f218c,CONFIRMED,7.176,00
6952,op-57031daf7603,CONFIRMED,7.17,00
6953,op-7bd0798c8f54,CONFIRMED,7.17,00
6954,op-6d617ce9b26b,CONFIRMED,7.16,00
6955,op-9e3e18805617,CONFIRMED,7.158,00
6956,op-b545500411c9,CONFIRMED,7.172,00
6957,op-2e54210f31ff,CONFIRMED,7.174,00
6958,op-719070d9f404,CONFIRMED,7.175,00
6959,op-7ab4f4ebad9a,CONFIRMED,7.191,00
6960,op-c81df27250b8,CONFIRMED,7.169,00
6961,op-30411369a4d2,CONFIRMED,7.161,00
6962,op-e679ac028f01,CONFIRMED,7.161,00
6963,op-d37c65e2cab6,CONFIRMED,7.163,00
6964,op-07cb3930e6d2,CONFIRMED,7.146,00
6965,op-766efe0a21e3,CONFIRMED,7.15,00
6966,op-8e4e02dceb4b,CONFIRMED,7.153,00
6967,op-10def84f695c,CONFIRMED,7.153,00
6968,op-4577ecfcbe12,CONFIRMED,7.14,00
6969,op-d3dc094becc7,CONFIRMED,7.145,00
6970,op-798b2c5f2494,CONFIRMED,7.154,00
6971,op-fed09b13f994,CONFIRMED,7.164,00
6972,op-97275bfde79e,CONFIRMED,7.167,00
6973,op-22cf7a610042,CONFIRMED,7.163,00
6974,op-de659837161a,CONFIRMED,7.16,00
6975,op-b78ba22dce2b,CONFIRMED,7.167,00
6976,op-8cd80a97690a,CONFIRMED,7.183,00
6977,op-c6d2fff15880,CONFIRMED,7.175,00
6978,op-97c07a5f1205,CONFIRMED,7.175,00
6979,op-f6a095712869,CONFIRMED,7.18,00
6980,op-f135d6e2ffb7,CONFIRMED,7.168,00
6981,op-fb4936b4c050,CONFIRMED,7.174,00
6982,op-117e71ca6b99,CONFIRMED,7.18,00
6983,op-3388ab506ba9,CONFIRMED,7.2,00
6984,op-66cbc25f706b,CONFIRMED,7.204,00
6985,op-4fb34fece796,CONFIRMED,7.212,00
6986,op-8630b9ad27fa,CONFIRMED,7.213,00
6987,op-1983c515bf6d,CONFIRMED,7.212,00
6988,op-74d93a994cf0,CONFIRMED,7.214,00
6989,op-e3db180df411,CONFIRMED,7.2,00
6990,op-f9eb26a1fb60,CONFIRMED,7.201,00
6991,op-3e766ce45cd2,CONFIRMED,7.219,00
6992,op-f83b8a19a2a7,CONFIRMED,7.203,00
6993,op-9fb41dff09a5,CONFIRMED,7.205,00
6994,op-02ad7b8a518a,CONFIRMED,7.194,00
6995,op-763e65c760ab,CONFIRMED,7.196,00
6996,op-a818f66455b5,CONFIRMED,7.197,00
6997,op-19951f8a2c69,CONFIRMED,7.174,00
6998,op-b8858bddad45,CONFIRMED,7.152,00
6999,op-b1752a8d671d,CONFIRMED,7.155,00
7000,op-f673c6f20851,CONFIRMED,6.914,00
7001,op-728db6b9ff60,CONFIRMED,6.901,00
7002,op-e1c9dfdbb27a,CONFIRMED,6.899,00
7003,op-fb587605ebd1,CONFIRMED,6.897,00
7004,op-be86c7a38a0a,CONFIRMED,6.893,00
7005,op-1aae4b6f5fb6,CONFIRMED,6.892,00
7006,op-4da8427e3d1c,CONFIRMED,6.89,00
7007,op-87688cf29214,CONFIRMED,6.883,00
7008,op-d128418b9ab0,CONFIRMED,6.88,00
7009,op-eb23a233e0f4,CONFIRMED,6.879,00
7010,op-7323f9d073ee,CONFIRMED,6.879,00
7011,op-7a9003dcef69,CONFIRMED,6.873,00
7012,op-844e88b2de03,CONFIRMED,6.871,00
7013,op-4317be26871d,CONFIRMED,6.864,00
7014,op-bb3ca8341cf7,CONFIRMED,6.848,00
7015,op-3b7bf0e77100,CONFIRMED,6.848,00
7016,op-780ef529d291,CONFIRMED,6.861,00
7017,op-37b9c405360f,CONFIRMED,6.86,00
7018,op-45867c4db813,CONFIRMED,6.871,00
7019,op-cd18e79e9f6c,CONFIRMED,6.871,00
7020,op-e2f4b7af74fb,CONFIRMED,6.869,00
7021,op-10a50ecb8130,CONFIRMED,6.868,00
7022,op-b21b639ce910,CONFIRMED,6.871,00
7023,op-46c7d1ccc5f1,CONFIRMED,6.873,00
7024,op-12a2850f9255,CONFIRMED,6.874,00
7025,op-321098cc2296,CONFIRMED,6.895,00
7026,op-d5f781b788ab,CONFIRMED,6.885,00
7027,op-46bb43c92c09,CONFIRMED,6.878,00
7028,op-c2873456b030,CONFIRMED,6.858,00
7029,op-71811809ca66,CONFIRMED,6.835,00
7030,op-b6b94cd1d67f,CONFIRMED,6.854,00
7031,op-7910a7157bcd,CONFIRMED,6.852,00
7032,op-c7f4301790af,CONFIRMED,6.868,00
7033,op-74ac09b3b658,CONFIRMED,6.875,00
7034,op-706ce782445f,CONFIRMED,6.872,00
7035,op-007612768ee7,CONFIRMED,6.871,00
7036,op-859f41d87d09,CONFIRMED,6.88,00
7037,op-ecb991d708c1,CONFIRMED,6.881,00
7038,op-97459c1df059,CONFIRMED,6.881,00
7039,op-fa42ace05f88,CONFIRMED,6.879,00
7040,op-486a7c041e6a,CONFIRMED,6.878,00
7041,op-afaa5517672b,CONFIRMED,6.862,00
7042,op-e81005ff4c94,CONFIRMED,6.852,00
7043,op-0bdc144fc62c,CONFIRMED,6.838,00
7044,op-66d27eedd00c,CONFIRMED,6.823,00
7045,op-bb74c6ccf020,CONFIRMED,6.806,00
7046,op-60bcc399fd36,CONFIRMED,6.81,00
7047,op-da96377e06ff,CONFIRMED,6.793,00
7048,op-ff575b86b1c0,CONFIRMED,6.789,00
7049,op-99981f0caf84,CONFIRMED,6.768,00
7050,op-460f5f62d89d,CONFIRMED,6.765,00
7051,op-cd5dc8eafbf0,CONFIRMED,6.771,00
7052,op-268b999ec8ee,CONFIRMED,6.754,00
7053,op-82c3103f27ae,CONFIRMED,6.751,00
7054,op-4a841a101581,CONFIRMED,6.736,00
7055,op-39c354c67f12,CONFIRMED,6.727,00
7056,op-d89fc328721e,CONFIRMED,6.74,00
7057,op-94f526847207,CONFIRMED,6.729,00
7058,op-ed9cc8cb2aa6,CONFIRMED,6.728,00
7059,op-4139d73c838f,CONFIRMED,6.737,00
7060,op-5ba0c40b33b8,CONFIRMED,6.713,00
7061,op-93948f08398b,CONFIRMED,6.714,00
7062,op-310e5b43f105,CONFIRMED,6.721,00
7063,op-ecc51b284557,CONFIRMED,6.719,00
7064,op-c1ead50a33a5,CONFIRMED,6.715,00
7065,op-e4f8a327c8c2,CONFIRMED,6.706,00
7066,op-c85b24e91d53,CONFIRMED,6.693,00
7067,op-04993cb5b21a,CONFIRMED,6.694,00
7068,op-6e31f9ec6df8,CONFIRMED,6.711,00
7069,op-ad0d9bb35a14,CONFIRMED,6.713,00
7070,op-2803ddd15d70,CONFIRMED,6.714,00
7071,op-0e2a3988afe8,CONFIRMED,6.701,00
7072,op-769dfe95d6e2,CONFIRMED,6.694,00
7073,op-58d74d81a6a2,CONFIRMED,6.694,00
7074,op-0b10c0ca1605,CONFIRMED,6.697,00
7075,op-2c1ea7e5e701,CONFIRMED,6.7,00
7076,op-03d807893c08,CONFIRMED,6.704,00
7077,op-adab8e1aff06,CONFIRMED,6.723,00
7078,op-6c2eef9de8fd,CONFIRMED,6.722,00
7079,op-f4869edd63a8,CONFIRMED,6.727,00
7080,op-384468ca7de3,CONFIRMED,6.729,00
7081,op-e3ac30cf47b4,CONFIRMED,6.749,00
7082,op-081d504d7301,CONFIRMED,6.753,00
7083,op-20fbff03b52c,CONFIRMED,6.753,00
7084,op-61d4ad009dc1,CONFIRMED,6.773,00
7085,op-9a9783a0366f,CONFIRMED,6.787,00
7086,op-8392bf52f7fa,CONFIRMED,6.788,00
7087,op-e8523d53b41c,CONFIRMED,6.788,00
7088,op-91cce329a149,CONFIRMED,6.789,00
7089,op-4d5a0168b0e8,CONFIRMED,6.794,00
7090,op-ae8415a82efa,CONFIRMED,6.795,00
7091,op-ac257358c256,CONFIRMED,6.797,00
7092,op-a6d8057f2ccf,CONFIRMED,6.779,00
7093,op-7856b4088c64,CONFIRMED,6.795,00
7094,op-e971774dc2e6,CONFIRMED,6.795,00
7095,op-07b1b8163337,CONFIRMED,6.794,00
7096,op-b4db0522e71e,CONFIRMED,6.808,00
7097,op-cd601610adb0,CONFIRMED,6.793,00
7098,op-3795679a4267,CONFIRMED,6.784,00
7099,op-0947bf0c5f03,CONFIRMED,6.797,00
7100,op-c814515df092,CONFIRMED,6.787,00
7101,op-687c72d1045c,CONFIRMED,6.796,00
7102,op-946b2dc86c55,CONFIRMED,6.807,00
7103,op-5076b27a1149,CONFIRMED,6.807,00
7104,op-cee8bdc37ec6,CONFIRMED,6.804,00
7105,op-2d167382ff58,CONFIRMED,6.815,00
7106,op-fde6017d8d6e,CONFIRMED,6.821,00
7107,op-15f337392cbd,CONFIRMED,6.809,00
7108,op-96549ded2957,CONFIRMED,6.801,00
7109,op-eac26a122de8,CONFIRMED,6.777,00
7110,op-98ac9ca3c55d,CONFIRMED,6.779,00
7111,op-abdeb60012a6,CONFIRMED,6.765,00
7112,op-43a0b9e28853,CONFIRMED,6.772,00
7113,op-d965ad3c40e7,CONFIRMED,6.765,00
7114,op-3cfca594fcb0,CONFIRMED,6.767,00
7115,op-bcdc90fe0c9e,CONFIRMED,6.769,00
7116,op-ee78deb6017f,CONFIRMED,6.779,00
7117,op-9280ae2442b0,CONFIRMED,6.764,00
7118,op-c5437baa315b,CONFIRMED,6.755,00
7119,op-8d0349fcf0bf,CONFIRMED,6.757,00
7120,op-ce58f21969b2,CONFIRMED,6.758,00
7121,op-4f78fca0c2a8,CONFIRMED,6.76,00
7122,op-dbc05607d158,CONFIRMED,6.757,00
7123,op-a4a814e51c60,CONFIRMED,6.758,00
7124,op-e92d3c89e0b0,CONFIRMED,6.74,00
7125,op-7826a90592fc,CONFIRMED,6.747,00
7126,op-b8b8030dbd5c,CONFIRMED,6.75,00
7127,op-f9d882cf491a,CONFIRMED,6.745,00
7128,op-86a6c1269e4f,CONFIRMED,6.763,00
7129,op-8ba776ac27b2,CONFIRMED,6.755,00
7130,op-1512a76a53a9,CONFIRMED,6.762,00
7131,op-283f6785511d,CONFIRMED,6.749,00
7132,op-4c1851d39bfb,CONFIRMED,6.73,00
7133,op-0a6d152a99bc,CONFIRMED,6.736,00
7134,op-75d8f4a5235c,CONFIRMED,6.739,00
7135,op-204c5cbeeb28,CONFIRMED,6.742,00
7136,op-6358304e0818,CONFIRMED,6.737,00
7137,op-0042687e811e,CONFIRMED,6.741,00
7138,op-14955e4f9b7a,CONFIRMED,6.745,00
7139,op-e8cd3f7e45d9,CONFIRMED,6.746,00
7140,op-82467b2340ea,CONFIRMED,6.746,00
7141,op-c94fbd744f32,CONFIRMED,6.733,00
7142,op-97bb125d7d8b,CONFIRMED,6.72,00
7143,op-3b8973892258,CONFIRMED,6.714,00
7144,op-7da14c719618,CONFIRMED,6.707,00
7145,op-ba7c2d941b53,CONFIRMED,6.712,00
7146,op-3c29d325e491,CONFIRMED,6.713,00
7147,op-34b84393860f,CONFIRMED,6.712,00
7148,op-99a3a0b21465,CONFIRMED,6.711,00
7149,op-838f26be52c3,CONFIRMED,6.712,00
7150,op-995f25bdb047,CONFIRMED,6.704,00
7151,op-031ddc27bf6d,CONFIRMED,6.701,00
7152,op-3b09002380fe,CONFIRMED,6.701,00
7153,op-483d957d0e27,CONFIRMED,6.714,00
7154,op-c7dc8f6aea79,CONFIRMED,6.736,00
7155,op-a3cd1db35950,CONFIRMED,6.741,00
7156,op-fe0e74523095,CONFIRMED,6.741,00
7157,op-74002ae1a9e9,CONFIRMED,6.719,00
7158,op-e84fd30b8ec8,CONFIRMED,6.741,00
7159,op-8b27b474567d,CONFIRMED,6.723,00
7160,op-6a3865abbe97,CONFIRMED,6.707,00
7161,op-c14616da3704,CONFIRMED,6.724,00
7162,op-433aa0676a93,CONFIRMED,6.706,00
7163,op-d7722ffc7533,CONFIRMED,6.708,00
7164,op-0f907b1b24a0,CONFIRMED,6.691,00
7165,op-deaed85706bd,CONFIRMED,6.692,00
7166,op-d9ce36fb634c,CONFIRMED,6.694,00
7167,op-d26c89e8f004,CONFIRMED,6.695,00
7168,op-16fc6b1eff6a,CONFIRMED,6.698,00
7169,op-c1f90b1f15ab,CONFIRMED,6.698,00
7170,op-f62db68e459a,CONFIRMED,6.699,00
7171,op-add9fedb6e39,CONFIRMED,6.715,00
7172,op-abcb13ac5d8f,CONFIRMED,6.716,00
7173,op-a6bd4223e145,CONFIRMED,6.713,00
7174,op-c740db2877bf,CONFIRMED,6.714,00
7175,op-2bac629549b3,CONFIRMED,6.715,00
7176,op-f93fd01315f2,CONFIRMED,6.723,00
7177,op-6cec78785f49,CONFIRMED,6.703,00
7178,op-2ed9a2324bc0,CONFIRMED,6.72,00
7179,op-1344946ea396,CONFIRMED,6.74,00
7180,op-6de3a56736b6,CONFIRMED,6.742,00
7181,op-286e368700ba,CONFIRMED,6.726,00
7182,op-a88ed9b76d00,CONFIRMED,6.718,00
7183,op-358fc69d225d,CONFIRMED,6.729,00
7184,op-f74303eb2163,CONFIRMED,6.73,00
7185,op-4c2219b872d9,CONFIRMED,6.733,00
7186,op-3aa730ff07e1,CONFIRMED,6.721,00
7187,op-f90cd9191028,CONFIRMED,6.712,00
7188,op-7f2ea8385b99,CONFIRMED,6.671,00
7189,op-40fef31c5ca8,CONFIRMED,6.666,00
7190,op-b25b6517e7ef,CONFIRMED,6.674,00
7191,op-7d7f957ce2fc,CONFIRMED,6.674,00
7192,op-41cfa0999ab7,CONFIRMED,6.665,00
7193,op-cdf03c222fe9,CONFIRMED,6.658,00
7194,op-955e284944bc,CONFIRMED,6.667,00
7195,op-b33cf555eec5,CONFIRMED,6.677,00
7196,op-fc22b97fc49d,CONFIRMED,6.679,00
7197,op-3e3fbd939719,CONFIRMED,6.681,00
7198,op-dbf4b62204af,CONFIRMED,6.673,00
7199,op-ed5dc3a06369,CONFIRMED,6.671,00
7200,op-24e674a803b6,CONFIRMED,6.669,00
7201,op-e793d15d764e,CONFIRMED,6.67,00
7202,op-f40025f1a421,CONFIRMED,6.671,00
7203,op-0d8753382af7,CONFIRMED,6.702,00
7204,op-da8e2a654394,CONFIRMED,6.757,00
7205,op-a1c41c4c6439,CONFIRMED,6.77,00
7206,op-a9c599654ec1,CONFIRMED,6.786,00
7207,op-ee2dc9b0c717,CONFIRMED,6.776,00
7208,op-4e9b12b6946e,CONFIRMED,6.799,00
7209,op-632fbe68a6d7,CONFIRMED,6.789,00
7210,op-0f38baab0baa,CONFIRMED,6.789,00
7211,op-58a3cc6ddd9f,CONFIRMED,6.79,00
7212,op-bba8658d4056,CONFIRMED,6.787,00
7213,op-7957d5859893,CONFIRMED,6.765,00
7214,op-5ccbc96d78de,CONFIRMED,6.782,00
7215,op-7a58b822cefb,CONFIRMED,6.784,00
7216,op-066623b5bf43,CONFIRMED,6.78,00
7217,op-c437c9fd504d,CONFIRMED,6.771,00
7218,op-a49badd927c4,CONFIRMED,6.766,00
7219,op-f66c090acc6d,CONFIRMED,6.768,00
7220,op-82f0988f4d16,CONFIRMED,6.748,00
7221,op-0fd39b333bbd,CONFIRMED,6.764,00
7222,op-cbadb4dbbe7a,CONFIRMED,6.765,00
7223,op-0387bee718cf,CONFIRMED,6.757,00
7224,op-d025f101ab9d,CONFIRMED,6.75,00
7225,op-23ed91420b50,CONFIRMED,6.758,00
7226,op-d2ed12a2db2f,CONFIRMED,6.759,00
7227,op-a42d9cd0cb09,CONFIRMED,6.761,00
7228,op-9d5863789135,CONFIRMED,6.769,00
7229,op-e8602b0184f9,CONFIRMED,6.771,00
7230,op-a889016f5587,CONFIRMED,6.756,00
7231,op-b2693ae0bea8,CONFIRMED,6.77,00
7232,op-8bb9feb9c76b,CONFIRMED,6.773,00
7233,op-27b7f65c4302,CONFIRMED,6.79,00
7234,op-762acec1b8c2,CONFIRMED,6.784,00
7235,op-09c412a017bb,CONFIRMED,6.797,00
7236,op-fd5ee3951a4b,CONFIRMED,6.785,00
7237,op-31d96e1a0641,CONFIRMED,6.787,00
7238,op-36528f323f93,CONFIRMED,6.789,00
7239,op-51b4d6e29780,CONFIRMED,6.795,00
7240,op-0fbe13505897,CONFIRMED,6.804,00
7241,op-130be82e9d06,CONFIRMED,6.811,00
7242,op-8727afa11e17,CONFIRMED,6.792,00
7243,op-6ace6dd38ed7,CONFIRMED,6.814,00
7244,op-eb1c6a1d37e7,CONFIRMED,6.812,00
7245,op-9a13c4d28a78,CONFIRMED,6.816,00
7246,op-855dc477a629,CONFIRMED,6.869,00
7247,op-ecb1ae1b1d86,CONFIRMED,6.857,00
7248,op-8949664c3cac,CONFIRMED,6.862,00
7249,op-5b3ce03c8c4a,CONFIRMED,6.858,00
7250,op-7e047d87a449,CONFIRMED,6.861,00
7251,op-c1b268648425,CONFIRMED,6.853,00
7252,op-4607af4a2d7f,CONFIRMED,6.847,00
7253,op-7d8191ba0bd8,CONFIRMED,6.858,00
7254,op-53697fb1378f,CONFIRMED,6.862,00
7255,op-e705986f1a52,CONFIRMED,6.864,00
7256,op-fea06114d5a9,CONFIRMED,6.878,00
7257,op-66ef459a4879,CONFIRMED,6.881,00
7258,op-7b7c387dfb82,CONFIRMED,6.894,00
7259,op-58df5eb59f22,CONFIRMED,6.886,00
7260,op-0f72d62c4296,CONFIRMED,6.886,00
7261,op-44e6fac0d74b,CONFIRMED,6.896,00
7262,op-c4a8d85c622d,CONFIRMED,6.873,00
7263,op-80788263ae7b,CONFIRMED,6.874,00
7264,op-7d51f3cb197e,CONFIRMED,6.881,00
7265,op-33607b8f6473,CONFIRMED,6.884,00
7266,op-69660f288482,CONFIRMED,6.892,00
7267,op-da4ca7be5855,CONFIRMED,6.901,00
7268,op-46b8647069fa,CONFIRMED,6.912,00
7269,op-30eee01770f1,CONFIRMED,6.949,00
7270,op-fc97cd323571,CONFIRMED,6.933,00
7271,op-d65179cd930c,CONFIRMED,6.931,00
7272,op-359eacdedd97,CONFIRMED,6.882,00
7273,op-feda978c9a2c,CONFIRMED,6.883,00
7274,op-00c4464e1e33,CONFIRMED,6.885,00
7275,op-caae5958d3a1,CONFIRMED,6.898,00
7276,op-de10257398a4,CONFIRMED,6.924,00
7277,op-a6dc5ef6d1f6,CONFIRMED,6.93,00
7278,op-1fba5936d93f,CONFIRMED,6.953,00
7279,op-1dca6e42aa12,CONFIRMED,6.939,00
7280,op-c8318079a328,CONFIRMED,6.946,00
7281,op-11e20a1fd8fc,CONFIRMED,6.954,00
7282,op-2bbe9ae712e8,CONFIRMED,6.937,00
7283,op-334bc83a6ad0,CONFIRMED,6.93,00
7284,op-9a2241291f2a,CONFIRMED,6.933,00
7285,op-545334ceaca8,CONFIRMED,6.912,00
7286,op-56a6fd7d1c9a,CONFIRMED,6.912,00
7287,op-f4bfe17b6d10,CONFIRMED,6.915,00
7288,op-f9e67dbb8626,CONFIRMED,6.916,00
7289,op-306fb68c17f8,CONFIRMED,6.982,00
7290,op-3c79138eab4d,CONFIRMED,6.998,00
7291,op-a2f5b9971f51,CONFIRMED,6.984,00
7292,op-645c3eb0e536,CONFIRMED,6.999,00
7293,op-f0e135feda96,CONFIRMED,6.998,00
7294,op-8ee6251fa596,CONFIRMED,7.005,00
7295,op-0137aa7bd817,CONFIRMED,6.989,00
7296,op-78e6716c5782,CONFIRMED,6.989,00
7297,op-69c016b28a1b,CONFIRMED,6.99,00
7298,op-f188ef4b153a,CONFIRMED,6.988,00
7299,op-8a7dd42792f6,CONFIRMED,6.98,00
7300,op-5be006f1386c,CONFIRMED,6.958,00
7301,op-fcf7850b859e,CONFIRMED,6.959,00
7302,op-87ca8f200be1,CONFIRMED,6.958,00
7303,op-2c03e2221d47,CONFIRMED,6.98,00
7304,op-c65d39cee6c3,CONFIRMED,6.988,00
7305,op-3212772ef9d2,CONFIRMED,7.01,00
7306,op-910d97867a0d,CONFIRMED,7.012,00
7307,op-2346e7f598ed,CONFIRMED,7.038,00
7308,op-38229974e8dc,CONFIRMED,7.045,00
7309,op-ca986ed42295,CONFIRMED,7.048,00
7310,op-bd7e5bdbce2d,CONFIRMED,7.054,00
7311,op-c9e108b81f8b,CONFIRMED,7.042,00
7312,op-b92ec068bc52,CONFIRMED,7.056,00
7313,op-5c695b3b99e2,CONFIRMED,7.057,00
7314,op-cebf7052efec,CONFIRMED,7.063,00
7315,op-83a8ae35e5e8,CONFIRMED,7.07,00
7316,op-6db30082e75a,CONFIRMED,7.059,00
7317,op-63e35496ba71,CONFIRMED,7.06,00
7318,op-25070a6fff9d,CONFIRMED,7.064,00
7319,op-e15d8c62168c,CONFIRMED,7.066,00
7320,op-e784950f9a61,CONFIRMED,7.07,00
7321,op-af9de1389616,CONFIRMED,7.088,00
7322,op-d94b81f19480,CONFIRMED,7.072,00
7323,op-9354733226c0,CONFIRMED,7.066,00
7324,op-a9c85d6be24c,CONFIRMED,7.044,00
7325,op-4f94612fca42,CONFIRMED,7.046,00
7326,op-d7cb2a13db46,CONFIRMED,7.063,00
7327,op-81025e85d148,CONFIRMED,7.064,00
7328,op-ef299fba7ae3,CONFIRMED,7.063,00
7329,op-633ff97625cb,CONFIRMED,7.063,00
7330,op-00a8a1343940,CONFIRMED,7.079,00
7331,op-5e480481ae32,CONFIRMED,7.058,00
7332,op-6dec478a9ffe,CONFIRMED,7.064,00
7333,op-2a7bf5c05b8d,CONFIRMED,7.079,00
7334,op-6c8ad5a13703,CONFIRMED,7.089,00
7335,op-c38db948d831,CONFIRMED,7.092,00
7336,op-7daddb131062,CONFIRMED,7.07,00
7337,op-659ad0dcd06f,CONFIRMED,7.063,00
7338,op-56411f80b0e2,CONFIRMED,7.072,00
7339,op-f28d1c38e13c,CONFIRMED,7.073,00
7340,op-b358fdfd8c52,CONFIRMED,7.049,00
7341,op-a24c54f6215a,CONFIRMED,7.049,00
7342,op-68f01fe83155,CONFIRMED,7.034,00
7343,op-d06032a18993,CONFIRMED,7.017,00
7344,op-e11eaab945fc,CONFIRMED,7.014,00
7345,op-8cbf97857654,CONFIRMED,7.015,00
7346,op-2cfaa227863d,CONFIRMED,7.021,00
7347,op-5c33d84e5645,CONFIRMED,7.023,00
7348,op-af5aabf5e6b4,CONFIRMED,7.01,00
7349,op-674a8188330c,CONFIRMED,6.988,00
7350,op-271eb8e2fa75,CONFIRMED,6.967,00
7351,op-3aeacfe1d9ca,CONFIRMED,6.96,00
7352,op-a99bba9a3e25,CONFIRMED,6.971,00
7353,op-2a5a6255badd,CONFIRMED,6.964,00
7354,op-55deed484e9d,CONFIRMED,6.944,00
7355,op-1519ef7c1dc0,CONFIRMED,6.962,00
7356,op-9bb425888852,CONFIRMED,6.98,00
7357,op-fafa3435d59d,CONFIRMED,6.994,00
7358,op-57564b1dbbb2,CONFIRMED,6.986,00
7359,op-d5336949353d,CONFIRMED,6.985,00
7360,op-5b049b904a3e,CONFIRMED,6.985,00
7361,op-daf097181d18,CONFIRMED,7.01,00
7362,op-ccebeb211c01,CONFIRMED,7.004,00
7363,op-1b849a262cb5,CONFIRMED,6.988,00
7364,op-14d22ea5ed0e,CONFIRMED,6.979,00
7365,op-ff7cd0387f2b,CONFIRMED,6.959,00
7366,op-c46ed53cb8d5,CONFIRMED,7.0,00
7367,op-88fbafba0cb9,CONFIRMED,7.038,00
7368,op-301740bbecb8,CONFIRMED,7.045,00
7369,op-62512241f2de,CONFIRMED,7.05,00
7370,op-c8ef1993e5d4,CONFIRMED,7.049,00
7371,op-94d2843f3264,CONFIRMED,7.101,00
7372,op-624d724196b6,CONFIRMED,7.125,00
7373,op-4d85f9579541,CONFIRMED,7.157,00
7374,op-302b6cd1eabe,CONFIRMED,7.233,00
7375,op-059331e70f44,CONFIRMED,7.218,00
7376,op-c93d6ca9116b,CONFIRMED,7.228,00
7377,op-533e543e0173,CONFIRMED,7.241,00
7378,op-569f3bf66c64,CONFIRMED,7.242,00
7379,op-21f5e0146430,CONFIRMED,7.263,00
7380,op-97a4af48b221,CONFIRMED,7.269,00
7381,op-5ab4d41e07db,CONFIRMED,7.269,00
7382,op-0dba340a9b72,CONFIRMED,7.267,00
7383,op-e9f6e8b022fb,CONFIRMED,7.308,00
7384,op-7432104a8ef8,CONFIRMED,7.387,00
7385,op-7435335d45d8,CONFIRMED,7.386,00
7386,op-a512b1478160,CONFIRMED,7.389,00
7387,op-01176bc7f5aa,CONFIRMED,7.401,00
7388,op-98ef70b063a6,CONFIRMED,7.399,00
7389,op-cfb7163e7ac4,CONFIRMED,7.416,00
7390,op-752e539400d8,CONFIRMED,7.425,00
7391,op-074e68232bbe,CONFIRMED,7.438,00
7392,op-4fb449ef5898,CONFIRMED,7.477,00
7393,op-aca4d4a02941,CONFIRMED,7.482,00
7394,op-22475cb355b7,CONFIRMED,7.484,00
7395,op-89c3835cf4b8,CONFIRMED,7.529,00
7396,op-5342b08fc2ab,CONFIRMED,7.558,00
7397,op-684af41b24e8,CONFIRMED,7.561,00
7398,op-840724e57bc4,CONFIRMED,7.564,00
7399,op-096448664e98,CONFIRMED,7.56,00
7400,op-b94855b6eb12,CONFIRMED,7.55,00
7401,op-2322c450c2f7,CONFIRMED,7.541,00
7402,op-c03ca2e500ea,CONFIRMED,7.552,00
7403,op-9daf018b7304,CONFIRMED,7.555,00
7404,op-2cd4369e8c88,CONFIRMED,7.553,00
7405,op-4d342c67afe7,CONFIRMED,7.562,00
7406,op-83eb79032e8a,CONFIRMED,7.576,00
7407,op-f7fcd6d55898,CONFIRMED,7.621,00
7408,op-9d78166b3bda,CONFIRMED,7.605,00
7409,op-2aa6c3165d43,CONFIRMED,7.607,00
7410,op-131419ea46aa,CONFIRMED,7.608,00
7411,op-ee1a0f786143,CONFIRMED,7.609,00
7412,op-15f2a1986c39,CONFIRMED,7.611,00
7413,op-f6bebea41f81,CONFIRMED,7.622,00
7414,op-a3e338b0a442,CONFIRMED,7.629,00
7415,op-a5ef246562e6,CONFIRMED,7.622,00
7416,op-3963aec227e2,CONFIRMED,7.622,00
7417,op-df6b85957447,CONFIRMED,7.635,00
7418,op-eb20d499206a,CONFIRMED,7.619,00
7419,op-2b10105b0248,CONFIRMED,7.609,00
7420,op-764482ca1acb,CONFIRMED,7.605,00
7421,op-ed7e0731230c,CONFIRMED,7.608,00
7422,op-1082e478dae1,CONFIRMED,7.62,00
7423,op-f06eee5dd933,CONFIRMED,7.61,00
7424,op-502eb04df987,CONFIRMED,7.606,00
7425,op-dd597ce3be60,CONFIRMED,7.607,00
7426,op-ec6a0150cc2e,CONFIRMED,7.607,00
7427,op-0bd5f8dc0a1b,CONFIRMED,7.606,00
7428,op-b3f8c4de98af,CONFIRMED,7.605,00
7429,op-46f8ccab20cc,CONFIRMED,7.581,00
7430,op-c732895cc643,CONFIRMED,7.58,00
7431,op-e436a7eebefd,CONFIRMED,7.579,00
7432,op-690a3cc08f36,CONFIRMED,7.556,00
7433,op-8edebc06987a,CONFIRMED,7.557,00
7434,op-4094b56eb585,CONFIRMED,7.562,00
7435,op-b2e0c77c407c,CONFIRMED,7.562,00
7436,op-7e344dd79874,CONFIRMED,7.545,00
7437,op-461948136448,CONFIRMED,7.564,00
7438,op-18dadce38a06,CONFIRMED,7.561,00
7439,op-c6ab635e42c5,CONFIRMED,7.559,00
7440,op-ac6b774a9ab5,CONFIRMED,7.557,00
7441,op-a49b57c474e4,CONFIRMED,7.556,00
7442,op-9c48eac04707,CONFIRMED,7.54,00
7443,op-18bbf97e2085,CONFIRMED,7.54,00
7444,op-adb8c5063bfb,CONFIRMED,7.567,00
7445,op-1b51fa7193ea,CONFIRMED,7.577,00
7446,op-99e842aee0c9,CONFIRMED,7.595,00
7447,op-2d2dafe2fe22,CONFIRMED,7.594,00
7448,op-fe411aefdfb7,CONFIRMED,7.593,00
7449,op-135dee6ed913,CONFIRMED,7.593,00
7450,op-8bffb9e84c6e,CONFIRMED,7.593,00
7451,op-391101211159,CONFIRMED,7.578,00
7452,op-87eb45fd2499,CONFIRMED,7.583,00
7453,op-af8c31f53058,CONFIRMED,7.566,00
7454,op-df28670e4d94,CONFIRMED,7.584,00
7455,op-8582a15cd1f8,CONFIRMED,7.571,00
7456,op-1f33de586a2e,CONFIRMED,7.577,00
7457,op-95734549d682,CONFIRMED,7.562,00
7458,op-15f6737d62dd,CONFIRMED,7.556,00
7459,op-dba0bf2611ea,CONFIRMED,7.557,00
7460,op-8fcf31c779ff,CONFIRMED,7.556,00
7461,op-cca6a3d77cf9,CONFIRMED,7.549,00
7462,op-c814aa552017,CONFIRMED,7.566,00
7463,op-77942dad3892,CONFIRMED,7.588,00
7464,op-3aa204740e22,CONFIRMED,7.581,00
7465,op-0c98ac5cc0b4,CONFIRMED,7.596,00
7466,op-d0cd6ba06a98,CONFIRMED,7.595,00
7467,op-5a6dfb26f7ba,CONFIRMED,7.61,00
7468,op-23ccc7c53243,CONFIRMED,7.604,00
7469,op-8a33fddcbc2f,CONFIRMED,7.599,00
7470,op-f62a1722e3e4,CONFIRMED,7.587,00
7471,op-a8b66c270870,CONFIRMED,7.565,00
7472,op-5cf958eaa0b4,CONFIRMED,7.58,00
7473,op-477b80b00748,CONFIRMED,7.587,00
7474,op-738b86bd13b2,CONFIRMED,7.564,00
7475,op-9693ec7bf55d,CONFIRMED,7.579,00
7476,op-e542723555f8,CONFIRMED,7.584,00
7477,op-d840e74826fb,CONFIRMED,7.561,00
7478,op-6f6dbf15d840,CONFIRMED,7.558,00
7479,op-2202296399b8,CONFIRMED,7.558,00
7480,op-041284b6c9b1,CONFIRMED,7.571,00
7481,op-e354d2fc6f20,CONFIRMED,7.575,00
7482,op-f9ce276479f9,CONFIRMED,7.57,00
7483,op-0531821f7b51,CONFIRMED,7.57,00
7484,op-29228bb92c2a,CONFIRMED,7.551,00
7485,op-5573276f5295,CONFIRMED,7.542,00
7486,op-3785d58bfaab,CONFIRMED,7.519,00
7487,op-c20edc72857c,CONFIRMED,7.536,00
7488,op-6c163a46d2f2,CONFIRMED,7.546,00
7489,op-83b31f4e359c,CONFIRMED,7.545,00
7490,op-09354588e279,CONFIRMED,7.563,00
7491,op-ef37eadad731,CONFIRMED,7.565,00
7492,op-4b379fc2b942,CONFIRMED,7.542,00
7493,op-b8be95a61e37,CONFIRMED,7.542,00
7494,op-7872de919586,CONFIRMED,7.542,00
7495,op-cb9b8f1b8657,CONFIRMED,7.529,00
7496,op-2f10f032ca34,CONFIRMED,7.519,00
7497,op-d9178b50452a,CONFIRMED,7.52,00
7498,op-298260a692ca,CONFIRMED,7.506,00
7499,op-e7204efb3389,CONFIRMED,7.508,00
7500,op-3464a3444178,CONFIRMED,8.124,00
7501,op-77565e556af9,CONFIRMED,8.123,00
7502,op-51450bb14984,CONFIRMED,8.122,00
7503,op-26031bd3ae36,CONFIRMED,8.124,00
7504,op-520eecff4f0a,CONFIRMED,8.108,00
7505,op-770d4f83ee64,CONFIRMED,8.109,00
7506,op-0b8805b3c7f2,CONFIRMED,8.106,00
7507,op-55c27b6badc3,CONFIRMED,8.087,00
7508,op-ac349f15d6d2,CONFIRMED,8.052,00
7509,op-4395910987c2,CONFIRMED,8.047,00
7510,op-6fe6c2bc674e,CONFIRMED,8.045,00
7511,op-6c03a1dbf03b,CONFIRMED,8.043,00
7512,op-1f41ab74c9c4,CONFIRMED,8.04,00
7513,op-12ecb5598a9c,CONFIRMED,8.037,00
7514,op-97cf243fcc2f,CONFIRMED,8.035,00
7515,op-d3b63ada8cb0,CONFIRMED,8.033,00
7516,op-a919c9d77042,CONFIRMED,8.031,00
7517,op-7a225cbf3be1,CONFIRMED,8.02,00
7518,op-583b1646b674,CONFIRMED,8.019,00
7519,op-708bdec9461b,CONFIRMED,8.038,00
7520,op-29b92b953be2,CONFIRMED,8.02,00
7521,op-b6ba77320e46,CONFIRMED,7.994,00
7522,op-d2884322fbfc,CONFIRMED,7.934,00
7523,op-faf3ebde2bff,CONFIRMED,7.801,00
7524,op-331f3bd671b6,CONFIRMED,7.797,00
7525,op-ae63c759913b,CONFIRMED,7.768,00
7526,op-865dd00cade1,CONFIRMED,7.757,00
7527,op-2c417b265425,CONFIRMED,7.738,00
7528,op-8eadbee8c890,CONFIRMED,7.738,00
7529,op-eef999dcc523,CONFIRMED,7.733,00
7530,op-58df4e331493,CONFIRMED,7.732,00
7531,op-6d53405e6332,CONFIRMED,7.743,00
7532,op-8167afbe726b,CONFIRMED,7.741,00
7533,op-7c61dbd753fb,CONFIRMED,7.738,00
7534,op-b016c3b3b20e,CONFIRMED,7.731,00
7535,op-49c8d786081e,CONFIRMED,7.726,00
7536,op-a51e947b50b1,CONFIRMED,7.717,00
7537,op-ab822ce587c7,CONFIRMED,7.715,00
7538,op-21b85bb4a4e6,CONFIRMED,7.715,00
7539,op-0f8bb8d0ac15,CONFIRMED,7.71,00
7540,op-60b187bfe646,CONFIRMED,7.717,00
7541,op-bd3101e10c83,CONFIRMED,7.717,00
7542,op-4eccb39f9a43,CONFIRMED,7.688,00
7543,op-6a7a81bed1a2,CONFIRMED,7.682,00
7544,op-961d899b8307,CONFIRMED,7.698,00
7545,op-9ca09dd31de7,CONFIRMED,7.695,00
7546,op-7c5806f706c2,CONFIRMED,7.711,00
7547,op-65a5e9c5ef3f,CONFIRMED,7.698,00
7548,op-4faef81cccb4,CONFIRMED,7.695,00
7549,op-c6a53eba2514,CONFIRMED,7.677,00
7550,op-240cad3a5ee0,CONFIRMED,7.682,00
7551,op-806bdc2c1808,CONFIRMED,7.67,00
7552,op-1738168d3dcd,CONFIRMED,7.65,00
7553,op-04afbad9a56f,CONFIRMED,7.668,00
7554,op-4bbc9ea684d0,CONFIRMED,7.666,00
7555,op-b552ff306c2e,CONFIRMED,7.662,00
7556,op-958be11bf20c,CONFIRMED,7.661,00
7557,op-77ab4554c6b5,CONFIRMED,7.673,00
7558,op-9bb7bd0977fb,CONFIRMED,7.661,00
7559,op-94f336a0d2ee,CONFIRMED,7.569,00
7560,op-5a0b46cdb354,CONFIRMED,7.553,00
7561,op-a1bf3094147e,CONFIRMED,7.566,00
7562,op-2d8845152c6b,CONFIRMED,7.558,00
7563,op-a6cf95f9f151,CONFIRMED,7.531,00
7564,op-bee7ee01e7d4,CONFIRMED,7.519,00
7565,op-2d94918ae1a6,CONFIRMED,7.524,00
7566,op-ffb7d130bff0,CONFIRMED,7.535,00
7567,op-0ce473072a7b,CONFIRMED,7.523,00
7568,op-68fdfbd8196f,CONFIRMED,7.499,00
7569,op-3866917adbc2,CONFIRMED,7.508,00
7570,op-544913d8a118,CONFIRMED,7.505,00
7571,op-a26cfaa3ec90,CONFIRMED,7.495,00
7572,op-000fb784a48d,CONFIRMED,7.489,00
7573,op-511775aa1899,CONFIRMED,7.496,00
7574,op-e8244b47b052,CONFIRMED,7.495,00
7575,op-906e37215993,CONFIRMED,7.492,00
7576,op-b2467e759be7,CONFIRMED,7.489,00
7577,op-e558b57e000a,CONFIRMED,7.465,00
7578,op-7544326492a4,CONFIRMED,7.462,00
7579,op-dd0d6056acc9,CONFIRMED,7.458,00
7580,op-b72ddbe3cb20,CONFIRMED,7.457,00
7581,op-b1f3c68ff1f3,CONFIRMED,7.465,00
7582,op-04ae918a0b11,CONFIRMED,7.451,00
7583,op-896a07cf4fbc,CONFIRMED,7.449,00
7584,op-27bf6d52f4ee,CONFIRMED,7.434,00
7585,op-a8af3151cf40,CONFIRMED,7.432,00
7586,op-5fe2ca852ee0,CONFIRMED,7.43,00
7587,op-438e3b725a5a,CONFIRMED,7.423,00
7588,op-5bd89f67992e,CONFIRMED,7.419,00
7589,op-ed217fe24f44,CONFIRMED,7.425,00
7590,op-6ad3b66238a0,CONFIRMED,7.429,00
7591,op-9ff88ff659d0,CONFIRMED,7.43,00
7592,op-c6e0a5419c07,CONFIRMED,7.431,00
7593,op-c31d84ae6c72,CONFIRMED,7.432,00
7594,op-dd9be851df32,CONFIRMED,7.438,00
7595,op-ea34ad15f160,CONFIRMED,7.433,00
7596,op-4cb1e9084e78,CONFIRMED,7.427,00
7597,op-6ef8df99e61c,CONFIRMED,7.402,00
7598,op-9e171092afd5,CONFIRMED,7.428,00
7599,op-47e07e7cac2d,CONFIRMED,7.434,00
7600,op-f8e992d6f4b9,CONFIRMED,7.434,00
7601,op-453782a9c3af,CONFIRMED,7.433,00
7602,op-7fbd0b40bcd4,CONFIRMED,7.436,00
7603,op-8b828edaccf5,CONFIRMED,7.461,00
7604,op-cfa2a1e9b103,CONFIRMED,7.48,00
7605,op-dee99aa6df0b,CONFIRMED,7.508,00
7606,op-9d350d8ba0d8,CONFIRMED,7.508,00
7607,op-70098bc58728,CONFIRMED,7.507,00
7608,op-8ffec1d9e1f4,CONFIRMED,7.51,00
7609,op-e4fb649a3957,CONFIRMED,7.497,00
7610,op-4662318efee4,CONFIRMED,7.491,00
7611,op-8841e5cea289,CONFIRMED,7.469,00
7612,op-038079765354,CONFIRMED,7.469,00
7613,op-c864d2bb6631,CONFIRMED,7.465,00
7614,op-1f7d05a9f609,CONFIRMED,7.459,00
7615,op-30a8e9cbdb95,CONFIRMED,7.458,00
7616,op-87e8bf3f7151,CONFIRMED,7.472,00
7617,op-1f0bc4963415,CONFIRMED,7.477,00
7618,op-2ce661f0d991,CONFIRMED,7.479,00
7619,op-2e7639c196dd,CONFIRMED,7.478,00
7620,op-2db63300eff6,CONFIRMED,7.519,00
7621,op-db491b62722c,CONFIRMED,7.537,00
7622,op-2ccdde3ef156,CONFIRMED,7.535,00
7623,op-03bdfb484365,CONFIRMED,7.525,00
7624,op-2fea1dfef308,CONFIRMED,7.526,00
7625,op-57d7afc9ea55,CONFIRMED,7.523,00
7626,op-768c12dd55af,CONFIRMED,7.459,00
7627,op-a33c7f467b11,CONFIRMED,7.424,00
7628,op-d17787399bd2,CONFIRMED,7.422,00
7629,op-60aae992ce87,CONFIRMED,7.426,00
7630,op-06c298a0aaca,CONFIRMED,7.427,00
7631,op-341f46e9e861,CONFIRMED,7.416,00
7632,op-547a9bec2357,CONFIRMED,7.435,00
7633,op-960df7ca4986,CONFIRMED,7.434,00
7634,op-622972e31be1,CONFIRMED,7.422,00
7635,op-a9cdf0a6bf6a,CONFIRMED,7.428,00
7636,op-fb758953158b,CONFIRMED,7.428,00
7637,op-3f35ef4c704b,CONFIRMED,7.438,00
7638,op-959c25587bc0,CONFIRMED,7.436,00
7639,op-1a539d7cacd2,CONFIRMED,7.449,00
7640,op-b6c2856aa03f,CONFIRMED,7.469,00
7641,op-3110d60b0c30,CONFIRMED,7.466,00
7642,op-1e8706473324,CONFIRMED,7.486,00
7643,op-b7efa1b02ba0,CONFIRMED,7.503,00
7644,op-136de4e0d529,CONFIRMED,7.515,00
7645,op-be8420987afc,CONFIRMED,7.509,00
7646,op-5c207be09b4f,CONFIRMED,7.515,00
7647,op-f0bc498fd3af,CONFIRMED,7.5,00
7648,op-27109749d404,CONFIRMED,7.502,00
7649,op-59478563dbd0,CONFIRMED,7.499,00
7650,op-289d6b906d46,CONFIRMED,7.509,00
7651,op-ee9b737419ea,CONFIRMED,7.504,00
7652,op-6da2e7e7055f,CONFIRMED,7.46,00
7653,op-7f3bcf047e6b,CONFIRMED,7.439,00
7654,op-71a83e54aff8,CONFIRMED,7.447,00
7655,op-6138077b4bdc,CONFIRMED,7.444,00
7656,op-76896665f3fe,CONFIRMED,7.452,00
7657,op-e5642ab4d9bc,CONFIRMED,7.451,00
7658,op-66aec282811e,CONFIRMED,7.448,00
7659,op-ce3317f115e4,CONFIRMED,7.446,00
7660,op-ebe4f5904bc6,CONFIRMED,7.444,00
7661,op-4d48955c1a85,CONFIRMED,7.441,00
7662,op-603b92f4def3,CONFIRMED,7.429,00
7663,op-7c8eb0bc4f07,CONFIRMED,7.408,00
7664,op-3a29df5d87c5,CONFIRMED,7.405,00
7665,op-79847818674c,CONFIRMED,7.409,00
7666,op-4b43f10d2f5b,CONFIRMED,7.392,00
7667,op-d06851bd3ff7,CONFIRMED,7.348,00
7668,op-8e6315a411e5,CONFIRMED,7.32,00
7669,op-a3fd5701a263,CONFIRMED,7.296,00
7670,op-031d94e513b1,CONFIRMED,7.288,00
7671,op-511fc8a37870,CONFIRMED,7.269,00
7672,op-a0ed86c336e0,CONFIRMED,7.279,00
7673,op-9db3b0432b12,CONFIRMED,7.245,00
7674,op-9c0ef300d9f1,CONFIRMED,7.251,00
7675,op-c19bd80b441f,CONFIRMED,7.249,00
7676,op-1e56d65ea415,CONFIRMED,7.246,00
7677,op-3354cb81460b,CONFIRMED,7.232,00
7678,op-6d59559c23ea,CONFIRMED,7.206,00
7679,op-a1135c4a7d14,CONFIRMED,7.201,00
7680,op-4cc87d47b474,CONFIRMED,7.201,00
7681,op-771efa853452,CONFIRMED,7.216,00
7682,op-1c633174be87,CONFIRMED,7.197,00
7683,op-aca0f037ef4a,CONFIRMED,7.202,00
7684,op-7dde4c3b929c,CONFIRMED,7.199,00
7685,op-ca1cc4b0e785,CONFIRMED,7.201,00
7686,op-b73d3b753478,CONFIRMED,7.196,00
7687,op-ff80752d8a21,CONFIRMED,7.143,00
7688,op-fc4291d18b42,CONFIRMED,7.168,00
7689,op-d38ba8aea583,CONFIRMED,7.152,00
7690,op-5353aaacc53c,CONFIRMED,7.143,00
7691,op-26c7a4aa1966,CONFIRMED,7.12,00
7692,op-f4d0afe4c95a,CONFIRMED,7.123,00
7693,op-4545e6bf0d04,CONFIRMED,7.102,00
7694,op-272ff6189db6,CONFIRMED,7.112,00
7695,op-231c90ab3b06,CONFIRMED,7.081,00
7696,op-03cf72c7de61,CONFIRMED,7.079,00
7697,op-f0c81c628315,CONFIRMED,7.076,00
7698,op-e584a4878fa5,CONFIRMED,7.067,00
7699,op-6f51bc3a2f85,CONFIRMED,7.07,00
7700,op-22c50b85c6b0,CONFIRMED,7.076,00
7701,op-e2e1e5ac6e12,CONFIRMED,7.081,00
7702,op-6098fb478456,CONFIRMED,7.077,00
7703,op-d6837192f1ef,CONFIRMED,7.079,00
7704,op-c9a8026c90d0,CONFIRMED,7.08,00
7705,op-2e832863b186,CONFIRMED,7.086,00
7706,op-98393d3bebe7,CONFIRMED,7.083,00
7707,op-1a6f3d9754ee,CONFIRMED,7.08,00
7708,op-0fe0b72ca275,CONFIRMED,7.077,00
7709,op-dc3b4424ad88,CONFIRMED,7.072,00
7710,op-d5d8c8c30ec9,CONFIRMED,7.072,00
7711,op-85c4af8a90fa,CONFIRMED,7.074,00
7712,op-b42b405f230c,CONFIRMED,7.073,00
7713,op-87116a644918,CONFIRMED,7.047,00
7714,op-32d7054c0ed7,CONFIRMED,7.033,00
7715,op-a6305ff3564f,CONFIRMED,7.029,00
7716,op-3b5bf4860dbc,CONFIRMED,7.028,00
7717,op-85cd8b8f7ab4,CONFIRMED,7.029,00
7718,op-17f79abaf815,CONFIRMED,7.026,00
7719,op-e39872ec7da4,CONFIRMED,7.012,00
7720,op-65af92ebb646,CONFIRMED,7.024,00
7721,op-3253dc53ade0,CONFIRMED,7.032,00
7722,op-70fa80f730ac,CONFIRMED,7.03,00
7723,op-c9784b8abef3,CONFIRMED,7.047,00
7724,op-d6118280069c,CONFIRMED,7.043,00
7725,op-a38d555bfe5a,CONFIRMED,7.053,00
7726,op-32b1d93ea918,CONFIRMED,7.051,00
7727,op-97df61deda18,CONFIRMED,7.052,00
7728,op-4804236b3cfd,CONFIRMED,7.038,00
7729,op-03be895ccd33,CONFIRMED,7.032,00
7730,op-0a750278f401,CONFIRMED,7.0,00
7731,op-af47efb67776,CONFIRMED,6.998,00
7732,op-4e58028e79f6,CONFIRMED,6.979,00
7733,op-b268e6e4b541,CONFIRMED,6.984,00
7734,op-800a183748c7,CONFIRMED,6.958,00
7735,op-23484c447ef6,CONFIRMED,6.949,00
7736,op-83c9d797dd4f,CONFIRMED,6.947,00
7737,op-f3bb52be11fb,CONFIRMED,6.944,00
7738,op-849679cbea56,CONFIRMED,6.94,00
7739,op-b06cfcd70dfb,CONFIRMED,6.955,00
7740,op-cd88f484bcc7,CONFIRMED,6.953,00
7741,op-cdb383a6990b,CONFIRMED,6.95,00
7742,op-f60a8dde297a,CONFIRMED,6.944,00
7743,op-53b1b56e3443,CONFIRMED,6.939,00
7744,op-00c5b5cd0e0c,CONFIRMED,6.938,00
7745,op-64d6901ca460,CONFIRMED,6.936,00
7746,op-cfeb39c221d6,CONFIRMED,6.96,00
7747,op-d5b858a1c730,CONFIRMED,6.96,00
7748,op-ab2d2fc3ea7b,CONFIRMED,6.946,00
7749,op-a90653f0d7d7,CONFIRMED,6.939,00
7750,op-156d78e4468e,CONFIRMED,6.948,00
7751,op-81f2b30bb55e,CONFIRMED,6.947,00
7752,op-22e55d41f86a,CONFIRMED,6.935,00
7753,op-e81d6c617e05,CONFIRMED,6.923,00
7754,op-1cf21c8b267b,CONFIRMED,6.939,00
7755,op-d819b19d840e,CONFIRMED,6.945,00
7756,op-16fee5ef6f9c,CONFIRMED,6.95,00
7757,op-74eb2cb8bd3d,CONFIRMED,6.954,00
7758,op-853ad57d8ae0,CONFIRMED,6.947,00
7759,op-2507bf83b22c,CONFIRMED,6.943,00
7760,op-59b66fce14e2,CONFIRMED,6.935,00
7761,op-32ef53796716,CONFIRMED,6.929,00
7762,op-73f4843d235b,CONFIRMED,6.938,00
7763,op-19431c5688f1,CONFIRMED,6.924,00
7764,op-a75d818afe6f,CONFIRMED,6.945,00
7765,op-b464e9a60f09,CONFIRMED,6.942,00
7766,op-8daaaaed0b99,CONFIRMED,6.932,00
7767,op-026e1fa9ed92,CONFIRMED,6.946,00
7768,op-107761af414f,CONFIRMED,6.942,00
7769,op-bd0606037b92,CONFIRMED,6.94,00
7770,op-2ce205124bec,CONFIRMED,6.939,00
7771,op-c2d7a914e799,CONFIRMED,6.948,00
7772,op-33b5d6ba8114,CONFIRMED,6.946,00
7773,op-6ac26e66bd36,CONFIRMED,6.951,00
7774,op-b38e7ac96945,CONFIRMED,6.956,00
7775,op-7987167bec4a,CONFIRMED,6.963,00
7776,op-db8d521ca304,CONFIRMED,6.962,00
7777,op-531acb2f476f,CONFIRMED,6.942,00
7778,op-37ea808abe34,CONFIRMED,6.941,00
7779,op-3959de823de7,CONFIRMED,6.941,00
7780,op-b08a14a67930,CONFIRMED,6.914,00
7781,op-39493734f23e,CONFIRMED,6.912,00
7782,op-9e9ad21db7c7,CONFIRMED,6.905,00
7783,op-7d3f8a5b975a,CONFIRMED,6.906,00
7784,op-378d19d0f9d0,CONFIRMED,6.901,00
7785,op-f63b6928a44a,CONFIRMED,6.896,00
7786,op-5aedf79cc1ef,CONFIRMED,6.901,00
7787,op-78485518f373,CONFIRMED,6.902,00
7788,op-28c4b5786b0a,CONFIRMED,6.901,00
7789,op-49d440477629,CONFIRMED,6.898,00
7790,op-e54548a0a4da,CONFIRMED,6.877,00
7791,op-b6b0f1df012f,CONFIRMED,6.869,00
7792,op-e4aac126ff06,CONFIRMED,6.858,00
7793,op-9adc8cbda241,CONFIRMED,6.871,00
7794,op-6dd9c77470ae,CONFIRMED,6.872,00
7795,op-f9ed08203b01,CONFIRMED,6.863,00
7796,op-9c4b799da509,CONFIRMED,6.872,00
7797,op-ab1f66f24627,CONFIRMED,6.862,00
7798,op-bcae11545b5a,CONFIRMED,6.865,00
7799,op-276091be467b,CONFIRMED,6.862,00
7800,op-fd20e160b866,CONFIRMED,6.847,00
7801,op-75956a166a38,CONFIRMED,6.842,00
7802,op-52ef76206082,CONFIRMED,6.834,00
7803,op-2126800a22c1,CONFIRMED,6.82,00
7804,op-96b349bbc280,CONFIRMED,6.806,00
7805,op-d01d3ff4c771,CONFIRMED,6.796,00
7806,op-0527840d8902,CONFIRMED,6.781,00
7807,op-dc45abea8b90,CONFIRMED,6.796,00
7808,op-ce2655bff22b,CONFIRMED,6.78,00
7809,op-1489518bd334,CONFIRMED,6.772,00
7810,op-8410c4e5ac92,CONFIRMED,6.749,00
7811,op-8f3fc6eff564,CONFIRMED,6.722,00
7812,op-f23385165bdf,CONFIRMED,6.725,00
7813,op-3e54adc1412f,CONFIRMED,6.727,00
7814,op-bc4241f0fab5,CONFIRMED,6.731,00
7815,op-fcc4c7e0981e,CONFIRMED,6.729,00
7816,op-4e6d3fa34ea0,CONFIRMED,6.715,00
7817,op-1e0dad0ccba8,CONFIRMED,6.711,00
7818,op-001de9b402bb,CONFIRMED,6.708,00
7819,op-2d96de503eaf,CONFIRMED,6.701,00
7820,op-dd83ace2f3a5,CONFIRMED,6.691,00
7821,op-859c115d57b1,CONFIRMED,6.687,00
7822,op-3c5cc8c3a3ba,CONFIRMED,6.68,00
7823,op-f959df04387c,CONFIRMED,6.677,00
7824,op-50b3312c4063,CONFIRMED,6.665,00
7825,op-123504d238b7,CONFIRMED,6.64,00
7826,op-66ca99bdc72a,CONFIRMED,6.634,00
7827,op-ec8a5c561ee4,CONFIRMED,6.632,00
7828,op-62e75c1eb842,CONFIRMED,6.619,00
7829,op-d5ce84b163a0,CONFIRMED,6.612,00
7830,op-cfce67e65c21,CONFIRMED,6.616,00
7831,op-1eccc7cb1c8c,CONFIRMED,6.597,00
7832,op-c175eddc92b3,CONFIRMED,6.614,00
7833,op-09499bc99d10,CONFIRMED,6.595,00
7834,op-20f15c8fd221,CONFIRMED,6.572,00
7835,op-7af44dbdef28,CONFIRMED,6.558,00
7836,op-13a21ffae70b,CONFIRMED,6.534,00
7837,op-928bdd4c128a,CONFIRMED,6.553,00
7838,op-13072356c1f1,CONFIRMED,6.536,00
7839,op-7b54a80d88b8,CONFIRMED,6.549,00
7840,op-5dfd19ae6f95,CONFIRMED,6.543,00
7841,op-f47b4fe6cd29,CONFIRMED,6.549,00
7842,op-27345eaa0e8f,CONFIRMED,6.539,00
7843,op-00c38ba66f64,CONFIRMED,6.538,00
7844,op-f958a7a40ff0,CONFIRMED,6.538,00
7845,op-09f6657f8006,CONFIRMED,6.518,00
7846,op-66f7f1fa3886,CONFIRMED,6.527,00
7847,op-8a204945b6bb,CONFIRMED,6.52,00
7848,op-1c702d93b5ef,CONFIRMED,6.524,00
7849,op-296a2eb8442e,CONFIRMED,6.524,00
7850,op-bcff140f9145,CONFIRMED,6.523,00
7851,op-ecad4d7f2964,CONFIRMED,6.522,00
7852,op-61e65ddc0aae,CONFIRMED,6.518,00
7853,op-127c8b8ed0db,CONFIRMED,6.497,00
7854,op-93bb72da3551,CONFIRMED,6.496,00
7855,op-d94888630e62,CONFIRMED,6.493,00
7856,op-bbd5fa64c227,CONFIRMED,6.51,00
7857,op-faf1df96d2aa,CONFIRMED,6.505,00
7858,op-56921334db1f,CONFIRMED,6.481,00
7859,op-bf8a1e0a28cf,CONFIRMED,6.479,00
7860,op-f89d7d8d89aa,CONFIRMED,6.48,00
7861,op-53829c40d0d7,CONFIRMED,6.483,00
7862,op-77cf6278eb9c,CONFIRMED,6.471,00
7863,op-eda6d3583e05,CONFIRMED,6.45,00
7864,op-3f36967ae8d3,CONFIRMED,6.464,00
7865,op-90d850159816,CONFIRMED,6.464,00
7866,op-eb31255e33ef,CONFIRMED,6.462,00
7867,op-d22554cc788f,CONFIRMED,6.461,00
7868,op-ad0512ce9338,CONFIRMED,6.458,00
7869,op-f2ab8895e817,CONFIRMED,6.435,00
7870,op-8ba5eb096552,CONFIRMED,6.449,00
7871,op-0514221e8e45,CONFIRMED,6.448,00
7872,op-6b384beac1e9,CONFIRMED,6.423,00
7873,op-d08a6db5ad8a,CONFIRMED,6.43,00
7874,op-cdd6bd56a6a0,CONFIRMED,6.432,00
7875,op-edd890bf4c3f,CONFIRMED,6.432,00
7876,op-b69181a66bb3,CONFIRMED,6.429,00
7877,op-117f4eea7daa,CONFIRMED,6.41,00
7878,op-e98404f96cc4,CONFIRMED,6.419,00
7879,op-b527355a8426,CONFIRMED,6.42,00
7880,op-087ef7686337,CONFIRMED,6.421,00
7881,op-aad755276c71,CONFIRMED,6.423,00
7882,op-78acdb91d1d1,CONFIRMED,6.43,00
7883,op-afce4ae18dff,CONFIRMED,6.433,00
7884,op-a8bc71fe610d,CONFIRMED,6.425,00
7885,op-7f1b6335cef0,CONFIRMED,6.424,00
7886,op-b713b0f613ec,CONFIRMED,6.437,00
7887,op-39e240aad06b,CONFIRMED,6.447,00
7888,op-27607179b62c,CONFIRMED,6.449,00
7889,op-ac5d5f4f8329,CONFIRMED,6.449,00
7890,op-656484dc183a,CONFIRMED,6.432,00
7891,op-669446581f6c,CONFIRMED,6.429,00
7892,op-56511747b3e7,CONFIRMED,6.437,00
7893,op-821dd873a583,CONFIRMED,6.435,00
7894,op-feefc01d10d9,CONFIRMED,6.432,00
7895,op-aaf2af31efc6,CONFIRMED,6.407,00
7896,op-818be21c6033,CONFIRMED,6.402,00
7897,op-b9491a8aa8d2,CONFIRMED,6.407,00
7898,op-7b45b745d6f7,CONFIRMED,6.413,00
7899,op-c20e4e9b7223,CONFIRMED,6.423,00
7900,op-b60d94059789,CONFIRMED,6.42,00
7901,op-13373e0469d9,CONFIRMED,6.417,00
7902,op-4be5333c1b86,CONFIRMED,6.404,00
7903,op-acb5f47cdb3c,CONFIRMED,6.4,00
7904,op-8b30ca0f5fd4,CONFIRMED,6.397,00
7905,op-c53f71bab79f,CONFIRMED,6.395,00
7906,op-dc9425b316bf,CONFIRMED,6.393,00
7907,op-d55e106fd5e1,CONFIRMED,6.407,00
7908,op-a9aca6e70757,CONFIRMED,6.404,00
7909,op-efb87a96ba1e,CONFIRMED,6.405,00
7910,op-147d33fbc991,CONFIRMED,6.412,00
7911,op-1c69df316a8c,CONFIRMED,6.406,00
7912,op-ced3c6ab2478,CONFIRMED,6.404,00
7913,op-dc19aa38dad6,CONFIRMED,6.4,00
7914,op-af8964b124e7,CONFIRMED,6.397,00
7915,op-a385c4fe417b,CONFIRMED,6.392,00
7916,op-776b0156ed50,CONFIRMED,6.39,00
7917,op-9c367bf03096,CONFIRMED,6.385,00
7918,op-b04c7442591a,CONFIRMED,6.383,00
7919,op-ac73c56b12bf,CONFIRMED,6.371,00
7920,op-5f340a16be1f,CONFIRMED,6.376,00
7921,op-29e5d9d751a1,CONFIRMED,6.385,00
7922,op-d47ad04eab8b,CONFIRMED,6.382,00
7923,op-629847154a3e,CONFIRMED,6.381,00
7924,op-dec46a8d11d3,CONFIRMED,6.38,00
7925,op-7b10d171701e,CONFIRMED,6.38,00
7926,op-62f2f20d04f0,CONFIRMED,6.373,00
7927,op-16fc1996b97f,CONFIRMED,6.37,00
7928,op-e22017ef5860,CONFIRMED,6.367,00
7929,op-e18b5750c816,CONFIRMED,6.374,00
7930,op-8e8f0a02c5e7,CONFIRMED,6.357,00
7931,op-8ac3a750d940,CONFIRMED,6.355,00
7932,op-e507c2b2d1a7,CONFIRMED,6.349,00
7933,op-c196e422f17b,CONFIRMED,6.354,00
7934,op-3fd16fa8e0fa,CONFIRMED,6.344,00
7935,op-6e438011ae6e,CONFIRMED,6.337,00
7936,op-a2b7c0c966b5,CONFIRMED,6.331,00
7937,op-975c35565054,CONFIRMED,6.349,00
7938,op-44d142bd6f0b,CONFIRMED,6.354,00
7939,op-cc0c0a916f7e,CONFIRMED,6.347,00
7940,op-9b56fcf8e25f,CONFIRMED,6.343,00
7941,op-1ca512312fba,CONFIRMED,6.35,00
7942,op-87de52298695,CONFIRMED,6.355,00
7943,op-76a4ff26ef93,CONFIRMED,6.354,00
7944,op-f6cfcf67b4c5,CONFIRMED,6.367,00
7945,op-655cf5891dcf,CONFIRMED,6.362,00
7946,op-f33e9a16d100,CONFIRMED,6.375,00
7947,op-c666f80fa317,CONFIRMED,6.349,00
7948,op-46f88fdb7cbb,CONFIRMED,6.345,00
7949,op-fde473a544ea,CONFIRMED,6.343,00
7950,op-8972d33f9a7b,CONFIRMED,6.338,00
7951,op-35a8d72e7493,CONFIRMED,6.333,00
7952,op-61d859c38cce,CONFIRMED,6.332,00
7953,op-3f8c347acbe5,CONFIRMED,6.329,00
7954,op-ee34b34890d8,CONFIRMED,6.328,00
7955,op-7a8f7f4dedbb,CONFIRMED,6.346,00
7956,op-ed4190e0eea0,CONFIRMED,6.343,00
7957,op-a36b91589d29,CONFIRMED,6.343,00
7958,op-e24266e1b473,CONFIRMED,6.335,00
7959,op-0b7d9d201d64,CONFIRMED,6.348,00
7960,op-80e50122e1f0,CONFIRMED,6.346,00
7961,op-a47b93bee6d8,CONFIRMED,6.342,00
7962,op-f89f374e91d0,CONFIRMED,6.342,00
7963,op-638686890ca6,CONFIRMED,6.34,00
7964,op-ebd1fbd42202,CONFIRMED,6.339,00
7965,op-84429a355d32,CONFIRMED,6.339,00
7966,op-5e3e7fbc8614,CONFIRMED,6.336,00
7967,op-68aba2c66bc6,CONFIRMED,6.322,00
7968,op-6f32b52d0413,CONFIRMED,6.322,00
7969,op-5b623a7b7824,CONFIRMED,6.31,00
7970,op-ca2e35a60731,CONFIRMED,6.297,00
7971,op-8130b5afe694,CONFIRMED,6.296,00
7972,op-92e815d8f966,CONFIRMED,6.293,00
7973,op-43e453548444,CONFIRMED,8.416,00
7974,op-2de9cf1c406c,CONFIRMED,8.398,00
7975,op-ada035c1061f,CONFIRMED,8.417,00
7976,op-8db759461236,CONFIRMED,8.411,00
7977,op-68a3c717fe78,CONFIRMED,8.407,00
7978,op-873a47a84123,CONFIRMED,8.384,00
7979,op-02d2050b2d7e,CONFIRMED,8.385,00
7980,op-488809e2af5a,CONFIRMED,8.388,00
7981,op-b87e69aed0f5,CONFIRMED,8.361,00
7982,op-b58e9982d152,CONFIRMED,8.358,00
7983,op-d6f241f89575,CONFIRMED,8.361,00
7984,op-73969bd95a56,CONFIRMED,8.358,00
7985,op-8a8d3738b6d9,CONFIRMED,8.345,00
7986,op-9ef9f691262f,CONFIRMED,8.342,00
7987,op-b74f37b60227,CONFIRMED,8.34,00
7988,op-ee0f2050c0cb,CONFIRMED,8.336,00
7989,op-12ac494bc602,CONFIRMED,8.351,00
7990,op-9a27b0c24c0f,CONFIRMED,8.351,00
7991,op-acbd05678ccf,CONFIRMED,8.361,00
7992,op-e29f68d88e7f,CONFIRMED,8.383,00
7993,op-fb72eb6ae4ff,CONFIRMED,8.37,00
7994,op-16b0664560ee,CONFIRMED,8.343,00
7995,op-0bdd692df509,CONFIRMED,8.341,00
7996,op-b5f38ba6316e,CONFIRMED,8.339,00
7997,op-2900c64280e0,CONFIRMED,8.318,00
7998,op-912755c1f5f0,CONFIRMED,8.307,00
7999,op-6dae01ddcfef,CONFIRMED,8.306,00
8000,op-9d615d5d7f79,CONFIRMED,7.06,00
8001,op-56aba24bda2f,CONFIRMED,7.039,00
8002,op-8d87a16b61e9,CONFIRMED,7.036,00
8003,op-c69bc7c400ac,CONFIRMED,7.021,00
8004,op-526e2ff2bdb8,CONFIRMED,7.041,00
8005,op-6c7887d18c0d,CONFIRMED,7.048,00
8006,op-2223243be4eb,CONFIRMED,7.046,00
8007,op-e0e458a59a45,CONFIRMED,7.031,00
8008,op-73edb326e396,CONFIRMED,7.03,00
8009,op-302cf4b86312,CONFIRMED,7.03,00
8010,op-f7b9d8b97a67,CONFIRMED,7.03,00
8011,op-fc1e815bd880,CONFIRMED,7.029,00
8012,op-39d7ff5ed440,CONFIRMED,7.028,00
8013,op-6e6bef3e1cc2,CONFIRMED,7.008,00
8014,op-7e7a1879e036,CONFIRMED,7.025,00
8015,op-247aa4614903,CONFIRMED,7.007,00
8016,op-e4630378eca0,CONFIRMED,7.006,00
8017,op-4ba047e44bf6,CONFIRMED,7.016,00
8018,op-f84f442242f6,CONFIRMED,7.016,00
8019,op-0fdc0f0f2b1d,CONFIRMED,7.031,00
8020,op-0dc8e7b38ea8,CONFIRMED,7.018,00
8021,op-d2d968b6cbd9,CONFIRMED,7.008,00
8022,op-3fd9e66ae46d,CONFIRMED,7.02,00
8023,op-e93fcd0fc639,CONFIRMED,7.015,00
8024,op-598986c97f70,CONFIRMED,7.028,00
8025,op-38e85672f6d3,CONFIRMED,7.001,00
8026,op-663e9a1b5ca7,CONFIRMED,6.995,00
8027,op-d69db427ea04,CONFIRMED,6.993,00
8028,op-8b4395e07475,CONFIRMED,6.993,00
8029,op-a5e85616a163,CONFIRMED,7.003,00
8030,op-20c465d6da41,CONFIRMED,7.013,00
8031,op-69d192c3c61a,CONFIRMED,7.011,00
8032,op-3f49f14a9843,CONFIRMED,7.03,00
8033,op-11dda7f9f949,CONFIRMED,7.03,00
8034,op-9bd390489928,CONFIRMED,7.01,00
8035,op-5750b33cd419,CONFIRMED,7.004,00
8036,op-58182250ee48,CONFIRMED,6.979,00
8037,op-f391a714fe88,CONFIRMED,6.98,00
8038,op-166d3792e127,CONFIRMED,6.981,00
8039,op-f086dc7b7512,CONFIRMED,6.972,00
8040,op-f88a5ad52825,CONFIRMED,6.985,00
8041,op-e1549d148251,CONFIRMED,6.983,00
8042,op-de9c0cb7bb53,CONFIRMED,6.959,00
8043,op-2dc7c8016871,CONFIRMED,6.969,00
8044,op-ee5e7b205e22,CONFIRMED,6.969,00
8045,op-6b268ce857f7,CONFIRMED,6.968,00
8046,op-a3f6f76fc7bf,CONFIRMED,6.906,00
8047,op-46c6ec4f7fe0,CONFIRMED,6.905,00
8048,op-a711926dc1ed,CONFIRMED,6.89,00
8049,op-423717559a02,CONFIRMED,6.889,00
8050,op-bd77058627a0,CONFIRMED,6.87,00
8051,op-8d7e6a38b256,CONFIRMED,6.884,00
8052,op-f458bb3dfd52,CONFIRMED,6.884,00
8053,op-fe16d64c1f84,CONFIRMED,6.903,00
8054,op-dac859e9a66c,CONFIRMED,6.901,00
8055,op-c0f56e21de36,CONFIRMED,6.908,00
8056,op-05c5a6d235d5,CONFIRMED,6.898,00
8057,op-9d31fd1caa98,CONFIRMED,6.888,00
8058,op-82e8ca17cfda,CONFIRMED,6.876,00
8059,op-e9c71c8c9efb,CONFIRMED,6.875,00
8060,op-97863eb2ebc5,CONFIRMED,6.888,00
8061,op-a6fe6516beae,CONFIRMED,6.885,00
8062,op-e82b75253443,CONFIRMED,6.869,00
8063,op-950aedf4a213,CONFIRMED,6.867,00
8064,op-a245860fbe10,CONFIRMED,6.863,00
8065,op-99121202fb96,CONFIRMED,6.863,00
8066,op-c4dbae5e7200,CONFIRMED,6.846,00
8067,op-53e21733011f,CONFIRMED,6.822,00
8068,op-607e91c7230b,CONFIRMED,6.814,00
8069,op-7da83d9cf6cb,CONFIRMED,6.803,00
8070,op-a3f638b786c0,CONFIRMED,6.813,00
8071,op-354cc3b49df3,CONFIRMED,6.862,00
8072,op-abed111e2f9e,CONFIRMED,6.86,00
8073,op-e2e702666471,CONFIRMED,6.874,00
8074,op-cb544e03021a,CONFIRMED,6.849,00
8075,op-5e6e90002f2a,CONFIRMED,6.852,00
8076,op-fedee90191c0,CONFIRMED,6.834,00
8077,op-5204a7215560,CONFIRMED,6.824,00
8078,op-700d0176a14c,CONFIRMED,6.832,00
8079,op-726d09c01c97,CONFIRMED,6.813,00
8080,op-0a68e7a5912f,CONFIRMED,6.804,00
8081,op-b07232fdecfa,CONFIRMED,6.805,00
8082,op-1c015ed6d015,CONFIRMED,6.788,00
8083,op-6ba35892b1f2,CONFIRMED,6.783,00
8084,op-0eb37f247e29,CONFIRMED,6.78,00
8085,op-ace87664d222,CONFIRMED,6.779,00
8086,op-45bf3c491a56,CONFIRMED,6.774,00
8087,op-1af4d3a406fb,CONFIRMED,6.754,00
8088,op-a52c7a241994,CONFIRMED,6.765,00
8089,op-9ae866430b31,CONFIRMED,6.786,00
8090,op-39ebefd5cf12,CONFIRMED,6.794,00
8091,op-9780df60a7e0,CONFIRMED,6.792,00
8092,op-3c82fb7070b1,CONFIRMED,6.79,00
8093,op-77936bcefc5b,CONFIRMED,6.79,00
8094,op-2dafa87b9339,CONFIRMED,6.79,00
8095,op-d22a2d463226,CONFIRMED,6.786,00
8096,op-d4f66e41fbb7,CONFIRMED,6.787,00
8097,op-c9b3cf3e0a7f,CONFIRMED,6.784,00
8098,op-b8ebad470327,CONFIRMED,6.803,00
8099,op-1e5c775d1cf5,CONFIRMED,6.801,00
8100,op-09606491ddc1,CONFIRMED,6.815,00
8101,op-49f2e44f1b24,CONFIRMED,6.812,00
8102,op-e250b1572fc1,CONFIRMED,6.803,00
8103,op-35ab9b88f25c,CONFIRMED,6.801,00
8104,op-58cf54564810,CONFIRMED,6.799,00
8105,op-aa6a02049ed8,CONFIRMED,6.793,00
8106,op-5a91c0f4829e,CONFIRMED,6.791,00
8107,op-dbcebed38b9e,CONFIRMED,6.789,00
8108,op-1e6e2cbeedf6,CONFIRMED,6.779,00
8109,op-8edf6dcf3b36,CONFIRMED,6.764,00
8110,op-f917e71f1c68,CONFIRMED,6.621,00
8111,op-f77dc85fc52c,CONFIRMED,6.621,00
8112,op-606e864d28bd,CONFIRMED,6.637,00
8113,op-4b3625f8a7d2,CONFIRMED,6.636,00
8114,op-8ffb8ab5b403,CONFIRMED,6.653,00
8115,op-476ddfac873f,CONFIRMED,6.664,00
8116,op-d2e3ff6843d5,CONFIRMED,6.668,00
8117,op-91088fda3296,CONFIRMED,6.677,00
8118,op-fc7a38383077,CONFIRMED,6.67,00
8119,op-c9a85514e7ec,CONFIRMED,6.691,00
8120,op-a53918cbf037,CONFIRMED,6.694,00
8121,op-084408f7948b,CONFIRMED,6.659,00
8122,op-837646b6f68c,CONFIRMED,6.678,00
8123,op-a2fca2a5f4c6,CONFIRMED,6.677,00
8124,op-112e1cd4c143,CONFIRMED,6.675,00
8125,op-244946c525d9,CONFIRMED,6.673,00
8126,op-fafa5a839651,CONFIRMED,6.673,00
8127,op-d2a9c79c3b9f,CONFIRMED,6.671,00
8128,op-82e4b63864eb,CONFIRMED,6.657,00
8129,op-d56f90f6611a,CONFIRMED,6.675,00
8130,op-8cdb0bbeffab,CONFIRMED,6.656,00
8131,op-9b2cc5470c0a,CONFIRMED,6.646,00
8132,op-c3f129d04f51,CONFIRMED,6.646,00
8133,op-f5bff7b8a63d,CONFIRMED,6.633,00
8134,op-f02aa01df928,CONFIRMED,6.641,00
8135,op-a5462ebbc710,CONFIRMED,6.645,00
8136,op-ea92f4d4c9a4,CONFIRMED,6.649,00
8137,op-74698f53479f,CONFIRMED,6.653,00
8138,op-cf9996642b44,CONFIRMED,6.667,00
8139,op-fc9355cab350,CONFIRMED,6.666,00
8140,op-41dbe9184f9b,CONFIRMED,6.661,00
8141,op-e89fb6b63fea,CONFIRMED,6.662,00
8142,op-e2161a70c6d9,CONFIRMED,6.66,00
8143,op-fe703ad9bf34,CONFIRMED,6.659,00
8144,op-6dc13a2c7262,CONFIRMED,6.656,00
8145,op-7e1de824dfde,CONFIRMED,6.651,00
8146,op-159d7d889ac6,CONFIRMED,6.649,00
8147,op-bc5960897584,CONFIRMED,6.627,00
8148,op-c756439b0ed4,CONFIRMED,6.618,00
8149,op-82f1cf3a8dd8,CONFIRMED,6.617,00
8150,op-1e76cb39d48d,CONFIRMED,6.617,00
8151,op-10d097d878cf,CONFIRMED,6.617,00
8152,op-ae68fa4e422f,CONFIRMED,6.603,00
8153,op-4f23bb5f1667,CONFIRMED,6.597,00
8154,op-50aed42e76e9,CONFIRMED,6.602,00
8155,op-a5ec91081f0d,CONFIRMED,6.61,00
8156,op-88d31dfa92d1,CONFIRMED,6.607,00
8157,op-70160cf0df5c,CONFIRMED,6.607,00
8158,op-702b5de49fb6,CONFIRMED,6.624,00
8159,op-680e591da16e,CONFIRMED,6.624,00
8160,op-9d1a5b8ca2d8,CONFIRMED,6.629,00
8161,op-5adb6520eaf7,CONFIRMED,6.615,00
8162,op-5751ad851ac5,CONFIRMED,6.612,00
8163,op-a0494dcfe3b4,CONFIRMED,6.611,00
8164,op-88d95ae44bab,CONFIRMED,6.611,00
8165,op-4fb39efc6c92,CONFIRMED,6.651,00
8166,op-a469b628498e,CONFIRMED,6.637,00
8167,op-97d5a5194cdc,CONFIRMED,6.615,00
8168,op-ece62faa8366,CONFIRMED,6.616,00
8169,op-66476fa5d7e5,CONFIRMED,6.624,00
8170,op-52b45d27d836,CONFIRMED,6.625,00
8171,op-37120ab1c293,CONFIRMED,6.628,00
8172,op-2f4d0ae69589,CONFIRMED,6.622,00
8173,op-9f350b33dd49,CONFIRMED,6.6,00
8174,op-37328b961a45,CONFIRMED,6.607,00
8175,op-7624d47f2e68,CONFIRMED,6.607,00
8176,op-ae598333542b,CONFIRMED,6.604,00
8177,op-8a074d9efca3,CONFIRMED,6.588,00
8178,op-86916cb63b48,CONFIRMED,6.596,00
8179,op-db988bf0d48f,CONFIRMED,6.597,00
8180,op-0bcd73f8a9d5,CONFIRMED,6.597,00
8181,op-ccf59badaa5f,CONFIRMED,6.576,00
8182,op-0d21b93eb9cf,CONFIRMED,6.585,00
8183,op-8295eaa82b4e,CONFIRMED,6.572,00
8184,op-3f8341561e20,CONFIRMED,6.571,00
8185,op-d0dc449b0576,CONFIRMED,6.57,00
8186,op-95ed2ec37d4b,CONFIRMED,6.57,00
8187,op-4e74a0a4e665,CONFIRMED,6.567,00
8188,op-4eae6aa954c9,CONFIRMED,6.567,00
8189,op-9fc0722693ff,CONFIRMED,6.565,00
8190,op-b17093eb9e2e,CONFIRMED,6.581,00
8191,op-e58c25d7fc5a,CONFIRMED,6.582,00
8192,op-c52744f010f9,CONFIRMED,6.581,00
8193,op-500fb8e8117d,CONFIRMED,6.569,00
8194,op-d0358b28d60b,CONFIRMED,6.571,00
8195,op-14ecd38f7b2d,CONFIRMED,6.563,00
8196,op-e0bc5a070f0b,CONFIRMED,6.545,00
8197,op-9e81becbc4d2,CONFIRMED,6.546,00
8198,op-90aa38029248,CONFIRMED,6.527,00
8199,op-877ba19da59c,CONFIRMED,6.518,00
8200,op-6a79d22853c4,CONFIRMED,6.525,00
8201,op-f99c9fc63219,CONFIRMED,6.532,00
8202,op-c7fef2fdba09,CONFIRMED,6.538,00
8203,op-1f36b4d23dc1,CONFIRMED,6.548,00
8204,op-0f76e9865a8f,CONFIRMED,6.547,00
8205,op-4a5105fa0b0d,CONFIRMED,6.567,00
8206,op-fb949fe7c28d,CONFIRMED,6.554,00
8207,op-418ec72104af,CONFIRMED,6.561,00
8208,op-418db78c7049,CONFIRMED,6.559,00
8209,op-70352f41b592,CONFIRMED,6.537,00
8210,op-622efa6b4aeb,CONFIRMED,6.511,00
8211,op-2349e6a8dfe0,CONFIRMED,6.724,00
8212,op-c577f2cfd190,CONFIRMED,6.707,00
8213,op-35f42cce1131,CONFIRMED,6.705,00
8214,op-8de0a810470d,CONFIRMED,6.703,00
8215,op-e77d01fd16ef,CONFIRMED,6.708,00
8216,op-055543bed453,CONFIRMED,6.716,00
8217,op-72abceea7323,CONFIRMED,6.715,00
8218,op-147f7ecccf88,CONFIRMED,6.729,00
8219,op-535b4782ead5,CONFIRMED,6.733,00
8220,op-07208dcd43e2,CONFIRMED,6.724,00
8221,op-8a2102520a93,CONFIRMED,6.737,00
8222,op-abcf8909cb59,CONFIRMED,6.737,00
8223,op-da768394d41b,CONFIRMED,6.736,00
8224,op-c0815739f995,CONFIRMED,6.737,00
8225,op-851821663758,CONFIRMED,6.759,00
8226,op-86a81be9f1b7,CONFIRMED,6.755,00
8227,op-e855a82cbf7e,CONFIRMED,6.751,00
8228,op-8db810c0245b,CONFIRMED,6.753,00
8229,op-104100af8699,CONFIRMED,6.752,00
8230,op-7f0d9f436c55,CONFIRMED,6.763,00
8231,op-32d26a9f40dd,CONFIRMED,6.763,00
8232,op-30cfc3de4621,CONFIRMED,6.774,00
8233,op-23b86205225d,CONFIRMED,6.775,00
8234,op-e739d8eade6c,CONFIRMED,6.784,00
8235,op-4f52a24a80cd,CONFIRMED,6.782,00
8236,op-d37e6fdb4ac7,CONFIRMED,6.77,00
8237,op-4338e56304d6,CONFIRMED,6.745,00
8238,op-86eee33977d6,CONFIRMED,6.755,00
8239,op-236178b2dd86,CONFIRMED,6.735,00
8240,op-2f33a0c39a8f,CONFIRMED,6.731,00
8241,op-15025dca5311,CONFIRMED,6.744,00
8242,op-1af178e28f80,CONFIRMED,6.733,00
8243,op-69bcc74f1606,CONFIRMED,6.733,00
8244,op-f9ed2e1e0830,CONFIRMED,6.733,00
8245,op-d2f8bb6f4d00,CONFIRMED,6.732,00
8246,op-e163b9e66613,CONFIRMED,6.716,00
8247,op-9dca95de6118,CONFIRMED,6.717,00
8248,op-d9dd53d83c0f,CONFIRMED,6.732,00
8249,op-7cd47b0573f9,CONFIRMED,6.732,00
8250,op-523842da97a5,CONFIRMED,6.747,00
8251,op-7d18eb8e7bc0,CONFIRMED,6.756,00
8252,op-68ed2928a7cf,CONFIRMED,6.75,00
8253,op-ef8a1b072385,CONFIRMED,6.777,00
8254,op-24acaf24ac4b,CONFIRMED,6.777,00
8255,op-1ebb1ba92687,CONFIRMED,6.764,00
8256,op-e43596750cc0,CONFIRMED,6.76,00
8257,op-cdde5152890c,CONFIRMED,6.757,00
8258,op-db6227351274,CONFIRMED,6.757,00
8259,op-484168874b4b,CONFIRMED,6.757,00
8260,op-402b057c66e2,CONFIRMED,6.752,00
8261,op-b333ac575878,CONFIRMED,6.765,00
8262,op-b872432d5d88,CONFIRMED,6.749,00
8263,op-f657ad7c2dcd,CONFIRMED,6.748,00
8264,op-be25523fe9a0,CONFIRMED,6.748,00
8265,op-3590a8fee858,CONFIRMED,6.745,00
8266,op-d825b1414948,CONFIRMED,6.757,00
8267,op-f5d9e0ae08c1,CONFIRMED,6.75,00
8268,op-9f3476b3d5cf,CONFIRMED,6.747,00
8269,op-0b79b75c0417,CONFIRMED,6.723,00
8270,op-2b39513486b0,CONFIRMED,6.721,00
8271,op-d434554a0337,CONFIRMED,6.72,00
8272,op-2e6af5727d36,CONFIRMED,6.718,00
8273,op-746d32049338,CONFIRMED,6.718,00
8274,op-fd15b4cf8ec9,CONFIRMED,6.715,00
8275,op-9903b1e1f138,CONFIRMED,6.713,00
8276,op-889bc6e51799,CONFIRMED,6.711,00
8277,op-08b6d7436e29,CONFIRMED,6.713,00
8278,op-3d8b83d98355,CONFIRMED,6.717,00
8279,op-8662b4ae8071,CONFIRMED,6.715,00
8280,op-1211792b81b6,CONFIRMED,6.713,00
8281,op-564399962b3d,CONFIRMED,6.692,00
8282,op-2be0c024c1f1,CONFIRMED,6.684,00
8283,op-115adad037bf,CONFIRMED,6.679,00
8284,op-71bb6bb503f2,CONFIRMED,6.686,00
8285,op-573ab8b6bd79,CONFIRMED,6.685,00
8286,op-8791e3516c50,CONFIRMED,6.669,00
8287,op-e315dc2779b1,CONFIRMED,6.676,00
8288,op-dae0c3a5256d,CONFIRMED,6.673,00
8289,op-79d5dfcba8e1,CONFIRMED,6.689,00
8290,op-1c13a5ac716f,CONFIRMED,6.688,00
8291,op-c10662988fa4,CONFIRMED,6.683,00
8292,op-d98084032d65,CONFIRMED,6.678,00
8293,op-612409a4274e,CONFIRMED,6.693,00
8294,op-0ccaaacecc35,CONFIRMED,6.691,00
8295,op-cc4b104436b5,CONFIRMED,6.689,00
8296,op-3834eedc58f0,CONFIRMED,6.685,00
8297,op-af3f5bc0b2fa,CONFIRMED,6.683,00
8298,op-6347601b5c4e,CONFIRMED,6.682,00
8299,op-11a6668df1a6,CONFIRMED,6.667,00
8300,op-30968f22ab52,CONFIRMED,6.673,00
8301,op-c9030bf2bbf7,CONFIRMED,6.671,00
8302,op-55f32b8fd690,CONFIRMED,6.689,00
8303,op-599b3b04200c,CONFIRMED,6.694,00
8304,op-34c5d8cee2bb,CONFIRMED,6.7,00
8305,op-33f7e765e6e4,CONFIRMED,6.696,00
8306,op-fffac42c802d,CONFIRMED,6.693,00
8307,op-1f1cc8709117,CONFIRMED,6.701,00
8308,op-e092ba29d366,CONFIRMED,6.679,00
8309,op-ad11a47cab22,CONFIRMED,6.679,00
8310,op-625c38193f37,CONFIRMED,6.699,00
8311,op-cb3e8882add9,CONFIRMED,6.719,00
8312,op-ea5f23074212,CONFIRMED,6.716,00
8313,op-b72d63b937b0,CONFIRMED,6.71,00
8314,op-6ff02c570c9b,CONFIRMED,6.705,00
8315,op-74c162068a00,CONFIRMED,6.704,00
8316,op-7d1e5a6a63c4,CONFIRMED,6.684,00
8317,op-f45bfddf916b,CONFIRMED,6.662,00
8318,op-17cc25cf6e31,CONFIRMED,6.659,00
8319,op-f6c83959c9f7,CONFIRMED,6.668,00
8320,op-e9fb9b9f5290,CONFIRMED,6.676,00
8321,op-0b4c0e0d5626,CONFIRMED,6.675,00
8322,op-124d9e654d90,CONFIRMED,6.678,00
8323,op-c2136bbb73bd,CONFIRMED,6.695,00
8324,op-6f2cebb1314c,CONFIRMED,6.691,00
8325,op-98a2e9427195,CONFIRMED,6.704,00
8326,op-9591802e8ba8,CONFIRMED,6.713,00
8327,op-f6f7d0e69e32,CONFIRMED,6.72,00
8328,op-c17da71b4b1b,CONFIRMED,6.719,00
8329,op-e4d4526a9c10,CONFIRMED,6.721,00
8330,op-d15ca0e3aabf,CONFIRMED,6.718,00
8331,op-912969001bb0,CONFIRMED,6.705,00
8332,op-9071d633a265,CONFIRMED,6.705,00
8333,op-f6e0d7d92b05,CONFIRMED,6.703,00
8334,op-757756a9fcab,CONFIRMED,6.703,00
8335,op-006f79a18acd,CONFIRMED,6.702,00
8336,op-493114dde854,CONFIRMED,6.7,00
8337,op-e93cfd559167,CONFIRMED,6.705,00
8338,op-bdac88e461ab,CONFIRMED,6.711,00
8339,op-6f10e1a59205,CONFIRMED,6.719,00
8340,op-280e630fd7aa,CONFIRMED,6.724,00
8341,op-715f5f5e6837,CONFIRMED,6.711,00
8342,op-57928cc4a3ca,CONFIRMED,6.703,00
8343,op-0131e019cdfc,CONFIRMED,6.678,00
8344,op-895d0d116ce4,CONFIRMED,6.676,00
8345,op-d48eec20ab20,CONFIRMED,6.66,00
8346,op-ab226c79ea99,CONFIRMED,6.679,00
8347,op-a7add54def5e,CONFIRMED,6.662,00
8348,op-d7ddaf2187a6,CONFIRMED,6.656,00
8349,op-9116be38aa99,CONFIRMED,6.677,00
8350,op-de782683b3e8,CONFIRMED,6.676,00
8351,op-fa4e03d0e5d3,CONFIRMED,6.675,00
8352,op-28df94f1dbaa,CONFIRMED,6.672,00
8353,op-aab8e16fb9e8,CONFIRMED,6.67,00
8354,op-6eb06e7a3330,CONFIRMED,6.659,00
8355,op-ed2bea985c7e,CONFIRMED,6.658,00
8356,op-7db827d7a1f2,CONFIRMED,6.663,00
8357,op-f88a798e0596,CONFIRMED,6.671,00
8358,op-dcef445d9d86,CONFIRMED,6.674,00
8359,op-9cde6702fc53,CONFIRMED,6.673,00
8360,op-f0dc4c05409b,CONFIRMED,6.681,00
8361,op-e4e6fae15750,CONFIRMED,6.686,00
8362,op-5052da41e6fc,CONFIRMED,6.708,00
8363,op-297c405467fa,CONFIRMED,6.691,00
8364,op-03d45d0f9fcd,CONFIRMED,6.684,00
8365,op-dba0b06132b8,CONFIRMED,6.686,00
8366,op-28377413a7c2,CONFIRMED,6.679,00
8367,op-914013a89e37,CONFIRMED,6.691,00
8368,op-c1f17191d1b1,CONFIRMED,6.68,00
8369,op-3ad67272aeaa,CONFIRMED,6.656,00
8370,op-8063f2d0246b,CONFIRMED,6.648,00
8371,op-169a7b9b9cff,CONFIRMED,6.654,00
8372,op-1064b2a586e9,CONFIRMED,6.636,00
8373,op-99a12b988dea,CONFIRMED,6.641,00
8374,op-5f0183b10570,CONFIRMED,6.632,00
8375,op-348ddb435cd3,CONFIRMED,6.624,00
8376,op-de6e34ec0c1e,CONFIRMED,6.635,00
8377,op-3138dc12f22b,CONFIRMED,6.631,00
8378,op-06100a76d03e,CONFIRMED,6.629,00
8379,op-d33449ecbf82,CONFIRMED,6.623,00
8380,op-59d942c62606,CONFIRMED,6.616,00
8381,op-92a73dca6d5a,CONFIRMED,6.616,00
8382,op-ebd40fe3e49e,CONFIRMED,6.614,00
8383,op-a97eb99ea931,CONFIRMED,6.606,00
8384,op-3aa8a62142eb,CONFIRMED,6.614,00
8385,op-93aa875671f9,CONFIRMED,6.62,00
8386,op-41184b786267,CONFIRMED,6.598,00
8387,op-9594ae33bdec,CONFIRMED,6.571,00
8388,op-819e369080d3,CONFIRMED,6.576,00
8389,op-cd2e455dc930,CONFIRMED,6.562,00
8390,op-a3e2910270ba,CONFIRMED,6.579,00
8391,op-21bdc629455d,CONFIRMED,6.563,00
8392,op-2d9a9567cd9d,CONFIRMED,6.577,00
8393,op-130e7b3c84a7,CONFIRMED,6.582,00
8394,op-a51243d20193,CONFIRMED,6.566,00
8395,op-83b5ce3a1849,CONFIRMED,6.566,00
8396,op-f7c18af52f2f,CONFIRMED,6.542,00
8397,op-dbebdc663cbf,CONFIRMED,6.549,00
8398,op-8c989811e743,CONFIRMED,6.541,00
8399,op-ea239febe16b,CONFIRMED,6.546,00
8400,op-efad8b15bf59,CONFIRMED,6.535,00
8401,op-842b53423e8a,CONFIRMED,6.532,00
8402,op-bac46634c1fc,CONFIRMED,6.543,00
8403,op-707bb2f7ce3b,CONFIRMED,6.547,00
8404,op-6edd305fd1f2,CONFIRMED,6.54,00
8405,op-60e06465c98e,CONFIRMED,6.53,00
8406,op-1641abf0743f,CONFIRMED,6.51,00
8407,op-3fa9f14b3d05,CONFIRMED,6.503,00
8408,op-27dfe7357c38,CONFIRMED,6.494,00
8409,op-9aeab1d88ca5,CONFIRMED,6.49,00
8410,op-e5bf5dc04a62,CONFIRMED,6.479,00
8411,op-2d337f2b57a4,CONFIRMED,6.477,00
8412,op-7d84efbfd7e8,CONFIRMED,6.462,00
8413,op-d40638a2ad9f,CONFIRMED,6.458,00
8414,op-f27828ae1ce7,CONFIRMED,6.436,00
8415,op-eea505634bcb,CONFIRMED,6.446,00
8416,op-e63877e061a1,CONFIRMED,6.453,00
8417,op-36892ef98773,CONFIRMED,6.431,00
8418,op-358684747612,CONFIRMED,6.429,00
8419,op-812e0ef8bcfe,CONFIRMED,6.436,00
8420,op-0f0ddc12c459,CONFIRMED,6.432,00
8421,op-fd15180c6de8,CONFIRMED,6.45,00
8422,op-7afb41f61dfc,CONFIRMED,6.434,00
8423,op-17011574e81a,CONFIRMED,6.426,00
8424,op-72381b84c48d,CONFIRMED,6.414,00
8425,op-d1e76ca92614,CONFIRMED,6.435,00
8426,op-5ea2eb5b5f7a,CONFIRMED,6.428,00
8427,op-68f122b22fde,CONFIRMED,6.447,00
8428,op-8fce8166f6dd,CONFIRMED,6.43,00
8429,op-1ffdf2d846e7,CONFIRMED,6.429,00
8430,op-2cee8aa43159,CONFIRMED,6.429,00
8431,op-795b0725a773,CONFIRMED,6.426,00
8432,op-401e36c72045,CONFIRMED,6.437,00
8433,op-eb2ae330993a,CONFIRMED,6.426,00
8434,op-4c4ef27b454e,CONFIRMED,6.422,00
8435,op-760fdd7b24c3,CONFIRMED,6.419,00
8436,op-5672cb7afcb6,CONFIRMED,6.418,00
8437,op-d52b699bd91a,CONFIRMED,6.416,00
8438,op-e75f617a31c3,CONFIRMED,6.412,00
8439,op-785a188546a3,CONFIRMED,6.407,00
8440,op-7e8375219529,CONFIRMED,6.406,00
8441,op-4ca9e04a6477,CONFIRMED,6.404,00
8442,op-bfa4eabbf6da,CONFIRMED,6.414,00
8443,op-c2fbabe40345,CONFIRMED,6.418,00
8444,op-463728c9afd3,CONFIRMED,6.413,00
8445,op-b050a59430d9,CONFIRMED,6.426,00
8446,op-14e50167a2fd,CONFIRMED,6.422,00
8447,op-7a87b2766081,CONFIRMED,6.418,00
8448,op-534867386521,CONFIRMED,6.41,00
8449,op-697227b93c02,CONFIRMED,6.411,00
8450,op-088f662acdb7,CONFIRMED,6.416,00
8451,op-5f68d2c1b947,CONFIRMED,6.41,00
8452,op-2f5feef943d3,CONFIRMED,6.39,00
8453,op-ebd409cdb330,CONFIRMED,6.381,00
8454,op-789a437cda3c,CONFIRMED,6.387,00
8455,op-81f681202946,CONFIRMED,6.385,00
8456,op-5c72f4a4c60c,CONFIRMED,6.381,00
8457,op-788f71dcc610,CONFIRMED,6.379,00
8458,op-4e3647dabf2e,CONFIRMED,6.378,00
8459,op-988433d23b64,CONFIRMED,6.394,00
8460,op-1c8a337975e5,CONFIRMED,6.415,00
8461,op-920a0a423214,CONFIRMED,6.415,00
8462,op-a486850d4b8e,CONFIRMED,6.394,00
8463,op-b805525e08b6,CONFIRMED,6.407,00
8464,op-79dc46dde7ab,CONFIRMED,6.4,00
8465,op-aa7e8dd18d3a,CONFIRMED,6.39,00
8466,op-f3eab16ad9b2,CONFIRMED,6.365,00
8467,op-7fa4acfb91bd,CONFIRMED,6.355,00
8468,op-717a6758d215,CONFIRMED,6.344,00
8469,op-7356fc33c3f5,CONFIRMED,6.341,00
8470,op-db9595102cbb,CONFIRMED,6.334,00
8471,op-e7e500526be0,CONFIRMED,6.325,00
8472,op-5fe814cb2aa4,CONFIRMED,6.308,00
8473,op-2477d5cb7297,CONFIRMED,6.301,00
8474,op-d3ed20350b4e,CONFIRMED,6.298,00
8475,op-e3ae1e1cf52e,CONFIRMED,6.315,00
8476,op-e56439cb638e,CONFIRMED,6.323,00
8477,op-9a07adbdf227,CONFIRMED,6.321,00
8478,op-76e89dd8301e,CONFIRMED,6.298,00
8479,op-aec6c9f9d3e6,CONFIRMED,6.296,00
8480,op-27feb5fa6d3f,CONFIRMED,6.295,00
8481,op-815d7adfa99e,CONFIRMED,6.293,00
8482,op-ee495a0d07b1,CONFIRMED,6.278,00
8483,op-1531d2e517d2,CONFIRMED,6.287,00
8484,op-42ebec5c9c8f,CONFIRMED,6.286,00
8485,op-f2fbc90087be,CONFIRMED,6.288,00
8486,op-8303d8128812,CONFIRMED,6.296,00
8487,op-8a454184691c,CONFIRMED,6.295,00
8488,op-85cd1f9b436b,CONFIRMED,6.291,00
8489,op-d44e2919383c,CONFIRMED,6.299,00
8490,op-c9172083d4dd,CONFIRMED,6.298,00
8491,op-e3c170d88f8c,CONFIRMED,6.288,00
8492,op-4eaa52ea1374,CONFIRMED,6.298,00
8493,op-67b06799d174,CONFIRMED,6.287,00
8494,op-99a407dd9354,CONFIRMED,6.289,00
8495,op-6b555db192b7,CONFIRMED,6.302,00
8496,op-4be52d29cdb2,CONFIRMED,6.278,00
8497,op-61141f5fa74d,CONFIRMED,6.278,00
8498,op-4356c4ea977b,CONFIRMED,6.277,00
8499,op-28f8d5acc15f,CONFIRMED,6.297,00
8500,op-e74a365130f8,CONFIRMED,6.764,00
8501,op-f49be4901979,CONFIRMED,6.753,00
8502,op-7c98481b19fe,CONFIRMED,6.768,00
8503,op-76960186d329,CONFIRMED,6.779,00
8504,op-784805bebe23,CONFIRMED,6.8,00
8505,op-8354075fd861,CONFIRMED,6.806,00
8506,op-c66eba638343,CONFIRMED,6.805,00
8507,op-88900bdb4bd6,CONFIRMED,6.822,00
8508,op-829c00dfbf12,CONFIRMED,6.828,00
8509,op-9db3daac4e4a,CONFIRMED,6.809,00
8510,op-941fe3526dbb,CONFIRMED,6.797,00
8511,op-174bc847f6eb,CONFIRMED,6.802,00
8512,op-1a65971855c5,CONFIRMED,6.811,00
8513,op-1687701d0277,CONFIRMED,6.82,00
8514,op-4a70f2222645,CONFIRMED,6.819,00
8515,op-31cdbb205e60,CONFIRMED,6.838,00
8516,op-765f41dd03c2,CONFIRMED,6.835,00
8517,op-06be5e469fa7,CONFIRMED,6.817,00
8518,op-157ee2a04808,CONFIRMED,6.822,00
8519,op-cf597299e4f4,CONFIRMED,6.811,00
8520,op-45825573ab84,CONFIRMED,6.809,00
8521,op-01f9da42c6e3,CONFIRMED,6.801,00
8522,op-309d2c45e1cb,CONFIRMED,6.797,00
8523,op-e0c13b5be833,CONFIRMED,6.812,00
8524,op-b5c17921c24e,CONFIRMED,6.819,00
8525,op-5c58308da88f,CONFIRMED,6.814,00
8526,op-c7da4ac60177,CONFIRMED,6.813,00
8527,op-b40ad847be96,CONFIRMED,6.811,00
8528,op-b485a126e803,CONFIRMED,6.811,00
8529,op-63dd8876ac0c,CONFIRMED,6.805,00
8530,op-eeaa75048d92,CONFIRMED,6.804,00
8531,op-03ea518d54e9,CONFIRMED,6.802,00
8532,op-f0507185be4e,CONFIRMED,6.8,00
8533,op-7c76497b76ee,CONFIRMED,6.799,00
8534,op-658ae7eccecf,CONFIRMED,6.777,00
8535,op-1386b56c9a28,CONFIRMED,6.754,00
8536,op-4ed73b96053e,CONFIRMED,6.752,00
8537,op-f866b52bc918,CONFIRMED,6.757,00
8538,op-e9f2613078e5,CONFIRMED,6.756,00
8539,op-514baa04f8b4,CONFIRMED,6.748,00
8540,op-cca8936bf0f2,CONFIRMED,6.747,00
8541,op-e20932ee89d1,CONFIRMED,6.743,00
8542,op-39d74e1d6d73,CONFIRMED,6.759,00
8543,op-97f27a171011,CONFIRMED,6.746,00
8544,op-073fd7af31f5,CONFIRMED,6.744,00
8545,op-035566d87b86,CONFIRMED,6.741,00
8546,op-cdf994ec03b4,CONFIRMED,6.731,00
8547,op-496f551a019d,CONFIRMED,6.755,00
8548,op-192e8097dadf,CONFIRMED,6.762,00
8549,op-c8fd4839c4cb,CONFIRMED,6.76,00
8550,op-dd4601d6f38b,CONFIRMED,6.78,00
8551,op-e8542fa38989,CONFIRMED,6.777,00
8552,op-7312cac94668,CONFIRMED,6.776,00
8553,op-47fde012bb22,CONFIRMED,6.773,00
8554,op-18a89f6b45c7,CONFIRMED,6.782,00
8555,op-0a8ecf6d82ab,CONFIRMED,6.779,00
8556,op-44c1bbf0c80c,CONFIRMED,6.79,00
8557,op-12248589c325,CONFIRMED,6.766,00
8558,op-c4aa0ccb7cf8,CONFIRMED,6.765,00
8559,op-6e275358c151,CONFIRMED,6.767,00
8560,op-5f504aefd265,CONFIRMED,6.785,00
8561,op-da4e7fe9fd76,CONFIRMED,6.794,00
8562,op-ac86f7f3784c,CONFIRMED,6.779,00
8563,op-f7b71dfcc86a,CONFIRMED,6.772,00
8564,op-3c8ad92b8ab3,CONFIRMED,6.785,00
8565,op-e4fe85e9a558,CONFIRMED,6.795,00
8566,op-acefeba7f051,CONFIRMED,6.802,00
8567,op-c281037f9c26,CONFIRMED,6.778,00
8568,op-1a3f40c7ffd5,CONFIRMED,6.773,00
8569,op-99c0c2e393a2,CONFIRMED,6.773,00
8570,op-f1f4215933dd,CONFIRMED,6.755,00
8571,op-98f2fb49f161,CONFIRMED,6.744,00
8572,op-09cb3950e267,CONFIRMED,6.73,00
8573,op-122f4b5f46fd,CONFIRMED,6.729,00
8574,op-8c1aff3af7f3,CONFIRMED,6.728,00
8575,op-2cb734ffeae4,CONFIRMED,6.748,00
8576,op-e9e3550c9206,CONFIRMED,6.754,00
8577,op-df262ad4dbca,CONFIRMED,6.765,00
8578,op-aee5b90db2dd,CONFIRMED,6.75,00
8579,op-607b26a414bd,CONFIRMED,6.751,00
8580,op-d0f7f17eabf5,CONFIRMED,6.733,00
8581,op-82fac2e0aa14,CONFIRMED,6.754,00
8582,op-1cd0ca6f0759,CONFIRMED,6.736,00
8583,op-a85d76b2b3c7,CONFIRMED,6.732,00
8584,op-77ee2503bb7d,CONFIRMED,6.731,00
8585,op-efeeb9bcad05,CONFIRMED,6.74,00
8586,op-b1e5dd0858ab,CONFIRMED,6.739,00
8587,op-3a0ebaeb4c93,CONFIRMED,6.757,00
8588,op-66489f63350e,CONFIRMED,6.763,00
8589,op-cf4c134352dd,CONFIRMED,6.762,00
8590,op-1e9d0cf451bd,CONFIRMED,6.778,00
8591,op-6c47f462b571,CONFIRMED,6.766,00
8592,op-73b0cfe766a6,CONFIRMED,6.764,00
8593,op-21c6f3e7ca7a,CONFIRMED,6.772,00
8594,op-057c30f841a7,CONFIRMED,6.758,00
8595,op-80031df0c497,CONFIRMED,6.734,00
8596,op-5632fe3ab6db,CONFIRMED,6.725,00
8597,op-6fb94f6e919a,CONFIRMED,6.725,00
8598,op-a17bb8b240e6,CONFIRMED,6.734,00
8599,op-5b4f87b03216,CONFIRMED,6.728,00
8600,op-bef1b0198541,CONFIRMED,6.719,00
8601,op-777e5f8ad7a0,CONFIRMED,6.709,00
8602,op-3192860833c9,CONFIRMED,6.717,00
8603,op-34c6555b869e,CONFIRMED,6.711,00
8604,op-3ac7b1e900ce,CONFIRMED,6.691,00
8605,op-4eac936b8a2d,CONFIRMED,6.695,00
8606,op-6b2f46638f16,CONFIRMED,6.696,00
8607,op-1834cb8f5359,CONFIRMED,6.691,00
8608,op-110c1af879c2,CONFIRMED,6.68,00
8609,op-4ada3a026cf2,CONFIRMED,6.678,00
8610,op-c30b069bc57a,CONFIRMED,6.686,00
8611,op-73f3db447321,CONFIRMED,6.695,00
8612,op-6d3614a443d8,CONFIRMED,6.697,00
8613,op-3071340d9084,CONFIRMED,6.719,00
8614,op-478e740e439d,CONFIRMED,6.712,00
8615,op-f47829b132c6,CONFIRMED,6.713,00
8616,op-e045662a1620,CONFIRMED,6.703,00
8617,op-7d0a24af13fa,CONFIRMED,6.703,00
8618,op-cccb5172f918,CONFIRMED,6.707,00
8619,op-1ee8fd7ade9a,CONFIRMED,6.705,00
8620,op-e0b9ce5679cd,CONFIRMED,6.694,00
8621,op-934fdccc5e40,CONFIRMED,6.69,00
8622,op-c9e5bf5ae602,CONFIRMED,6.707,00
8623,op-b234ceff2195,CONFIRMED,6.708,00
8624,op-ad36d3801d30,CONFIRMED,6.692,00
8625,op-81e002c91f8d,CONFIRMED,6.692,00
8626,op-43796943f6bd,CONFIRMED,6.691,00
8627,op-568d19005732,CONFIRMED,6.69,00
8628,op-a0980413b604,CONFIRMED,6.628,00
8629,op-4e7c25135908,CONFIRMED,6.614,00
8630,op-07f0153c8998,CONFIRMED,6.602,00
8631,op-0a2e1e253af9,CONFIRMED,6.599,00
8632,op-1dbce0e49006,CONFIRMED,6.586,00
8633,op-d31e2d0a59fd,CONFIRMED,6.586,00
8634,op-be0885236cd3,CONFIRMED,6.582,00
8635,op-fe6a4edb97e6,CONFIRMED,6.59,00
8636,op-105e518e9e9a,CONFIRMED,6.587,00
8637,op-e08dc7c2e4ba,CONFIRMED,6.569,00
8638,op-62600c934ae4,CONFIRMED,6.567,00
8639,op-5f763bff3474,CONFIRMED,6.55,00
8640,op-b79a26125ea8,CONFIRMED,6.558,00
8641,op-cbcc6605668c,CONFIRMED,6.557,00
8642,op-eac1104f1d92,CONFIRMED,6.565,00
8643,op-0b1192cb9a8f,CONFIRMED,6.564,00
8644,op-1fb1ef584667,CONFIRMED,6.557,00
8645,op-16dbb9ed3c35,CONFIRMED,6.557,00
8646,op-21827fcf0595,CONFIRMED,6.573,00
8647,op-aa1365252af2,CONFIRMED,6.573,00
8648,op-6862a307bc15,CONFIRMED,6.571,00
8649,op-b7b02ca7125a,CONFIRMED,6.57,00
8650,op-f0beda996211,CONFIRMED,6.578,00
8651,op-708126a94ad5,CONFIRMED,6.577,00
8652,op-cc21f331ef9c,CONFIRMED,6.579,00
8653,op-07e705d0f51f,CONFIRMED,6.579,00
8654,op-58e29690ddb6,CONFIRMED,6.581,00
8655,op-66b764959775,CONFIRMED,6.582,00
8656,op-123fb88da88d,CONFIRMED,6.596,00
8657,op-0a1c26d9b290,CONFIRMED,6.597,00
8658,op-562ba9c33bb6,CONFIRMED,6.599,00
8659,op-8a6e47c4f3a3,CONFIRMED,6.623,00
8660,op-48ce1f330384,CONFIRMED,6.627,00
8661,op-0e5c0330f3f9,CONFIRMED,6.626,00
8662,op-6aed04b5216e,CONFIRMED,6.616,00
8663,op-32c362378066,CONFIRMED,6.609,00
8664,op-fc7081936f41,CONFIRMED,6.61,00
8665,op-510d51de4e5e,CONFIRMED,6.615,00
8666,op-d787397b181b,CONFIRMED,6.614,00
8667,op-3da76266a5f5,CONFIRMED,6.616,00
8668,op-3ba74ccd8d05,CONFIRMED,6.626,00
8669,op-b0972b03e668,CONFIRMED,6.628,00
8670,op-906b948172b7,CONFIRMED,6.631,00
8671,op-fb252fa0c63d,CONFIRMED,6.629,00
8672,op-08d2242cce3b,CONFIRMED,6.628,00
8673,op-5846c616ecd0,CONFIRMED,6.622,00
8674,op-869de8e01b0f,CONFIRMED,6.639,00
8675,op-4b0516bd3c0c,CONFIRMED,6.635,00
8676,op-e853a1dfae6b,CONFIRMED,6.618,00
8677,op-6233bae05a62,CONFIRMED,6.613,00
8678,op-2706d6090a00,CONFIRMED,6.621,00
8679,op-358ea8a32f78,CONFIRMED,6.646,00
8680,op-49b99233b66e,CONFIRMED,6.666,00
8681,op-853aa4b5ff5c,CONFIRMED,6.675,00
8682,op-a9aafd571356,CONFIRMED,6.696,00
8683,op-95a94db8d152,CONFIRMED,6.697,00
8684,op-e04730bfadc0,CONFIRMED,6.683,00
8685,op-ee22d1d15630,CONFIRMED,6.659,00
8686,op-96a6e51cf0f2,CONFIRMED,6.662,00
8687,op-f14a844c534f,CONFIRMED,6.663,00
8688,op-edf390930bda,CONFIRMED,6.7,00
8689,op-b52d5d8a63b9,CONFIRMED,6.733,00
8690,op-e72c6855a781,CONFIRMED,6.76,00
8691,op-254fd3fed3b1,CONFIRMED,6.759,00
8692,op-786f1cfc4941,CONFIRMED,6.766,00
8693,op-81025f200469,CONFIRMED,6.745,00
8694,op-c3863984e0d4,CONFIRMED,6.735,00
8695,op-436cbc764815,CONFIRMED,6.746,00
8696,op-2ee9df5347c1,CONFIRMED,6.737,00
8697,op-d3691cf6fa09,CONFIRMED,6.728,00
8698,op-6a756c3527e8,CONFIRMED,6.742,00
8699,op-3addfd528d85,CONFIRMED,6.741,00
8700,op-f1f292a88be5,CONFIRMED,6.746,00
8701,op-3f1342687115,CONFIRMED,6.753,00
8702,op-7a0302a02b84,CONFIRMED,6.751,00
8703,op-713f39b07ff6,CONFIRMED,6.751,00
8704,op-679a6f6994fa,CONFIRMED,6.756,00
8705,op-9b8fac12b95c,CONFIRMED,6.757,00
8706,op-280c5c464048,CONFIRMED,6.736,00
8707,op-de777c91a15f,CONFIRMED,6.746,00
8708,op-0a932fb50b7a,CONFIRMED,6.754,00
8709,op-d2ddb6dcaacd,CONFIRMED,6.745,00
8710,op-a9887786c1eb,CONFIRMED,6.746,00
8711,op-cab817356f8e,CONFIRMED,6.752,00
8712,op-aeca53cfd9d9,CONFIRMED,6.752,00
8713,op-4a3996f44d4d,CONFIRMED,6.77,00
8714,op-0e323115cfa4,CONFIRMED,6.772,00
8715,op-caa2561c131b,CONFIRMED,6.754,00
8716,op-dbb96aaa80c4,CONFIRMED,6.776,00
8717,op-7f94f0ad23d6,CONFIRMED,6.774,00
8718,op-0caaef2df77c,CONFIRMED,6.782,00
8719,op-39260feb81cf,CONFIRMED,6.782,00
8720,op-84fe7e17e4d1,CONFIRMED,6.781,00
8721,op-9257cd3864aa,CONFIRMED,6.781,00
8722,op-774194da3c97,CONFIRMED,6.766,00
8723,op-d3a012be4d42,CONFIRMED,6.733,00
8724,op-a75c76948dd8,CONFIRMED,6.726,00
8725,op-1bfdf047c196,CONFIRMED,6.721,00
8726,op-097cdacde300,CONFIRMED,6.719,00
8727,op-bab7a8819954,CONFIRMED,6.706,00
8728,op-ac307ef5c376,CONFIRMED,6.702,00
8729,op-99f4c5eceb2f,CONFIRMED,6.706,00
8730,op-63cd0e3b7200,CONFIRMED,6.707,00
8731,op-5f73737e0b1f,CONFIRMED,6.705,00
8732,op-3753ef1d83da,CONFIRMED,6.707,00
8733,op-f204e4901d16,CONFIRMED,6.695,00
8734,op-8d6e76c4bae9,CONFIRMED,6.698,00
8735,op-468fbfa1d762,CONFIRMED,6.686,00
8736,op-1a727fb0d2da,CONFIRMED,6.699,00
8737,op-24ba9dab4364,CONFIRMED,6.706,00
8738,op-f23d6cfb9f3a,CONFIRMED,6.694,00
8739,op-5a6ca6784918,CONFIRMED,6.693,00
8740,op-a66145dfef8e,CONFIRMED,6.695,00
8741,op-5459236880c5,CONFIRMED,6.694,00
8742,op-a28b4e96b1e5,CONFIRMED,6.69,00
8743,op-742fee0b75a4,CONFIRMED,6.69,00
8744,op-4c2598b17fc2,CONFIRMED,6.695,00
8745,op-74734acfdc37,CONFIRMED,6.697,00
8746,op-604265728a79,CONFIRMED,6.709,00
8747,op-ca66ccd6fa10,CONFIRMED,6.708,00
8748,op-96bcc7105f4c,CONFIRMED,6.71,00
8749,op-9911d428ca2d,CONFIRMED,6.711,00
8750,op-f170abc2dc9d,CONFIRMED,6.711,00
8751,op-da5749b73c73,CONFIRMED,6.69,00
8752,op-406d3ce55a50,CONFIRMED,6.679,00
8753,op-1c77293f5452,CONFIRMED,6.683,00
8754,op-3e67f0eeab77,CONFIRMED,6.684,00
8755,op-8b79175a3de4,CONFIRMED,6.681,00
8756,op-98d9f3a0fd7f,CONFIRMED,6.666,00
8757,op-c73c44c65f38,CONFIRMED,6.652,00
8758,op-05c139c7ee92,CONFIRMED,6.646,00
8759,op-43e2f0a565b4,CONFIRMED,6.613,00
8760,op-33a6ce6920c7,CONFIRMED,6.631,00
8761,op-22d83e4a29b6,CONFIRMED,6.625,00
8762,op-d2f321eb8bb4,CONFIRMED,6.605,00
8763,op-d387f569dd2e,CONFIRMED,6.608,00
8764,op-623f0f4f2bb0,CONFIRMED,6.615,00
8765,op-9f36acc23120,CONFIRMED,6.594,00
8766,op-0eedb87d9261,CONFIRMED,6.611,00
8767,op-4a714dee0483,CONFIRMED,6.609,00
8768,op-39666fdde30f,CONFIRMED,6.604,00
8769,op-7a02e2eb713c,CONFIRMED,6.596,00
8770,op-338ee48963cb,CONFIRMED,6.595,00
8771,op-f7788d659c06,CONFIRMED,6.603,00
8772,op-aa732180591c,CONFIRMED,6.601,00
8773,op-bcfabb833b86,CONFIRMED,6.618,00
8774,op-73cd91e18202,CONFIRMED,6.615,00
8775,op-090c074c2f5f,CONFIRMED,6.632,00
8776,op-f0828976978f,CONFIRMED,6.63,00
8777,op-19e97416b591,CONFIRMED,6.657,00
8778,op-dbdf2bf33bce,CONFIRMED,6.648,00
8779,op-1fb534e7e62b,CONFIRMED,6.626,00
8780,op-779cb97e7e94,CONFIRMED,6.606,00
8781,op-acf790441e11,CONFIRMED,6.582,00
8782,op-9664a6892ce4,CONFIRMED,6.579,00
8783,op-abea7469cf46,CONFIRMED,6.581,00
8784,op-cef88928622e,CONFIRMED,6.587,00
8785,op-0bb383831f97,CONFIRMED,6.586,00
8786,op-a6c6c338e9c6,CONFIRMED,6.583,00
8787,op-4a5925a7bfd8,CONFIRMED,6.566,00
8788,op-92d142b3b58e,CONFIRMED,6.555,00
8789,op-db389b0386fd,CONFIRMED,6.574,00
8790,op-9a01896d8142,CONFIRMED,6.559,00
8791,op-49c11ff49bd2,CONFIRMED,6.573,00
8792,op-e239b31d5eaa,CONFIRMED,6.573,00
8793,op-c96620bac6ae,CONFIRMED,6.559,00
8794,op-aa5f1d211fb3,CONFIRMED,6.574,00
8795,op-6e6edc836864,CONFIRMED,6.58,00
8796,op-23b19c542a70,CONFIRMED,6.575,00
8797,op-6c84190b4e81,CONFIRMED,6.555,00
8798,op-d638b191039d,CONFIRMED,6.541,00
8799,op-006bf4bef23b,CONFIRMED,6.546,00
8800,op-5ee57077db0e,CONFIRMED,6.532,00
8801,op-e0306a57a33f,CONFIRMED,6.531,00
8802,op-6ca2419f9bdd,CONFIRMED,6.531,00
8803,op-7d562ee26cc8,CONFIRMED,6.527,00
8804,op-365b58d6ef59,CONFIRMED,6.525,00
8805,op-1da728c56958,CONFIRMED,6.537,00
8806,op-d6de05c1d524,CONFIRMED,6.531,00
8807,op-d661cc24e185,CONFIRMED,6.53,00
8808,op-686845b71874,CONFIRMED,6.53,00
8809,op-bb3285fc5b7d,CONFIRMED,6.517,00
8810,op-8fda8231167a,CONFIRMED,6.514,00
8811,op-a8fd02f97219,CONFIRMED,6.511,00
8812,op-35d99afe8e5b,CONFIRMED,6.511,00
8813,op-eb3329f3a80c,CONFIRMED,6.508,00
8814,op-7b6ef656b571,CONFIRMED,6.494,00
8815,op-36c10c51ae26,CONFIRMED,6.468,00
8816,op-5e4778b487ff,CONFIRMED,6.479,00
8817,op-fc43fcdc822d,CONFIRMED,6.469,00
8818,op-c0dac701ad38,CONFIRMED,6.464,00
8819,op-2a3773e913c1,CONFIRMED,6.466,00
8820,op-b55da55347d6,CONFIRMED,6.469,00
8821,op-9e4606040dfe,CONFIRMED,6.452,00
8822,op-ae4d7940ff65,CONFIRMED,6.465,00
8823,op-d3ae2db0f784,CONFIRMED,6.461,00
8824,op-9e623e71978b,CONFIRMED,6.455,00
8825,op-95e48206b044,CONFIRMED,6.45,00
8826,op-2442a0a937f7,CONFIRMED,6.43,00
8827,op-3cfcd6e53e63,CONFIRMED,6.423,00
8828,op-8ad18c465056,CONFIRMED,6.432,00
8829,op-ada921d36776,CONFIRMED,6.453,00
8830,op-c33e07ade18b,CONFIRMED,6.446,00
8831,op-a1c3ed67d80d,CONFIRMED,6.45,00
8832,op-174cc3ea87f8,CONFIRMED,6.453,00
8833,op-ce20ac234d0a,CONFIRMED,6.46,00
8834,op-f1236016b842,CONFIRMED,6.465,00
8835,op-1684af712a12,CONFIRMED,6.469,00
8836,op-0aa1fc26c541,CONFIRMED,6.467,00
8837,op-0f86235eb617,CONFIRMED,6.46,00
8838,op-cf9ddc64cb89,CONFIRMED,6.436,00
8839,op-1d4c5b915334,CONFIRMED,6.436,00
8840,op-d208fd3b2034,CONFIRMED,6.427,00
8841,op-6eddf66d0f17,CONFIRMED,6.421,00
8842,op-ca9b322e772c,CONFIRMED,6.415,00
8843,op-c466d9214a89,CONFIRMED,6.412,00
8844,op-2456297ea8a1,CONFIRMED,6.408,00
8845,op-22dad7ed4e90,CONFIRMED,6.407,00
8846,op-d097cbd9c5ed,CONFIRMED,6.384,00
8847,op-2a1d042823c4,CONFIRMED,6.381,00
8848,op-28baa1169c78,CONFIRMED,6.39,00
8849,op-0c42da608583,CONFIRMED,6.398,00
8850,op-5a8d784126e8,CONFIRMED,6.375,00
8851,op-6d2c49aa9cea,CONFIRMED,6.394,00
8852,op-1fdd23ebb1d2,CONFIRMED,6.402,00
8853,op-fc78f4b27648,CONFIRMED,6.408,00
8854,op-03693224f89e,CONFIRMED,6.416,00
8855,op-b788ad02a2ae,CONFIRMED,6.424,00
8856,op-df002f551b48,CONFIRMED,6.432,00
8857,op-26c073966dcf,CONFIRMED,6.433,00
8858,op-65d84db202e0,CONFIRMED,6.433,00
8859,op-dbbb89a84ac6,CONFIRMED,6.415,00
8860,op-5be3acbfe3fe,CONFIRMED,6.423,00
8861,op-6b5b452d6dca,CONFIRMED,6.423,00
8862,op-483a7ac7e28f,CONFIRMED,6.441,00
8863,op-ebdfc9e1be6f,CONFIRMED,6.422,00
8864,op-4a143d5c4833,CONFIRMED,6.411,00
8865,op-7581bdcf90a4,CONFIRMED,6.41,00
8866,op-7e58b2d237a8,CONFIRMED,6.409,00
8867,op-66b3d28baaca,CONFIRMED,6.409,00
8868,op-3dcd21a1982a,CONFIRMED,6.399,00
8869,op-e7a4bb1666c9,CONFIRMED,6.399,00
8870,op-1661a3e60e97,CONFIRMED,6.398,00
8871,op-9bab3f573e9d,CONFIRMED,6.406,00
8872,op-add984502634,CONFIRMED,6.414,00
8873,op-473c481193a5,CONFIRMED,6.401,00
8874,op-e45945009fb0,CONFIRMED,6.378,00
8875,op-9d6fb97714af,CONFIRMED,6.375,00
8876,op-58c9c6e73cbd,CONFIRMED,6.358,00
8877,op-b75b8c16ebe4,CONFIRMED,6.334,00
8878,op-a923bb2cb0f5,CONFIRMED,6.35,00
8879,op-940045d7b2c0,CONFIRMED,6.349,00
8880,op-d290eec484c6,CONFIRMED,6.346,00
8881,op-c1827b4fa968,CONFIRMED,6.359,00
8882,op-3fbc6beadfbf,CONFIRMED,6.367,00
8883,op-b45207e56cf3,CONFIRMED,6.354,00
8884,op-2bf8c8fb290c,CONFIRMED,6.332,00
8885,op-81679e7b8f82,CONFIRMED,6.347,00
8886,op-0df6f24091d8,CONFIRMED,6.346,00
8887,op-24e9f725154b,CONFIRMED,6.351,00
8888,op-2e5d9cde3d68,CONFIRMED,6.364,00
8889,op-0f997b53608b,CONFIRMED,6.361,00
8890,op-0fc9dc66cf1e,CONFIRMED,6.372,00
8891,op-b13f4d0e6e46,CONFIRMED,6.371,00
8892,op-62c00a68c2eb,CONFIRMED,6.363,00
8893,op-b92da3f7e842,CONFIRMED,6.368,00
8894,op-00a3260f9490,CONFIRMED,6.375,00
8895,op-9ea94330c55c,CONFIRMED,6.373,00
8896,op-7016a8c94d23,CONFIRMED,6.392,00
8897,op-f0bd93656d47,CONFIRMED,6.39,00
8898,op-d795be93fdea,CONFIRMED,6.366,00
8899,op-9443ff96eb82,CONFIRMED,6.363,00
8900,op-1a5470afff18,CONFIRMED,6.368,00
8901,op-96476df5fade,CONFIRMED,6.343,00
8902,op-395f9ff2f01b,CONFIRMED,6.341,00
8903,op-d3de7ea8fde5,CONFIRMED,6.338,00
8904,op-93196f4e7915,CONFIRMED,6.327,00
8905,op-0580ed25e1a4,CONFIRMED,6.348,00
8906,op-3cd6c833159e,CONFIRMED,6.337,00
8907,op-843ab9066d66,CONFIRMED,6.344,00
8908,op-b8e1e105aa4e,CONFIRMED,6.353,00
8909,op-f2088b82d03f,CONFIRMED,6.351,00
8910,op-84d29d0b7ca5,CONFIRMED,6.371,00
8911,op-185c956e92a9,CONFIRMED,6.362,00
8912,op-3cf02b692e46,CONFIRMED,6.382,00
8913,op-c43074706dfc,CONFIRMED,6.389,00
8914,op-084201070cbc,CONFIRMED,6.387,00
8915,op-bfe1eac3e874,CONFIRMED,6.384,00
8916,op-84dc7076a3d0,CONFIRMED,6.371,00
8917,op-7d3ca2790a40,CONFIRMED,6.378,00
8918,op-62cca5e29685,CONFIRMED,6.386,00
8919,op-b286381db48e,CONFIRMED,6.384,00
8920,op-8f5f2a84a94f,CONFIRMED,6.382,00
8921,op-d711d03db10b,CONFIRMED,6.371,00
8922,op-df49f532f91a,CONFIRMED,6.344,00
8923,op-a7a7e7e832fc,CONFIRMED,6.363,00
8924,op-12a8a68b6252,CONFIRMED,6.371,00
8925,op-ab93d933326c,CONFIRMED,6.381,00
8926,op-eef352be0e6b,CONFIRMED,6.388,00
8927,op-c73176138c7c,CONFIRMED,6.386,00
8928,op-c32b8e3ee69b,CONFIRMED,6.382,00
8929,op-5dda01c17186,CONFIRMED,6.398,00
8930,op-1bbbc81085d2,CONFIRMED,6.387,00
8931,op-4e260c71382e,CONFIRMED,6.384,00
8932,op-2f7a7e4efa77,CONFIRMED,6.382,00
8933,op-366f3660f12d,CONFIRMED,6.396,00
8934,op-bea21c21e3c6,CONFIRMED,6.394,00
8935,op-2ca58e210a37,CONFIRMED,6.401,00
8936,op-f25764c0ce86,CONFIRMED,6.386,00
8937,op-2b08b630d637,CONFIRMED,6.383,00
8938,op-1648fe2ab2c9,CONFIRMED,6.381,00
8939,op-9461a16a0388,CONFIRMED,6.394,00
8940,op-ee178f52625c,CONFIRMED,6.392,00
8941,op-43f5ada9c0b8,CONFIRMED,6.388,00
8942,op-6c4212096521,CONFIRMED,6.369,00
8943,op-eb08db1baeac,CONFIRMED,6.371,00
8944,op-fa557072a09c,CONFIRMED,6.388,00
8945,op-67e651ccd1b5,CONFIRMED,6.387,00
8946,op-4c3d108107c5,CONFIRMED,6.405,00
8947,op-ede344a4dd1d,CONFIRMED,6.394,00
8948,op-d89ed2456306,CONFIRMED,6.401,00
8949,op-bb82ed046277,CONFIRMED,6.399,00
8950,op-cb43d8d91136,CONFIRMED,6.417,00
8951,op-4e762ba1cecb,CONFIRMED,6.407,00
8952,op-70af1ba401a8,CONFIRMED,6.427,00
8953,op-9d8a894c3746,CONFIRMED,6.407,00
8954,op-a60094702b51,CONFIRMED,6.404,00
8955,op-672ba8d29fd6,CONFIRMED,6.383,00
8956,op-57fcabff4bd2,CONFIRMED,6.359,00
8957,op-d08d9a2a5317,CONFIRMED,6.356,00
8958,op-62c9a9540186,CONFIRMED,6.352,00
8959,op-4aa11482a0a8,CONFIRMED,6.361,00
8960,op-1502ca134174,CONFIRMED,6.357,00
8961,op-500bc77d55e0,CONFIRMED,6.355,00
8962,op-e07eaa855bfd,CONFIRMED,6.354,00
8963,op-eb70753f88e6,CONFIRMED,6.361,00
8964,op-8a7bb1334af4,CONFIRMED,6.369,00
8965,op-17c2b166c529,CONFIRMED,6.366,00
8966,op-24f47d51792d,CONFIRMED,6.361,00
8967,op-048223d3c432,CONFIRMED,6.347,00
8968,op-772ced84ef21,CONFIRMED,6.362,00
8969,op-4efd54926d1f,CONFIRMED,6.359,00
8970,op-7f5c55a44abb,CONFIRMED,6.345,00
8971,op-aeffe8105ecc,CONFIRMED,6.343,00
8972,op-4985760c3756,CONFIRMED,6.326,00
8973,op-77c25798f677,CONFIRMED,6.324,00
8974,op-98a06c1ac267,CONFIRMED,6.332,00
8975,op-3afe8550dfd2,CONFIRMED,6.328,00
8976,op-8573709e11e2,CONFIRMED,6.327,00
8977,op-e77c97de9be6,CONFIRMED,6.312,00
8978,op-222c6ec375a4,CONFIRMED,6.313,00
8979,op-bee7a7e0fa59,CONFIRMED,6.294,00
8980,op-bc2c961cada1,CONFIRMED,6.282,00
8981,op-89ffe59b3aa4,CONFIRMED,6.302,00
8982,op-b2da43cb7cde,CONFIRMED,6.301,00
8983,op-1fbc437ead9f,CONFIRMED,6.3,00
8984,op-7538553c592b,CONFIRMED,6.297,00
8985,op-da74e0de1a53,CONFIRMED,6.282,00
8986,op-dd2f5b4cf843,CONFIRMED,6.279,00
8987,op-367f86beabf2,CONFIRMED,6.262,00
8988,op-a997ec38795c,CONFIRMED,6.259,00
8989,op-89531a9af3f9,CONFIRMED,6.265,00
8990,op-9b4b286eef31,CONFIRMED,6.267,00
8991,op-f1ee0c3bba37,CONFIRMED,6.264,00
8992,op-d6ba92343f85,CONFIRMED,6.241,00
8993,op-71b042a173b7,CONFIRMED,6.231,00
8994,op-6e98017a7154,CONFIRMED,6.231,00
8995,op-f540b11759d1,CONFIRMED,6.229,00
8996,op-7f14b8d8bcc3,CONFIRMED,6.221,00
8997,op-bacf97eab23c,CONFIRMED,6.22,00
8998,op-08c2ac40c354,CONFIRMED,6.219,00
8999,op-9bc15a2c6927,CONFIRMED,6.205,00
9000,op-cf3a8b4b122a,CONFIRMED,6.478,00
9001,op-4af8bbe04ff5,CONFIRMED,6.452,00
9002,op-485a189d48bc,CONFIRMED,6.444,00
9003,op-e490951a5c3c,CONFIRMED,6.457,00
9004,op-ad051c4f9d43,CONFIRMED,6.453,00
9005,op-cb0a78ed023b,CONFIRMED,6.47,00
9006,op-4709aa37c4d5,CONFIRMED,6.47,00
9007,op-93e7beae3838,CONFIRMED,6.466,00
9008,op-9e74a78b7c0b,CONFIRMED,6.465,00
9009,op-cdf67b04177c,CONFIRMED,6.467,00
9010,op-7bbaa1ad9eb3,CONFIRMED,6.466,00
9011,op-feec31269c79,CONFIRMED,6.483,00
9012,op-b010cabea442,CONFIRMED,6.492,00
9013,op-480e78299f8c,CONFIRMED,6.473,00
9014,op-f4b7c981040e,CONFIRMED,6.491,00
9015,op-f7b96eea23f4,CONFIRMED,6.485,00
9016,op-64f139dc6f9f,CONFIRMED,6.493,00
9017,op-7851d048ec09,CONFIRMED,6.473,00
9018,op-c9f1db348219,CONFIRMED,6.461,00
9019,op-6a866807e36d,CONFIRMED,6.452,00
9020,op-068084851c05,CONFIRMED,6.464,00
9021,op-264b5ee7e47e,CONFIRMED,6.455,00
9022,op-f22162504879,CONFIRMED,6.463,00
9023,op-f4789f5d2525,CONFIRMED,6.458,00
9024,op-de77ee795de2,CONFIRMED,6.455,00
9025,op-76ef4aa76ca3,CONFIRMED,6.451,00
9026,op-bf0aa7e1a222,CONFIRMED,6.464,00
9027,op-3c352813d93c,CONFIRMED,6.482,00
9028,op-1208b317156e,CONFIRMED,6.482,00
9029,op-3ae418d99e7c,CONFIRMED,6.498,00
9030,op-de06894d7d7d,CONFIRMED,6.488,00
9031,op-bc3da4c4ccaf,CONFIRMED,6.48,00
9032,op-933b667bfdd2,CONFIRMED,6.492,00
9033,op-445b3838821a,CONFIRMED,6.47,00
9034,op-c4546972cb18,CONFIRMED,6.468,00
9035,op-98097bdcfdf5,CONFIRMED,6.465,00
9036,op-461810c5c137,CONFIRMED,6.477,00
9037,op-34c611617c55,CONFIRMED,6.486,00
9038,op-1a1c4bc6887d,CONFIRMED,6.474,00
9039,op-a83790d5990e,CONFIRMED,6.472,00
9040,op-1f22b06dfc6b,CONFIRMED,6.467,00
9041,op-1db547e86b20,CONFIRMED,6.453,00
9042,op-f57328c138cc,CONFIRMED,6.447,00
9043,op-67248d2df86e,CONFIRMED,6.446,00
9044,op-bc5d79cbdb37,CONFIRMED,6.456,00
9045,op-6e0df4bdd4b3,CONFIRMED,6.464,00
9046,op-bdea0c7722ca,CONFIRMED,6.471,00
9047,op-ab0e1b543e60,CONFIRMED,6.471,00
9048,op-12cec1192573,CONFIRMED,6.469,00
9049,op-743f397e8840,CONFIRMED,6.477,00
9050,op-a7d163a5df87,CONFIRMED,6.472,00
9051,op-ac8239c9bb59,CONFIRMED,6.492,00
9052,op-3abaae67bf51,CONFIRMED,6.488,00
9053,op-32b60069afcf,CONFIRMED,6.487,00
9054,op-4631d7805aa7,CONFIRMED,6.484,00
9055,op-4aa6b309f462,CONFIRMED,6.471,00
9056,op-9ba768a408ed,CONFIRMED,6.484,00
9057,op-8bb469b9f1fc,CONFIRMED,6.462,00
9058,op-d769fd688575,CONFIRMED,6.451,00
9059,op-a983076231b1,CONFIRMED,6.457,00
9060,op-2802221d278c,CONFIRMED,6.465,00
9061,op-b1abd6debb1a,CONFIRMED,6.458,00
9062,op-5e26dff85746,CONFIRMED,6.448,00
9063,op-008c57f614b4,CONFIRMED,6.449,00
9064,op-fb05324e72c3,CONFIRMED,6.432,00
9065,op-31df6b55abbb,CONFIRMED,6.434,00
9066,op-8b7fef76b2d2,CONFIRMED,6.436,00
9067,op-2f4d76d81c9f,CONFIRMED,6.441,00
9068,op-b9b82a7b3ebf,CONFIRMED,6.42,00
9069,op-a68e0b358e3b,CONFIRMED,6.425,00
9070,op-a2338285040c,CONFIRMED,6.417,00
9071,op-8fdc39582cbf,CONFIRMED,6.422,00
9072,op-df526f15f788,CONFIRMED,6.408,00
9073,op-b442c5cfde06,CONFIRMED,6.406,00
9074,op-c416793260ff,CONFIRMED,6.415,00
9075,op-8eafb474c48d,CONFIRMED,6.414,00
9076,op-aa2f483e46ac,CONFIRMED,6.42,00
9077,op-15653a8c1706,CONFIRMED,6.429,00
9078,op-a9088a63fe0d,CONFIRMED,6.429,00
9079,op-69efe76a0128,CONFIRMED,6.427,00
9080,op-257f9f62d67b,CONFIRMED,6.419,00
9081,op-7547f99908f7,CONFIRMED,6.417,00
9082,op-e84ea8caf372,CONFIRMED,6.414,00
9083,op-dfb4734fd6cf,CONFIRMED,6.429,00
9084,op-0c9bfed9fc4e,CONFIRMED,6.427,00
9085,op-81585f18a1da,CONFIRMED,6.426,00
9086,op-9a2cd9f15292,CONFIRMED,6.424,00
9087,op-90dc0e640474,CONFIRMED,6.412,00
9088,op-9b3dc62b0030,CONFIRMED,6.404,00
9089,op-2c5a1486fd59,CONFIRMED,6.403,00
9090,op-1838a7fa4254,CONFIRMED,6.406,00
9091,op-3f948889a4ca,CONFIRMED,6.395,00
9092,op-ccb9d093cc8c,CONFIRMED,6.383,00
9093,op-b508c0c72acc,CONFIRMED,6.378,00
9094,op-f15bd255b423,CONFIRMED,6.382,00
9095,op-b2427f1a047f,CONFIRMED,6.391,00
9096,op-5f839fc25a30,CONFIRMED,6.398,00
9097,op-270a0405d607,CONFIRMED,6.396,00
9098,op-1d90b34a2440,CONFIRMED,6.406,00
9099,op-60362f76549a,CONFIRMED,6.381,00
9100,op-573a41774eba,CONFIRMED,6.371,00
9101,op-a8eb2b6fdbf4,CONFIRMED,6.386,00
9102,op-c7e2a2e2523c,CONFIRMED,6.385,00
9103,op-42bba1ab99cd,CONFIRMED,6.389,00
9104,op-72ea7f98ea3b,CONFIRMED,6.382,00
9105,op-679ae8280699,CONFIRMED,6.387,00
9106,op-a7ba59299738,CONFIRMED,6.396,00
9107,op-9edd1950d983,CONFIRMED,6.401,00
9108,op-b81069753415,CONFIRMED,6.397,00
9109,op-d62f39c0fa98,CONFIRMED,6.414,00
9110,op-4b2416969a0e,CONFIRMED,6.404,00
9111,op-56c50be2bbb3,CONFIRMED,6.407,00
9112,op-fccce7e8c15f,CONFIRMED,6.401,00
9113,op-600d88ed9839,CONFIRMED,6.38,00
9114,op-a12224cb893f,CONFIRMED,6.371,00
9115,op-2a45b4984037,CONFIRMED,6.365,00
9116,op-ce21461104f7,CONFIRMED,6.367,00
9117,op-641c437577ad,CONFIRMED,6.367,00
9118,op-73fe60f08caf,CONFIRMED,6.357,00
9119,op-41cf395deed9,CONFIRMED,6.356,00
9120,op-42759b7b9e4f,CONFIRMED,6.356,00
9121,op-7aa44957eaf7,CONFIRMED,6.374,00
9122,op-5795087457ff,CONFIRMED,6.353,00
9123,op-452590bacef8,CONFIRMED,6.352,00
9124,op-19a8189c3e88,CONFIRMED,6.344,00
9125,op-f29502d841e5,CONFIRMED,6.343,00
9126,op-1400b9e11d1d,CONFIRMED,6.343,00
9127,op-f719a935c701,CONFIRMED,6.346,00
9128,op-97c5d5d23b3a,CONFIRMED,6.344,00
9129,op-8882db1fe84c,CONFIRMED,6.35,00
9130,op-2513688b6563,CONFIRMED,6.361,00
9131,op-72c1e2278735,CONFIRMED,6.346,00
9132,op-1fdd8beb1a84,CONFIRMED,6.345,00
9133,op-fa73949d771e,CONFIRMED,6.327,00
9134,op-6726b06f6e24,CONFIRMED,6.327,00
9135,op-b7482561f5f7,CONFIRMED,6.31,00
9136,op-187e84d0194f,CONFIRMED,6.312,00
9137,op-2e927e3c3113,CONFIRMED,6.311,00
9138,op-a5414c89ba70,CONFIRMED,6.311,00
9139,op-f8b1fc000c71,CONFIRMED,6.313,00
9140,op-82286b15ee2f,CONFIRMED,6.332,00
9141,op-0ddf0b2f36be,CONFIRMED,6.328,00
9142,op-6b0db295b839,CONFIRMED,6.334,00
9143,op-f6cff29bce60,CONFIRMED,6.323,00
9144,op-61326e4cb4c0,CONFIRMED,6.329,00
9145,op-73b7834ca30a,CONFIRMED,6.326,00
9146,op-4ccc57bdab46,CONFIRMED,6.324,00
9147,op-e28ddbe2bd59,CONFIRMED,6.316,00
9148,op-d4a58162714e,CONFIRMED,6.315,00
9149,op-26a890f7584c,CONFIRMED,6.313,00
9150,op-40a644d3f279,CONFIRMED,6.315,00
9151,op-98543f322354,CONFIRMED,6.315,00
9152,op-82729e1c256d,CONFIRMED,6.336,00
9153,op-7c9530ab1351,CONFIRMED,6.346,00
9154,op-2d71fa478d59,CONFIRMED,6.347,00
9155,op-2a880fc85fdb,CONFIRMED,6.336,00
9156,op-46387c0c0208,CONFIRMED,6.345,00
9157,op-f4ee84a9dc8d,CONFIRMED,6.346,00
9158,op-7fd35786e5db,CONFIRMED,6.365,00
9159,op-d08312743b17,CONFIRMED,6.37,00
9160,op-79b6b79d5a08,CONFIRMED,6.362,00
9161,op-afa3d183d738,CONFIRMED,6.384,00
9162,op-fdcb7300b9cf,CONFIRMED,6.391,00
9163,op-c348515c1a95,CONFIRMED,6.397,00
9164,op-f6165ecc7ef6,CONFIRMED,6.391,00
9165,op-c3b460275f71,CONFIRMED,6.381,00
9166,op-b253ced15ce3,CONFIRMED,6.373,00
9167,op-e58bbdcb244f,CONFIRMED,6.374,00
9168,op-0066d92dd809,CONFIRMED,6.364,00
9169,op-8699a9b4093d,CONFIRMED,6.362,00
9170,op-6f77083d7173,CONFIRMED,6.361,00
9171,op-cd4c69c942a5,CONFIRMED,6.349,00
9172,op-339c17e8d89d,CONFIRMED,6.365,00
9173,op-b13570401246,CONFIRMED,6.35,00
9174,op-b1856ae71e6b,CONFIRMED,6.35,00
9175,op-7c8ad19109dd,CONFIRMED,6.342,00
9176,op-efb0e0107fd3,CONFIRMED,6.357,00
9177,op-2e4faeea1ccf,CONFIRMED,6.366,00
9178,op-78eacf95e961,CONFIRMED,6.374,00
9179,op-fd1721fabf51,CONFIRMED,6.373,00
9180,op-720043b28fb9,CONFIRMED,6.369,00
9181,op-9d20f46defcb,CONFIRMED,6.375,00
9182,op-2fdc4500c905,CONFIRMED,6.382,00
9183,op-c96b9296516c,CONFIRMED,6.387,00
9184,op-cefeab036a10,CONFIRMED,6.385,00
9185,op-cfca78ec779f,CONFIRMED,6.383,00
9186,op-c6f6c158c80d,CONFIRMED,6.384,00
9187,op-5ec8e5ff9b8d,CONFIRMED,6.367,00
9188,op-0f47872eb8ea,CONFIRMED,6.382,00
9189,op-f73dd4e9b7a0,CONFIRMED,6.382,00
9190,op-96d0c29120cf,CONFIRMED,6.386,00
9191,op-cc630b2a60a3,CONFIRMED,6.386,00
9192,op-bade6c7c90fd,CONFIRMED,6.384,00
9193,op-8376adea4a8e,CONFIRMED,6.406,00
9194,op-54ccb15e8a32,CONFIRMED,6.395,00
9195,op-294e02f9ac39,CONFIRMED,6.394,00
9196,op-8c71ff1ddbda,CONFIRMED,6.387,00
9197,op-ba9e6fa2e4a6,CONFIRMED,6.386,00
9198,op-f688e76f7d70,CONFIRMED,6.369,00
9199,op-0fdad9490bb6,CONFIRMED,6.38,00
9200,op-7fb87c614431,CONFIRMED,6.378,00
9201,op-f17821f45c4d,CONFIRMED,6.377,00
9202,op-f6acc4580973,CONFIRMED,6.372,00
9203,op-0ee67ad3969c,CONFIRMED,6.388,00
9204,op-d4cd9df0529d,CONFIRMED,6.386,00
9205,op-f7857d939af6,CONFIRMED,6.391,00
9206,op-a66479c10eae,CONFIRMED,6.389,00
9207,op-106b15863a6d,CONFIRMED,6.386,00
9208,op-c8c74f72b3f3,CONFIRMED,6.377,00
9209,op-bd8cf3d23121,CONFIRMED,6.392,00
9210,op-76bbaff4a5f1,CONFIRMED,6.392,00
9211,op-1b50fc80a928,CONFIRMED,6.397,00
9212,op-4440156a9356,CONFIRMED,6.376,00
9213,op-7734b49bcdaf,CONFIRMED,6.375,00
9214,op-66a837a0930e,CONFIRMED,6.373,00
9215,op-de3c96f8670f,CONFIRMED,6.371,00
9216,op-773d1383a276,CONFIRMED,6.369,00
9217,op-27443204a47c,CONFIRMED,6.375,00
9218,op-418ad1a5b20c,CONFIRMED,6.372,00
9219,op-2bbd8f2a5dd9,CONFIRMED,6.378,00
9220,op-7b2acab02d11,CONFIRMED,6.374,00
9221,op-d8586cfef75f,CONFIRMED,6.369,00
9222,op-20ea7ec12b1c,CONFIRMED,6.368,00
9223,op-656d1243cf05,CONFIRMED,6.368,00
9224,op-61ee55723c50,CONFIRMED,6.345,00
9225,op-5a2134a49921,CONFIRMED,6.349,00
9226,op-244215c6753f,CONFIRMED,6.353,00
9227,op-4b3a087690c0,CONFIRMED,6.353,00
9228,op-902037833eae,CONFIRMED,6.338,00
9229,op-d2d3d3ac77e1,CONFIRMED,6.332,00
9230,op-5b68483a4b7c,CONFIRMED,6.322,00
9231,op-80f5a5c426ff,CONFIRMED,6.325,00
9232,op-6cf8142e8b3f,CONFIRMED,6.329,00
9233,op-f885be52b49e,CONFIRMED,6.337,00
9234,op-a32374f9519a,CONFIRMED,6.316,00
9235,op-ad9de34920fa,CONFIRMED,6.315,00
9236,op-1f9d297c0940,CONFIRMED,6.311,00
9237,op-1dfd64d4f847,CONFIRMED,6.29,00
9238,op-d3b9712853aa,CONFIRMED,6.289,00
9239,op-7ff667a6810a,CONFIRMED,6.288,00
9240,op-b5a9319a159b,CONFIRMED,6.286,00
9241,op-c5f3ffb1c278,CONFIRMED,6.295,00
9242,op-7a18e5a4952c,CONFIRMED,6.293,00
9243,op-35630b2d561c,CONFIRMED,6.286,00
9244,op-8023df799368,CONFIRMED,6.282,00
9245,op-47d07f99287a,CONFIRMED,6.298,00
9246,op-a4c8b5bc04df,CONFIRMED,6.301,00
9247,op-92c295ed997f,CONFIRMED,6.279,00
9248,op-8a1e83e02a4e,CONFIRMED,6.273,00
9249,op-62dc47a2d860,CONFIRMED,6.279,00
9250,op-06fdd28ee9a7,CONFIRMED,6.264,00
9251,op-abaab7a82132,CONFIRMED,6.255,00
9252,op-4668740e847d,CONFIRMED,6.25,00
9253,op-9162527a442d,CONFIRMED,6.268,00
9254,op-7c83701e7806,CONFIRMED,6.257,00
9255,op-dbde8d139f0a,CONFIRMED,6.229,00
9256,op-12e1303b11aa,CONFIRMED,6.243,00
9257,op-3d31570aa26d,CONFIRMED,6.24,00
9258,op-bc65f150500b,CONFIRMED,6.239,00
9259,op-b7fa351f0ba2,CONFIRMED,6.224,00
9260,op-4762207451eb,CONFIRMED,6.22,00
9261,op-dbcc7d0803f0,CONFIRMED,6.217,00
9262,op-278fc32cb1e0,CONFIRMED,6.22,00
9263,op-a5eb350c2c15,CONFIRMED,6.225,00
9264,op-7ae8eb855263,CONFIRMED,6.223,00
9265,op-8e7958062f7c,CONFIRMED,6.187,00
9266,op-137cb5255e23,CONFIRMED,6.164,00
9267,op-d262de344b3e,CONFIRMED,6.123,00
9268,op-b57f6e79df18,CONFIRMED,6.121,00
9269,op-912e2f6632e6,CONFIRMED,6.113,00
9270,op-c4ad2f37d016,CONFIRMED,6.105,00
9271,op-f4e2e481cdcc,CONFIRMED,6.089,00
9272,op-bb9b698bbaed,CONFIRMED,6.097,00
9273,op-b8ff2641cfd0,CONFIRMED,6.117,00
9274,op-0fafa625f19d,CONFIRMED,6.094,00
9275,op-19da3950c5d6,CONFIRMED,6.104,00
9276,op-d946d04267f0,CONFIRMED,6.101,00
9277,op-c53dddb15b99,CONFIRMED,6.082,00
9278,op-5d9c646e4e40,CONFIRMED,6.095,00
9279,op-83e68d2dc097,CONFIRMED,6.095,00
9280,op-407d12150e43,CONFIRMED,6.087,00
9281,op-11f28283a200,CONFIRMED,6.066,00
9282,op-ff17a2446154,CONFIRMED,6.073,00
9283,op-dedce0c4c2f8,CONFIRMED,6.078,00
9284,op-69e2829ee0ae,CONFIRMED,6.086,00
9285,op-601d117f6e3e,CONFIRMED,6.086,00
9286,op-00dbc196410a,CONFIRMED,6.09,00
9287,op-f04158ffba08,CONFIRMED,6.107,00
9288,op-61e37910c9e9,CONFIRMED,6.095,00
9289,op-eaa085eb2a8e,CONFIRMED,6.076,00
9290,op-cdd0a09b7142,CONFIRMED,6.058,00
9291,op-8b1e48f53037,CONFIRMED,6.081,00
9292,op-9ee7b1c22df3,CONFIRMED,6.08,00
9293,op-689076fa2467,CONFIRMED,6.065,00
9294,op-18f795bb53e4,CONFIRMED,6.069,00
9295,op-d6ad7d980720,CONFIRMED,6.073,00
9296,op-aa80f3eed186,CONFIRMED,6.079,00
9297,op-bab12d1c59fb,CONFIRMED,6.073,00
9298,op-48ad973a3261,CONFIRMED,6.078,00
9299,op-e8695fafba12,CONFIRMED,6.071,00
9300,op-ae1bdbe732eb,CONFIRMED,6.062,00
9301,op-f8f7658657db,CONFIRMED,6.079,00
9302,op-32cbcf10f839,CONFIRMED,6.08,00
9303,op-942ebc348978,CONFIRMED,6.097,00
9304,op-ed0b04394665,CONFIRMED,6.097,00
9305,op-9042656f5213,CONFIRMED,6.115,00
9306,op-8b37e7b419f7,CONFIRMED,6.115,00
9307,op-995c0ab31c43,CONFIRMED,6.115,00
9308,op-5c5626ca8fdd,CONFIRMED,6.128,00
9309,op-ba06c4b0bace,CONFIRMED,6.108,00
9310,op-807042de749d,CONFIRMED,6.108,00
9311,op-661459ce8eb4,CONFIRMED,6.119,00
9312,op-53cf27128e31,CONFIRMED,6.107,00
9313,op-657ee9a6d1fe,CONFIRMED,6.086,00
9314,op-925aef7c98d2,CONFIRMED,6.086,00
9315,op-8870376857b8,CONFIRMED,6.078,00
9316,op-d7f1fedbfd3e,CONFIRMED,6.085,00
9317,op-841ed3b399d7,CONFIRMED,6.084,00
9318,op-2bf75583ce3b,CONFIRMED,6.085,00
9319,op-53dc7446bc51,CONFIRMED,6.1,00
9320,op-2d1da86202ef,CONFIRMED,6.084,00
9321,op-1815cef77177,CONFIRMED,6.085,00
9322,op-0ef8314b1f82,CONFIRMED,6.085,00
9323,op-9342643ed19d,CONFIRMED,6.088,00
9324,op-d29de6470976,CONFIRMED,6.09,00
9325,op-384313d49e54,CONFIRMED,6.111,00
9326,op-0f2679709148,CONFIRMED,6.12,00
9327,op-17ebe71cf56c,CONFIRMED,6.123,00
9328,op-8e3c9193e96f,CONFIRMED,6.141,00
9329,op-704550733083,CONFIRMED,6.133,00
9330,op-3a7c0a705744,CONFIRMED,6.143,00
9331,op-b3b1220fb7b4,CONFIRMED,6.135,00
9332,op-9445e44580b1,CONFIRMED,6.145,00
9333,op-3c3307fb8b78,CONFIRMED,6.168,00
9334,op-1ec9fc32e4d0,CONFIRMED,6.168,00
9335,op-6ae115cc7172,CONFIRMED,6.172,00
9336,op-c08e9b788fa3,CONFIRMED,6.182,00
9337,op-e02f6a7ac7af,CONFIRMED,6.172,00
9338,op-a94e753188ab,CONFIRMED,6.189,00
9339,op-9f86627263e4,CONFIRMED,6.181,00
9340,op-cd05020f1199,CONFIRMED,6.192,00
9341,op-4cb056b03f25,CONFIRMED,6.188,00
9342,op-ce9486754e4d,CONFIRMED,6.164,00
9343,op-130bc7efd5eb,CONFIRMED,6.166,00
9344,op-0adae2c5868c,CONFIRMED,6.175,00
9345,op-cb8b65bc3624,CONFIRMED,6.182,00
9346,op-d336b10873b7,CONFIRMED,6.191,00
9347,op-a7d6ff846ae6,CONFIRMED,6.188,00
9348,op-4ad53958374c,CONFIRMED,6.189,00
9349,op-1b70ed3cc061,CONFIRMED,6.199,00
9350,op-a4caf7aaeca5,CONFIRMED,6.207,00
9351,op-84809bb5d8fb,CONFIRMED,6.19,00
9352,op-e6ccc10cb0e2,CONFIRMED,6.193,00
9353,op-eab737f978a4,CONFIRMED,6.195,00
9354,op-cd7cb1517f7b,CONFIRMED,6.199,00
9355,op-2dc0e43513ab,CONFIRMED,6.19,00
9356,op-aa9929d5904a,CONFIRMED,6.199,00
9357,op-debdaed6a7af,CONFIRMED,6.2,00
9358,op-5dc8a4743c09,CONFIRMED,6.208,00
9359,op-a51eefc8cfd2,CONFIRMED,6.217,00
9360,op-95eabfb5d463,CONFIRMED,6.221,00
9361,op-6e94d20a8f37,CONFIRMED,6.279,00
9362,op-c7853020af43,CONFIRMED,6.281,00
9363,op-03b7132b2a3c,CONFIRMED,6.279,00
9364,op-4a60908db096,CONFIRMED,6.28,00
9365,op-d5b8083ebc67,CONFIRMED,6.281,00
9366,op-0a65770859a2,CONFIRMED,6.288,00
9367,op-43f5a72d3ee2,CONFIRMED,6.288,00
9368,op-abc47ffaae59,CONFIRMED,6.278,00
9369,op-a5236d499a7a,CONFIRMED,6.291,00
9370,op-4e702549e472,CONFIRMED,6.298,00
9371,op-23430dee2794,CONFIRMED,6.306,00
9372,op-59d51e829389,CONFIRMED,6.305,00
9373,op-7072fdb72a38,CONFIRMED,6.326,00
9374,op-33959d490489,CONFIRMED,6.296,00
9375,op-2d453f11b892,CONFIRMED,6.294,00
9376,op-fad7609eae15,CONFIRMED,6.292,00
9377,op-4d5264107ec2,CONFIRMED,6.305,00
9378,op-809cc1cc2d98,CONFIRMED,6.304,00
9379,op-39824f44cacb,CONFIRMED,6.301,00
9380,op-83a2dac7db46,CONFIRMED,6.298,00
9381,op-eeb935186659,CONFIRMED,6.312,00
9382,op-7256e67fa086,CONFIRMED,6.304,00
9383,op-db5554627dd5,CONFIRMED,6.294,00
9384,op-57c9805ee40f,CONFIRMED,6.314,00
9385,op-f52b9d931265,CONFIRMED,6.315,00
9386,op-b70a09470ac9,CONFIRMED,6.324,00
9387,op-1cae71a19de4,CONFIRMED,6.303,00
9388,op-09224225c889,CONFIRMED,6.295,00
9389,op-30f7283e495a,CONFIRMED,6.295,00
9390,op-532e71675493,CONFIRMED,6.273,00
9391,op-ea764b1b8b42,CONFIRMED,6.262,00
9392,op-26e21c88cef1,CONFIRMED,6.281,00
9393,op-577ac7ce40e7,CONFIRMED,6.279,00
9394,op-a67bec7274b3,CONFIRMED,6.3,00
9395,op-907020596598,CONFIRMED,6.287,00
9396,op-026c4046b36e,CONFIRMED,6.299,00
9397,op-73700d603fe4,CONFIRMED,6.278,00
9398,op-724524826524,CONFIRMED,6.267,00
9399,op-781df1b58d07,CONFIRMED,6.281,00
9400,op-875307a35a5f,CONFIRMED,6.272,00
9401,op-25714783d0e1,CONFIRMED,6.284,00
9402,op-bc6b97986093,CONFIRMED,6.284,00
9403,op-2a4bc072a33e,CONFIRMED,6.283,00
9404,op-45fb9445cbc9,CONFIRMED,6.286,00
9405,op-b8142b22daa1,CONFIRMED,6.286,00
9406,op-f8e62977d92c,CONFIRMED,6.286,00
9407,op-2ceba547cb54,CONFIRMED,6.285,00
9408,op-f7233ffad730,CONFIRMED,6.286,00
9409,op-b414500901d7,CONFIRMED,6.301,00
9410,op-69de9607c13f,CONFIRMED,6.285,00
9411,op-abe38c5a5511,CONFIRMED,6.271,00
9412,op-16191f69f2c6,CONFIRMED,6.271,00
9413,op-ca5bf165cd0f,CONFIRMED,6.283,00
9414,op-a314574bdfa8,CONFIRMED,6.281,00
9415,op-724e66639ec7,CONFIRMED,6.301,00
9416,op-9295ea0784af,CONFIRMED,6.3,00
9417,op-6f9dd9cc75e1,CONFIRMED,6.298,00
9418,op-7e0427d5cfa3,CONFIRMED,6.306,00
9419,op-48bf47aadbed,CONFIRMED,6.314,00
9420,op-ec590b9e7b2b,CONFIRMED,6.303,00
9421,op-b01a4696b85e,CONFIRMED,6.304,00
9422,op-84934e3f0a23,CONFIRMED,6.324,00
9423,op-01cd98567aee,CONFIRMED,6.331,00
9424,op-ed27a94e14cd,CONFIRMED,6.343,00
9425,op-8d99866f2b77,CONFIRMED,6.353,00
9426,op-16c671f68c5c,CONFIRMED,6.341,00
9427,op-31f5deaadc95,CONFIRMED,6.33,00
9428,op-b9cbccd11aef,CONFIRMED,6.312,00
9429,op-67da33e567ac,CONFIRMED,6.316,00
9430,op-e3a900f741ef,CONFIRMED,6.321,00
9431,op-f279ce101861,CONFIRMED,6.323,00
9432,op-94470a163527,CONFIRMED,6.339,00
9433,op-f4b22d17de40,CONFIRMED,6.324,00
9434,op-bdd68fee8000,CONFIRMED,6.322,00
9435,op-d9bcfbe47c6c,CONFIRMED,6.318,00
9436,op-68c029949ef8,CONFIRMED,6.329,00
9437,op-31436ba55d1d,CONFIRMED,6.33,00
9438,op-17e7e4b44219,CONFIRMED,6.328,00
9439,op-e65898f22a00,CONFIRMED,6.326,00
9440,op-f62aba4bdfd5,CONFIRMED,6.347,00
9441,op-a2bdfd8c06ee,CONFIRMED,6.333,00
9442,op-2fedbfa0d5b3,CONFIRMED,6.332,00
9443,op-d2d131dbe780,CONFIRMED,6.307,00
9444,op-4c2b712c6dbe,CONFIRMED,6.327,00
9445,op-d915012a4059,CONFIRMED,6.326,00
9446,op-3288573599a3,CONFIRMED,6.346,00
9447,op-9dbdd8ab4c9e,CONFIRMED,6.355,00
9448,op-76033be1ace8,CONFIRMED,6.339,00
9449,op-61d2f54173ef,CONFIRMED,6.337,00
9450,op-8bfc4c5bd1f6,CONFIRMED,6.354,00
9451,op-3ba9b1322a7e,CONFIRMED,6.355,00
9452,op-240bc25a3ca6,CONFIRMED,6.351,00
9453,op-033f05312733,CONFIRMED,6.348,00
9454,op-8d69e331ea72,CONFIRMED,6.33,00
9455,op-48cc8c53a238,CONFIRMED,6.321,00
9456,op-908ea2b9de20,CONFIRMED,6.311,00
9457,op-c73ee9ec7057,CONFIRMED,6.326,00
9458,op-7d45acfceb1d,CONFIRMED,6.325,00
9459,op-023d68e96dba,CONFIRMED,6.311,00
9460,op-7a8572d6c06b,CONFIRMED,6.302,00
9461,op-e288d4f7661a,CONFIRMED,6.29,00
9462,op-f27d9896c038,CONFIRMED,6.286,00
9463,op-28f28ff31060,CONFIRMED,6.287,00
9464,op-f8a76d2b3df9,CONFIRMED,6.308,00
9465,op-5135f1ebfeda,CONFIRMED,6.309,00
9466,op-63f348e66736,CONFIRMED,6.324,00
9467,op-aecce22b8c49,CONFIRMED,6.326,00
9468,op-b0dd1e71784d,CONFIRMED,6.329,00
9469,op-6b69848800f3,CONFIRMED,6.331,00
9470,op-0f16d66ad8eb,CONFIRMED,6.334,00
9471,op-925091a64b01,CONFIRMED,6.348,00
9472,op-709c4150b795,CONFIRMED,6.323,00
9473,op-ebf35a299d49,CONFIRMED,6.299,00
9474,op-5a57e687a145,CONFIRMED,6.298,00
9475,op-3fe8a1a49412,CONFIRMED,6.264,00
9476,op-ba72044c7ded,CONFIRMED,6.261,00
9477,op-e9ec1ba966a2,CONFIRMED,6.266,00
9478,op-c62f660f1c54,CONFIRMED,6.259,00
9479,op-13a7b2b53ec3,CONFIRMED,6.255,00
9480,op-ba1195b4c3bf,CONFIRMED,6.254,00
9481,op-f1509026b3ea,CONFIRMED,6.271,00
9482,op-f7a01ecb4063,CONFIRMED,6.274,00
9483,op-05181491df98,CONFIRMED,6.272,00
9484,op-700dc6fc6a78,CONFIRMED,6.258,00
9485,op-d819fd6c1df0,CONFIRMED,6.274,00
9486,op-39f15931a41d,CONFIRMED,6.282,00
9487,op-146be7677dfa,CONFIRMED,6.276,00
9488,op-2b2b0928acb9,CONFIRMED,6.274,00
9489,op-6f267a3f5a46,CONFIRMED,6.277,00
9490,op-6ee2a46962c3,CONFIRMED,6.297,00
9491,op-9119659c7cd5,CONFIRMED,6.308,00
9492,op-f7fd8e47c919,CONFIRMED,6.294,00
9493,op-112d5d7428e3,CONFIRMED,6.298,00
9494,op-8a7d6b69080f,CONFIRMED,6.297,00
9495,op-30de7fd1dd8e,CONFIRMED,6.276,00
9496,op-ca2b28ac1d6e,CONFIRMED,6.278,00
9497,op-caac5a8263fb,CONFIRMED,6.286,00
9498,op-f93335f9e195,CONFIRMED,6.285,00
9499,op-4b214359db5a,CONFIRMED,6.282,00
9500,op-d5cf7dc24cac,CONFIRMED,6.609,00
9501,op-df30be499f83,CONFIRMED,6.61,00
9502,op-44be27fea5ec,CONFIRMED,6.611,00
9503,op-c83a13d6661a,CONFIRMED,6.612,00
9504,op-c9d0d79c0ce4,CONFIRMED,6.61,00
9505,op-4a302f1123b2,CONFIRMED,6.608,00
9506,op-718ad26fcaf5,CONFIRMED,6.607,00
9507,op-4ff310e81bf3,CONFIRMED,6.606,00
9508,op-b1bce38832f4,CONFIRMED,6.594,00
9509,op-ed0f22e81404,CONFIRMED,6.594,00
9510,op-33f497684767,CONFIRMED,6.587,00
9511,op-49cd48b4b125,CONFIRMED,6.579,00
9512,op-d5bdb901c794,CONFIRMED,6.579,00
9513,op-6e09839acccc,CONFIRMED,6.562,00
9514,op-9709b62a5bd9,CONFIRMED,6.552,00
9515,op-7a46d6a59fd4,CONFIRMED,6.55,00
9516,op-742a04edf3ff,CONFIRMED,6.549,00
9517,op-b7773fe3c8a0,CONFIRMED,6.551,00
9518,op-2aa5c546823e,CONFIRMED,6.535,00
9519,op-bb91927b76e1,CONFIRMED,6.553,00
9520,op-f022c3c9104a,CONFIRMED,6.556,00
9521,op-ecff6be183e4,CONFIRMED,6.557,00
9522,op-096e30a777f5,CONFIRMED,6.557,00
9523,op-0ff96f8e2c2b,CONFIRMED,6.536,00
9524,op-4cec9427cc85,CONFIRMED,6.526,00
9525,op-188f8b3d7240,CONFIRMED,6.519,00
9526,op-3e0dd8826470,CONFIRMED,6.518,00
9527,op-7ef036d8f47e,CONFIRMED,6.518,00
9528,op-6fc377d823a2,CONFIRMED,6.528,00
9529,op-165dacb950fc,CONFIRMED,6.537,00
9530,op-bde18032d184,CONFIRMED,6.535,00
9531,op-88f796e42b61,CONFIRMED,6.535,00
9532,op-3f79f9a532a2,CONFIRMED,6.553,00
9533,op-1052eb83e1e9,CONFIRMED,6.539,00
9534,op-ca3a9a2c8229,CONFIRMED,6.514,00
9535,op-d1b6ac5db5fc,CONFIRMED,6.517,00
9536,op-ae8939eb8141,CONFIRMED,6.517,00
9537,op-411136a8afd4,CONFIRMED,6.518,00
9538,op-eaab6f3a0164,CONFIRMED,6.518,00
9539,op-4e5245093126,CONFIRMED,6.517,00
9540,op-229d539987f7,CONFIRMED,6.517,00
9541,op-bdcda81650fa,CONFIRMED,6.532,00
9542,op-85aed1d8abf0,CONFIRMED,6.529,00
9543,op-ee24977addb4,CONFIRMED,6.527,00
9544,op-e2174856a55a,CONFIRMED,6.538,00
9545,op-c8aef10787d2,CONFIRMED,6.538,00
9546,op-552dd9a3c87f,CONFIRMED,6.526,00
9547,op-04cf4d7fda2f,CONFIRMED,6.515,00
9548,op-c87c837563a2,CONFIRMED,6.513,00
9549,op-df4b0864257c,CONFIRMED,6.512,00
9550,op-cc4edb737900,CONFIRMED,6.524,00
9551,op-99f593429e28,CONFIRMED,6.503,00
9552,op-952ce1828225,CONFIRMED,6.513,00
9553,op-ec92fcfec213,CONFIRMED,6.504,00
9554,op-ed9f4884dc22,CONFIRMED,6.52,00
9555,op-d252a5596097,CONFIRMED,6.518,00
9556,op-5f6fbb2d5b25,CONFIRMED,6.52,00
9557,op-166cd9da3aef,CONFIRMED,6.521,00
9558,op-7b3d4eda87d1,CONFIRMED,6.52,00
9559,op-528e4eaf725a,CONFIRMED,6.52,00
9560,op-5da79f18be9f,CONFIRMED,6.52,00
9561,op-843b400b756d,CONFIRMED,6.523,00
9562,op-0545db446845,CONFIRMED,6.523,00
9563,op-170fb8e0cf13,CONFIRMED,6.538,00
9564,op-4dc4afeb8239,CONFIRMED,6.541,00
9565,op-ffe392ab5201,CONFIRMED,6.56,00
9566,op-c6ecb2640819,CONFIRMED,6.563,00
9567,op-129d08eac64d,CONFIRMED,6.546,00
9568,op-0a0256a1c887,CONFIRMED,6.551,00
9569,op-642df457b274,CONFIRMED,6.561,00
9570,op-463e7dd20f49,CONFIRMED,6.552,00
9571,op-97ad49a0c390,CONFIRMED,6.569,00
9572,op-99c79591d8d8,CONFIRMED,6.576,00
9573,op-ec731678d75e,CONFIRMED,6.584,00
9574,op-5c54f77eef99,CONFIRMED,6.583,00
9575,op-c8181e49e6cb,CONFIRMED,6.588,00
9576,op-9f7b2bec2d28,CONFIRMED,6.589,00
9577,op-5a7d2afb4975,CONFIRMED,6.593,00
9578,op-c4794ba42c5a,CONFIRMED,6.604,00
9579,op-a065373ec704,CONFIRMED,6.613,00
9580,op-475b3626cf3d,CONFIRMED,6.604,00
9581,op-265a3d934efb,CONFIRMED,6.582,00
9582,op-834605fb6fe0,CONFIRMED,6.584,00
9583,op-62a967755603,CONFIRMED,6.582,00
9584,op-48646d357a17,CONFIRMED,6.601,00
9585,op-af70b63faee8,CONFIRMED,6.612,00
9586,op-2faac549c11a,CONFIRMED,6.607,00
9587,op-31989e2c4683,CONFIRMED,6.614,00
9588,op-60ec9e72178e,CONFIRMED,6.635,00
9589,op-056b0dc5b2b3,CONFIRMED,6.624,00
9590,op-5f028c899e6f,CONFIRMED,6.643,00
9591,op-e902b8b0337f,CONFIRMED,6.653,00
9592,op-86595c31164b,CONFIRMED,6.652,00
9593,op-0b2b868f8595,CONFIRMED,6.653,00
9594,op-377826337933,CONFIRMED,6.649,00
9595,op-f0217625db7a,CONFIRMED,6.637,00
9596,op-6f58017e514a,CONFIRMED,6.635,00
9597,op-142b5eef0ce4,CONFIRMED,6.633,00
9598,op-b6845387c858,CONFIRMED,6.622,00
9599,op-c706e3e0b4d7,CONFIRMED,6.618,00
9600,op-8d854138e2ef,CONFIRMED,6.628,00
9601,op-96a4c97ff8ba,CONFIRMED,6.612,00
9602,op-da4d97c678e1,CONFIRMED,6.609,00
9603,op-0e803341f531,CONFIRMED,6.604,00
9604,op-8c340228b08c,CONFIRMED,6.596,00
9605,op-0798fc5677ba,CONFIRMED,6.588,00
9606,op-12e14db1ccb0,CONFIRMED,6.589,00
9607,op-249641788abf,CONFIRMED,6.591,00
9608,op-efac837d555d,CONFIRMED,6.592,00
9609,op-5c9aad6446c3,CONFIRMED,6.594,00
9610,op-946b08508f9e,CONFIRMED,6.609,00
9611,op-7c2137cf69e9,CONFIRMED,6.619,00
9612,op-0c327c57889c,CONFIRMED,6.605,00
9613,op-317d06134c65,CONFIRMED,6.606,00
9614,op-e8ab95d44801,CONFIRMED,6.605,00
9615,op-f3d1ee1753df,CONFIRMED,6.605,00
9616,op-d78cf2080ec9,CONFIRMED,6.585,00
9617,op-83888e54bc73,CONFIRMED,6.578,00
9618,op-ef947ae0b3f4,CONFIRMED,6.578,00
9619,op-680cbb9531ec,CONFIRMED,6.592,00
9620,op-d7f4239123d4,CONFIRMED,6.607,00
9621,op-5bcaa200d35b,CONFIRMED,6.62,00
9622,op-3bc387258276,CONFIRMED,6.619,00
9623,op-6d4fca8d4c81,CONFIRMED,6.62,00
9624,op-ded15d93feb3,CONFIRMED,6.61,00
9625,op-5408c26efbcc,CONFIRMED,6.632,00
9626,op-336aed354eb6,CONFIRMED,6.632,00
9627,op-36e00180365e,CONFIRMED,6.617,00
9628,op-d881665a7983,CONFIRMED,6.616,00
9629,op-2682ff28c99d,CONFIRMED,6.615,00
9630,op-df1d11ea677b,CONFIRMED,6.627,00
9631,op-89635377b874,CONFIRMED,6.643,00
9632,op-c483f5321fb5,CONFIRMED,6.642,00
9633,op-92060080c73b,CONFIRMED,6.638,00
9634,op-a98e88ac38d2,CONFIRMED,6.636,00
9635,op-1df7a25be9d9,CONFIRMED,6.636,00
9636,op-bd31e4357578,CONFIRMED,6.64,00
9637,op-6046f11dceed,CONFIRMED,6.649,00
9638,op-aafde71164ca,CONFIRMED,6.646,00
9639,op-65d2e0fc069a,CONFIRMED,6.639,00
9640,op-1c436e8d4252,CONFIRMED,6.645,00
9641,op-45ce11118c21,CONFIRMED,6.627,00
9642,op-805c1fbfa5d3,CONFIRMED,6.616,00
9643,op-c36a9171300e,CONFIRMED,6.611,00
9644,op-a1381c38fcab,CONFIRMED,6.612,00
9645,op-a4757f776a07,CONFIRMED,6.612,00
9646,op-4e31ca1e808e,CONFIRMED,6.635,00
9647,op-6381fe371a9b,CONFIRMED,6.612,00
9648,op-8fb23748e8b4,CONFIRMED,6.625,00
9649,op-0d29ec437fd8,CONFIRMED,6.638,00
9650,op-5ff175b5eec9,CONFIRMED,6.647,00
9651,op-9af36315e360,CONFIRMED,6.629,00
9652,op-a87b751f4338,CONFIRMED,6.629,00
9653,op-6b6f0053fb0a,CONFIRMED,6.631,00
9654,op-026def1ee711,CONFIRMED,6.629,00
9655,op-7d8f83e9d813,CONFIRMED,6.613,00
9656,op-e3eba61ce50c,CONFIRMED,6.615,00
9657,op-b801133f3b00,CONFIRMED,6.627,00
9658,op-2c00b652c1c5,CONFIRMED,6.615,00
9659,op-3d84ed02af67,CONFIRMED,6.621,00
9660,op-ed6b5e12373b,CONFIRMED,6.613,00
9661,op-8f038d1fc5f6,CONFIRMED,6.63,00
9662,op-a6ef2b631c15,CONFIRMED,6.639,00
9663,op-5bcdc08dc250,CONFIRMED,6.639,00
9664,op-36b1251e108c,CONFIRMED,6.635,00
9665,op-b1a2dc6d6d2e,CONFIRMED,6.637,00
9666,op-16a8794c5115,CONFIRMED,6.646,00
9667,op-1721ee4bb79b,CONFIRMED,6.667,00
9668,op-06b85a7173b1,CONFIRMED,6.666,00
9669,op-c183dcead38e,CONFIRMED,6.664,00
9670,op-a9b57b2eb276,CONFIRMED,6.664,00
9671,op-630aa3806848,CONFIRMED,6.658,00
9672,op-703b58a22e82,CONFIRMED,6.657,00
9673,op-1dcbf163428f,CONFIRMED,6.677,00
9674,op-8e924d07bacd,CONFIRMED,6.675,00
9675,op-e982cbfc645d,CONFIRMED,6.694,00
9676,op-8bc697b63d61,CONFIRMED,6.69,00
9677,op-0a32cd0d925c,CONFIRMED,6.705,00
9678,op-17977d3b8762,CONFIRMED,6.689,00
9679,op-448a039b2e24,CONFIRMED,6.706,00
9680,op-db61a1de3683,CONFIRMED,6.689,00
9681,op-4920e3901a20,CONFIRMED,6.688,00
9682,op-92394069c4a0,CONFIRMED,6.682,00
9683,op-d03c4647b760,CONFIRMED,6.678,00
9684,op-1f266c089aa7,CONFIRMED,6.687,00
9685,op-e70393e5a906,CONFIRMED,6.697,00
9686,op-2a5118f530f1,CONFIRMED,6.675,00
9687,op-1cadf833ac54,CONFIRMED,6.664,00
9688,op-04febcce0b08,CONFIRMED,6.659,00
9689,op-5ccff4fab735,CONFIRMED,6.646,00
9690,op-d905031fb288,CONFIRMED,6.657,00
9691,op-55dc3e15b5e0,CONFIRMED,6.65,00
9692,op-9a3259076c95,CONFIRMED,6.649,00
9693,op-5e9dc684ce92,CONFIRMED,6.632,00
9694,op-d25e48d04f5e,CONFIRMED,6.608,00
9695,op-64302edf2e83,CONFIRMED,6.601,00
9696,op-249d4326c5a3,CONFIRMED,6.589,00
9697,op-75fcd141d21f,CONFIRMED,6.587,00
9698,op-875700a91ce8,CONFIRMED,6.584,00
9699,op-ec6c3179e8e1,CONFIRMED,6.6,00
9700,op-75d4f46e804e,CONFIRMED,6.58,00
9701,op-bdc7bc4e9538,CONFIRMED,6.576,00
9702,op-ebdb9d280b79,CONFIRMED,6.571,00
9703,op-596fabe1a295,CONFIRMED,6.55,00
9704,op-2b86ae5b1030,CONFIRMED,6.526,00
9705,op-b90283f8fff5,CONFIRMED,6.526,00
9706,op-d0c0ff91544a,CONFIRMED,6.53,00
9707,op-c7cd57087c94,CONFIRMED,6.527,00
9708,op-1e1394ad9d78,CONFIRMED,6.522,00
9709,op-742fd7d46c06,CONFIRMED,6.519,00
9710,op-051c2fbe8212,CONFIRMED,6.522,00
9711,op-b12fd397c8ed,CONFIRMED,6.518,00
9712,op-f0057b6f1952,CONFIRMED,6.491,00
9713,op-3b3a532036a4,CONFIRMED,6.497,00
9714,op-7ddac258c51f,CONFIRMED,6.505,00
9715,op-926b6738b5a4,CONFIRMED,6.486,00
9716,op-cd7614919fc9,CONFIRMED,6.498,00
9717,op-a2565dc587fd,CONFIRMED,6.496,00
9718,op-605f7dfbdb44,CONFIRMED,6.473,00
9719,op-3d650b1eec0d,CONFIRMED,6.474,00
9720,op-c7a48d3d85b0,CONFIRMED,6.458,00
9721,op-30d2cdce52be,CONFIRMED,6.45,00
9722,op-904852dac00d,CONFIRMED,6.441,00
9723,op-4ccc8ac1679d,CONFIRMED,6.438,00
9724,op-28ba4bc404c5,CONFIRMED,6.434,00
9725,op-8ce5631da52b,CONFIRMED,6.414,00
9726,op-636cdb6f3fb6,CONFIRMED,6.398,00
9727,op-aa37c40a2b60,CONFIRMED,6.377,00
9728,op-07c973eebab9,CONFIRMED,6.351,00
9729,op-cbb84ff8cd49,CONFIRMED,6.346,00
9730,op-875358dcf2a8,CONFIRMED,6.364,00
9731,op-abe9f05d09a2,CONFIRMED,6.361,00
9732,op-9a6d78f679e0,CONFIRMED,6.36,00
9733,op-f57d29311c12,CONFIRMED,6.359,00
9734,op-a9e210af7c58,CONFIRMED,6.353,00
9735,op-99bfd736b24c,CONFIRMED,6.35,00
9736,op-82e6e21a4804,CONFIRMED,6.358,00
9737,op-4998360012f0,CONFIRMED,6.343,00
9738,op-320ccebf154d,CONFIRMED,6.342,00
9739,op-aa8ff8615d3b,CONFIRMED,6.341,00
9740,op-b6001ee8f351,CONFIRMED,6.339,00
9741,op-8d502b2965b0,CONFIRMED,6.355,00
9742,op-0ced04d11f3f,CONFIRMED,6.355,00
9743,op-68cc01a5efda,CONFIRMED,6.356,00
9744,op-122ae08d7261,CONFIRMED,6.341,00
9745,op-8c50e03e97c4,CONFIRMED,6.333,00
9746,op-99275dcb0385,CONFIRMED,6.318,00
9747,op-2431fef140a5,CONFIRMED,6.33,00
9748,op-227fe9e5f524,CONFIRMED,6.338,00
9749,op-8bd5898f8519,CONFIRMED,6.317,00
9750,op-1714b90b5d24,CONFIRMED,6.315,00
9751,op-3f23c47c3b06,CONFIRMED,6.313,00
9752,op-ef675f94f580,CONFIRMED,6.326,00
9753,op-dd63143dc558,CONFIRMED,6.331,00
9754,op-0fb151fe0704,CONFIRMED,6.324,00
9755,op-b7b5f3381884,CONFIRMED,6.322,00
9756,op-39b0f23b78b9,CONFIRMED,6.324,00
9757,op-967123c587d0,CONFIRMED,6.325,00
9758,op-34a740587c98,CONFIRMED,6.323,00
9759,op-e63001a96a56,CONFIRMED,6.331,00
9760,op-29604bebd184,CONFIRMED,6.329,00
9761,op-bb6b50b75f72,CONFIRMED,6.332,00
9762,op-cfd9dff67e28,CONFIRMED,6.322,00
9763,op-51444a7e59ad,CONFIRMED,6.321,00
9764,op-7502f268e41a,CONFIRMED,6.331,00
9765,op-8fef73ec179d,CONFIRMED,6.339,00
9766,op-2095e3f6349c,CONFIRMED,6.341,00
9767,op-ec062acd8878,CONFIRMED,6.342,00
9768,op-9eed19a8e76a,CONFIRMED,6.342,00
9769,op-28bdc204954e,CONFIRMED,6.324,00
9770,op-3036a6126bb2,CONFIRMED,6.325,00
9771,op-b19d649e7402,CONFIRMED,6.327,00
9772,op-b82842673bc6,CONFIRMED,6.325,00
9773,op-7b833782e71e,CONFIRMED,6.34,00
9774,op-db40b6baa266,CONFIRMED,6.331,00
9775,op-d68c511313d3,CONFIRMED,6.347,00
9776,op-df4cd1b37989,CONFIRMED,6.357,00
9777,op-be8d53ce647e,CONFIRMED,6.358,00
9778,op-e05261e10678,CONFIRMED,6.342,00
9779,op-54b58f08e780,CONFIRMED,6.353,00
9780,op-d32c652f7780,CONFIRMED,6.357,00
9781,op-f24c8b5f81a7,CONFIRMED,6.333,00
9782,op-4b035a9cfd6e,CONFIRMED,6.326,00
9783,op-da4ae9afa09b,CONFIRMED,6.317,00
9784,op-851ff49b63d7,CONFIRMED,6.332,00
9785,op-d8c350c127fe,CONFIRMED,6.332,00
9786,op-40a0ba64e27c,CONFIRMED,6.332,00
9787,op-2de5ab25a918,CONFIRMED,6.342,00
9788,op-15e411ad7b71,CONFIRMED,6.33,00
9789,op-275deaad5683,CONFIRMED,6.345,00
9790,op-6f9d599e64ca,CONFIRMED,6.34,00
9791,op-22380c1b8f9b,CONFIRMED,6.318,00
9792,op-17d566c93e95,CONFIRMED,6.296,00
9793,op-88107efab0f3,CONFIRMED,6.315,00
9794,op-fc54d8cbd62a,CONFIRMED,6.315,00
9795,op-9ec38c865408,CONFIRMED,6.315,00
9796,op-4bd94ba1708a,CONFIRMED,6.318,00
9797,op-3244a0642b07,CONFIRMED,6.323,00
9798,op-0cf288e28def,CONFIRMED,6.327,00
9799,op-aeac1583c117,CONFIRMED,6.324,00
9800,op-64f4cdc3cd52,CONFIRMED,6.323,00
9801,op-32a072df6fb0,CONFIRMED,6.323,00
9802,op-afa21271e541,CONFIRMED,6.312,00
9803,op-b1e1459eb998,CONFIRMED,6.332,00
9804,op-ebf595b73ff8,CONFIRMED,6.333,00
9805,op-4d821a3b0cbb,CONFIRMED,6.323,00
9806,op-3db69fd9c782,CONFIRMED,6.31,00
9807,op-002b6872f9e5,CONFIRMED,6.325,00
9808,op-e608d18170c9,CONFIRMED,6.325,00
9809,op-95eba08a5080,CONFIRMED,6.328,00
9810,op-207519dbb004,CONFIRMED,6.329,00
9811,op-5f3d494a90c6,CONFIRMED,6.342,00
9812,op-cd49242fe465,CONFIRMED,6.344,00
9813,op-8b71a1de2d72,CONFIRMED,6.326,00
9814,op-9414b593c905,CONFIRMED,6.317,00
9815,op-4b6f6eaf330d,CONFIRMED,6.316,00
9816,op-17121b7bfd4f,CONFIRMED,6.317,00
9817,op-9c192f539f36,CONFIRMED,6.324,00
9818,op-9f5ce85a2e86,CONFIRMED,6.327,00
9819,op-8b3b0c580287,CONFIRMED,6.339,00
9820,op-c71aba308744,CONFIRMED,6.349,00
9821,op-8e4214dd11a9,CONFIRMED,6.35,00
9822,op-9f64bb8de0f8,CONFIRMED,6.337,00
9823,op-f40f8bebbc5a,CONFIRMED,6.329,00
9824,op-a766b5698934,CONFIRMED,6.32,00
9825,op-8514d611fd86,CONFIRMED,6.313,00
9826,op-afd21ca87c0b,CONFIRMED,6.316,00
9827,op-a97240574a1a,CONFIRMED,6.307,00
9828,op-ce2b7047e7fd,CONFIRMED,6.307,00
9829,op-276981e44121,CONFIRMED,6.319,00
9830,op-099cc344bed5,CONFIRMED,6.329,00
9831,op-66d5fa58c780,CONFIRMED,6.323,00
9832,op-a14c2b4cd499,CONFIRMED,6.333,00
9833,op-a8c475be8c78,CONFIRMED,6.341,00
9834,op-c43a51961137,CONFIRMED,6.348,00
9835,op-9fd21bd49fea,CONFIRMED,6.341,00
9836,op-177715a74e2e,CONFIRMED,6.34,00
9837,op-ccc803bcf987,CONFIRMED,6.357,00
9838,op-81e586b0a640,CONFIRMED,6.363,00
9839,op-05b36be68836,CONFIRMED,6.37,00
9840,op-f333c381e6aa,CONFIRMED,6.381,00
9841,op-c45be52603b8,CONFIRMED,6.382,00
9842,op-af86b57e7855,CONFIRMED,6.384,00
9843,op-0ec727d09337,CONFIRMED,6.382,00
9844,op-b6975e5b2d30,CONFIRMED,6.382,00
9845,op-a055dbd2dfeb,CONFIRMED,6.369,00
9846,op-466ea1546f3f,CONFIRMED,6.374,00
9847,op-fd6cec33e3e8,CONFIRMED,6.368,00
9848,op-77879d023d05,CONFIRMED,6.369,00
9849,op-2a7436781707,CONFIRMED,6.361,00
9850,op-f82d87aee1bd,CONFIRMED,6.371,00
9851,op-b34871356b32,CONFIRMED,6.378,00
9852,op-466934e54c54,CONFIRMED,6.378,00
9853,op-d4c5e254a242,CONFIRMED,6.371,00
9854,op-bc5b142ffd11,CONFIRMED,6.379,00
9855,op-aa6417bbffe2,CONFIRMED,6.376,00
9856,op-3322bfd85f78,CONFIRMED,6.374,00
9857,op-9e9f509d4879,CONFIRMED,6.371,00
9858,op-211b23d84f01,CONFIRMED,6.37,00
9859,op-162184088e02,CONFIRMED,6.386,00
9860,op-71e18da99620,CONFIRMED,6.396,00
9861,op-918e93de3c1a,CONFIRMED,6.383,00
9862,op-b4fce04e4cbc,CONFIRMED,6.396,00
9863,op-aab8ba693659,CONFIRMED,6.378,00
9864,op-608a2c6c2cde,CONFIRMED,6.368,00
9865,op-90d07969af42,CONFIRMED,6.367,00
9866,op-07b4e8293bb8,CONFIRMED,6.347,00
9867,op-6b9c5a3feeb1,CONFIRMED,6.345,00
9868,op-bb08f80d1d81,CONFIRMED,6.345,00
9869,op-26464cd2c97c,CONFIRMED,6.343,00
9870,op-9ca2ccb27e50,CONFIRMED,6.344,00
9871,op-2994d3fe18c2,CONFIRMED,6.343,00
9872,op-f2308c84d3ae,CONFIRMED,6.334,00
9873,op-18fcb0528056,CONFIRMED,6.343,00
9874,op-2a5d0ff0a9c8,CONFIRMED,6.343,00
9875,op-752938450a78,CONFIRMED,6.342,00
9876,op-20496bf0b1fc,CONFIRMED,6.357,00
9877,op-21d7839c99d8,CONFIRMED,6.357,00
9878,op-5608c623c557,CONFIRMED,6.341,00
9879,op-1fe5c7f08fbc,CONFIRMED,6.353,00
9880,op-2c3b4b6d076a,CONFIRMED,6.36,00
9881,op-b28fdb2f4054,CONFIRMED,6.369,00
9882,op-418e192903c8,CONFIRMED,6.354,00
9883,op-1d03276afcc6,CONFIRMED,6.359,00
9884,op-1bbbceb11fa5,CONFIRMED,6.355,00
9885,op-2eeaede4d007,CONFIRMED,6.338,00
9886,op-bc4082bb9540,CONFIRMED,6.352,00
9887,op-be1b0989b47d,CONFIRMED,6.349,00
9888,op-33ae368c528c,CONFIRMED,6.367,00
9889,op-929c1b5709d3,CONFIRMED,6.364,00
9890,op-eff45871930a,CONFIRMED,6.348,00
9891,op-af9ff98b7358,CONFIRMED,6.328,00
9892,op-abc7fdac28cf,CONFIRMED,6.328,00
9893,op-f9b6670b7562,CONFIRMED,6.318,00
9894,op-8fc037226e4c,CONFIRMED,6.306,00
9895,op-ba4a8c30bd5f,CONFIRMED,6.32,00
9896,op-8681ce418a97,CONFIRMED,6.323,00
9897,op-5318645ea174,CONFIRMED,6.325,00
9898,op-5d79154aca34,CONFIRMED,6.323,00
9899,op-767e39a8c080,CONFIRMED,6.342,00
9900,op-f2ac69d4bad3,CONFIRMED,6.352,00
9901,op-4eb072af45fa,CONFIRMED,6.356,00
9902,op-ae98ae35dae0,CONFIRMED,6.343,00
9903,op-dacdfe87a6c8,CONFIRMED,6.342,00
9904,op-5d5913dbadf2,CONFIRMED,6.34,00
9905,op-3ca090b1735b,CONFIRMED,6.339,00
9906,op-16e6880de3f3,CONFIRMED,6.317,00
9907,op-0b65dc31527d,CONFIRMED,6.335,00
9908,op-e9e65de19753,CONFIRMED,6.317,00
9909,op-79dc45e1a4ac,CONFIRMED,6.326,00
9910,op-a3194c19cf02,CONFIRMED,6.33,00
9911,op-78ec07df3189,CONFIRMED,6.329,00
9912,op-2f931694ff87,CONFIRMED,6.35,00
9913,op-5199e9b7315a,CONFIRMED,6.353,00
9914,op-05dda259fbef,CONFIRMED,6.367,00
9915,op-a371c229139f,CONFIRMED,6.367,00
9916,op-4b922fb8987f,CONFIRMED,6.363,00
9917,op-813cb9b4ecc0,CONFIRMED,6.379,00
9918,op-5fb85a0ab31d,CONFIRMED,6.377,00
9919,op-e0998cf54391,CONFIRMED,6.393,00
9920,op-2bdc0bda5764,CONFIRMED,6.401,00
9921,op-f8b82cc37082,CONFIRMED,6.381,00
9922,op-09639abb1ba2,CONFIRMED,6.391,00
9923,op-e0ec01b130f4,CONFIRMED,6.4,00
9924,op-5e2b2865a3ed,CONFIRMED,6.409,00
9925,op-c29c006b8c74,CONFIRMED,6.408,00
9926,op-ad70590d5564,CONFIRMED,6.338,00
9927,op-70aca0f1f58a,CONFIRMED,6.338,00
9928,op-7f74c893fca8,CONFIRMED,6.336,00
9929,op-7b801d2fef73,CONFIRMED,6.334,00
9930,op-326791d4dade,CONFIRMED,6.355,00
9931,op-902ae2d9e5ef,CONFIRMED,6.336,00
9932,op-055b314b1953,CONFIRMED,6.324,00
9933,op-324646d51297,CONFIRMED,6.314,00
9934,op-10b012c7003b,CONFIRMED,6.314,00
9935,op-c58b5f829f87,CONFIRMED,6.3,00
9936,op-e4d4c4517de3,CONFIRMED,6.308,00
9937,op-1f7db39867ea,CONFIRMED,6.316,00
9938,op-4f4f4a1f7fee,CONFIRMED,6.315,00
9939,op-2031a894d6cc,CONFIRMED,6.317,00
9940,op-fe5bf7db09b3,CONFIRMED,6.315,00
9941,op-c42ad170d220,CONFIRMED,6.315,00
9942,op-8e5e95e21b72,CONFIRMED,6.299,00
9943,op-41c0a46d5056,CONFIRMED,6.307,00
9944,op-367469e61297,CONFIRMED,6.292,00
9945,op-ef71b51e31e3,CONFIRMED,6.282,00
9946,op-c7f34845d0ae,CONFIRMED,6.272,00
9947,op-ccdb12027bd3,CONFIRMED,6.262,00
9948,op-b53ae6638f1c,CONFIRMED,6.272,00
9949,op-c5ba12e683a3,CONFIRMED,6.261,00
9950,op-c35de60831e4,CONFIRMED,6.265,00
9951,op-47dce35979d3,CONFIRMED,6.264,00
9952,op-207eb3645539,CONFIRMED,6.284,00
9953,op-c1f9f11da8c3,CONFIRMED,6.261,00
9954,op-b0d354809987,CONFIRMED,6.275,00
9955,op-4975396fbd3d,CONFIRMED,6.262,00
9956,op-4fb6d5da9ec5,CONFIRMED,6.282,00
9957,op-b55499976fe6,CONFIRMED,6.274,00
9958,op-f8e7eeec7295,CONFIRMED,6.266,00
9959,op-5145f36cce1a,CONFIRMED,6.256,00
9960,op-94211ec68aee,CONFIRMED,6.255,00
9961,op-4c9a3e29c28b,CONFIRMED,6.261,00
9962,op-7bb9f82c8f1e,CONFIRMED,6.266,00
9963,op-970edff41ea7,CONFIRMED,6.274,00
9964,op-f3dfd24578c5,CONFIRMED,6.273,00
9965,op-441a5b1ca11b,CONFIRMED,6.265,00
9966,op-297a802f0130,CONFIRMED,6.285,00
9967,op-d743f2a20d73,CONFIRMED,6.285,00
9968,op-e2375c0ad199,CONFIRMED,6.29,00
9969,op-b08f75c5ed15,CONFIRMED,6.28,00
9970,op-2e71b81cfdfa,CONFIRMED,6.276,00
9971,op-637b0a63241b,CONFIRMED,6.284,00
9972,op-10388ee95008,CONFIRMED,6.274,00
9973,op-faf8e2a19a70,CONFIRMED,6.267,00
9974,op-63acb62bc754,CONFIRMED,6.266,00
9975,op-23c1f7b0696d,CONFIRMED,6.263,00
9976,op-53a7d5a16a06,CONFIRMED,6.286,00
9977,op-7901e5b509a1,CONFIRMED,6.296,00
9978,op-8f4feea140f2,CONFIRMED,6.295,00
9979,op-30a1b6581ca5,CONFIRMED,6.297,00
9980,op-fe523e31e889,CONFIRMED,6.308,00
9981,op-75b4487526de,CONFIRMED,6.305,00
9982,op-c5fb82e1673d,CONFIRMED,6.284,00
9983,op-6e4fad7dba2a,CONFIRMED,6.26,00
9984,op-d1f1c6d336b7,CONFIRMED,6.247,00
9985,op-6b5dcf5549d8,CONFIRMED,6.246,00
9986,op-c06b6f3f7ed5,CONFIRMED,6.229,00
9987,op-2fbb86b6c4bc,CONFIRMED,6.237,00
9988,op-194fe6dd6b12,CONFIRMED,6.22,00
9989,op-7dcab2036637,CONFIRMED,6.229,00
9990,op-d7e485537a83,CONFIRMED,6.236,00
9991,op-7933b5457d57,CONFIRMED,6.23,00
9992,op-365c254d59ae,CONFIRMED,6.229,00
9993,op-05fa47851fc9,CONFIRMED,6.218,00
9994,op-951b8d9780f8,CONFIRMED,6.206,00
9995,op-9f1c0e38f559,CONFIRMED,6.218,00
9996,op-c62722a2f756,CONFIRMED,6.217,00
9997,op-d2a0739a5f26,CONFIRMED,6.191,00
9998,op-65c6dde96232,CONFIRMED,6.18,00
9999,op-4a54bfcaad24,CONFIRMED,6.133,00
